Order ID,Order Date,Ship Date,Ship Mode,Customer ID,Customer Name,Segment,Region,State,City,Category,Sub-Category,Product Name,Sales,Quantity,Discount,Profit
ORD-5862,12-03-2024,14-03-2024,Second Class,CUST-1087,Revathi Nair,Home Office,West,Rajasthan,Udaipur,Office Supplies,Paper,Sticky Notes Pack,"? 6,224.7",6,0%,"? 1,840.8"
ORD-6814,14-07-2025,21-07-2025,Standard Class,CUST-1022,Sneha Verma,Corporate,South,Tamil Nadu,Coimbatore,Technology,Phones,Cordless Landline Phone,"? 13,998.9",3,15%,"? 4,302.8"
ORD-5931,24-11-2024,01-12-2024,Same Day,CUST-1009,Anitha Balan,Home Office,North,Haryana,Gurugram,Office Supplies,Storage,Filing Cabinet,"? 8,446.8",8,0%,? 254.8
ORD-6114,01-08-2025,08-08-2025,Same Day,CUST-1086,Ramesh Mahesh,Consumer,West,Maharashtra,Pune,Office Supplies,Paper,Legal Pad,"? 9,576.5",7,0%,"? 3,138.0"
ORD-5497,07-03-2024,12-03-2024,Same Day,CUST-1174,Sneha Rao,Corporate,West,Rajasthan,Jaipur,Furniture,Tables,Adjustable Laptop Table,"? 12,840.5",1,15%,"? 2,444.1"
ORD-6437,31-07-2024,05-08-2024,Standard Class,CUST-1120,Divya Nambiar,Consumer,West,Maharashtra,Mumbai,Technology,Copiers,Desktop Copier,"? 64,723.3",7,15%,"? 6,325.3"
ORD-5168,10-11-2024,11-11-2024,First Class,CUST-1052,Pooja Iyer,Home Office,West,Rajasthan,Jaipur,Office Supplies,Binders,3-Ring Binder,"? 1,440.0",9,0%,? 288.6
ORD-6836,18-12-2024,25-12-2024,Second Class,CUST-1153,Sanjay Nair,Home Office,North,Punjab,Amritsar,Office Supplies,Envelopes,Courier Envelopes,? 759.9,5,30%,? 145.9
ORD-6459,14-10-2025,17-10-2025,Same Day,CUST-1121,Ganesh Varma,Consumer,North,Delhi,New Delhi,Furniture,Tables,Compact Study Table,"? 38,555.3",9,0%,"? 1,015.3"
ORD-5433,18-06-2025,25-06-2025,Standard Class,CUST-1014,Karthik Naidu,Consumer,North,Haryana,Gurugram,Office Supplies,Binders,Clip Binder,"? 3,250.9",4,30%,-? 133.3
ORD-5088,22-09-2025,26-09-2025,Standard Class,CUST-1137,Praveen Kumar,Home Office,West,Maharashtra,Pune,Technology,Machines,Laser Printer,"? 1,39,491.2",8,15%,"? 13,765.7"
ORD-6516,10-09-2025,17-09-2025,Same Day,CUST-1177,Priya Iyer,Home Office,West,Maharashtra,Mumbai,Technology,Phones,Bluetooth Headset,"? 26,217.8",1,10%,"? 2,801.9"
ORD-6455,22-04-2025,27-04-2025,Standard Class,CUST-1113,Sathish Raj,Consumer,West,Gujarat,Vadodara,Technology,Accessories,Mechanical Keyboard,"? 40,660.7",5,20%,"? 8,140.5"
ORD-5596,03-08-2024,08-08-2024,Standard Class,CUST-1039,Naveen Nair,Corporate,East,West Bengal,Kolkata,Furniture,Chairs,Ergo Mesh Office Chair,"? 42,890.4",4,10%,"? 8,678.0"
ORD-6605,13-01-2024,17-01-2024,Second Class,CUST-1028,Anjali Krishnan,Home Office,South,Tamil Nadu,Coimbatore,Office Supplies,Paper,Legal Pad,"? 3,176.7",6,0%,? 596.1
ORD-6571,04-06-2024,06-06-2024,Same Day,CUST-1168,Anitha Sharma,Corporate,West,Gujarat,Vadodara,Technology,Phones,Smartphone A12,"? 1,96,298.6",6,15%,"? 56,231.8"
ORD-5505,02-03-2024,04-03-2024,Second Class,CUST-1196,Revathi Kumar,Corporate,North,Haryana,Faridabad,Office Supplies,Labels,Address Label Pack,"? 2,944.0",6,0%,? 320.4
ORD-5595,07-01-2025,10-01-2025,First Class,CUST-1031,Naveen Naidu,Corporate,North,Delhi,New Delhi,Office Supplies,Envelopes,A4 Envelopes (Pack of 50),"? 9,494.5",9,20%,-? 293.1
ORD-6203,31-05-2025,05-06-2025,Same Day,CUST-1139,Anjali Iyer,Consumer,North,Uttar Pradesh,Kanpur,Office Supplies,Envelopes,A4 Envelopes (Pack of 50),"? 7,001.3",9,10%,"? 1,978.6"
ORD-6592,29-04-2024,04-05-2024,First Class,CUST-1002,Anitha Nair,Home Office,West,Gujarat,Surat,Office Supplies,Binders,Presentation Binder,"? 2,970.7",2,0%,-? 238.3
ORD-5195,25-09-2025,30-09-2025,First Class,CUST-1176,Meena Nambiar,Corporate,East,West Bengal,Howrah,Technology,Machines,Laminating Machine,"? 1,93,612.8",6,0%,"? 3,665.7"
ORD-5051,21-11-2025,22-11-2025,Same Day,CUST-1150,Naveen Rao,Home Office,North,Haryana,Faridabad,Office Supplies,Art,Whiteboard Markers,"? 7,995.5",7,0%,-? 67.0
ORD-6500,11-02-2025,12-02-2025,Same Day,CUST-1168,Anitha Sharma,Corporate,East,Jharkhand,Ranchi,Office Supplies,Storage,Filing Cabinet,"? 2,623.1",3,10%,-? 111.0
ORD-6815,06-12-2025,11-12-2025,Second Class,CUST-1089,Swathi Verma,Corporate,North,Haryana,Gurugram,Technology,Phones,Bluetooth Headset,"? 16,106.0",6,0%,"? 1,386.6"
ORD-5865,11-07-2024,15-07-2024,Second Class,CUST-1137,Praveen Kumar,Home Office,South,Kerala,Kochi,Technology,Copiers,Desktop Copier,"? 1,89,113.2",9,30%,"? 43,205.1"
ORD-6344,16-11-2024,18-11-2024,Standard Class,CUST-1121,Ganesh Varma,Consumer,South,Andhra Pradesh,Visakhapatnam,Office Supplies,Envelopes,A4 Envelopes (Pack of 50),"? 9,938.3",9,0%,-? 986.2
ORD-5620,18-07-2024,21-07-2024,First Class,CUST-1034,Anitha Raj,Corporate,South,Tamil Nadu,Chennai,Office Supplies,Storage,Plastic Storage Box,"? 1,110.5",4,0%,? 253.5
ORD-6080,01-01-2024,05-01-2024,Second Class,CUST-1054,Arjun Subramaniam,Consumer,South,Karnataka,Mysuru,Office Supplies,Labels,Barcode Labels,"? 4,170.3",6,30%,-? 372.7
ORD-5715,20-03-2024,22-03-2024,First Class,CUST-1216,Priya Rao,Consumer,East,West Bengal,Kolkata,Office Supplies,Envelopes,Courier Envelopes,"? 1,221.0",4,20%,-? 34.8
ORD-5381,25-02-2024,29-02-2024,Standard Class,CUST-1105,Meena Naidu,Consumer,West,Maharashtra,Nagpur,Office Supplies,Art,Whiteboard Markers,"? 5,291.1",5,10%,? 95.0
ORD-5831,15-11-2025,20-11-2025,Second Class,CUST-1053,Sanjay Rao,Corporate,North,Punjab,Amritsar,Office Supplies,Envelopes,A4 Envelopes (Pack of 50),"? 9,831.9",7,0%,"? 2,429.4"
ORD-6183,01-10-2024,03-10-2024,Second Class,CUST-1087,Revathi Nair,Home Office,West,Rajasthan,Jaipur,Office Supplies,Paper,Legal Pad,"? 1,530.0",2,40%,-? 206.5
ORD-6219,05-05-2025,10-05-2025,Same Day,CUST-1089,Swathi Verma,Corporate,North,Punjab,Ludhiana,Office Supplies,Labels,Barcode Labels,"? 4,241.5",4,0%,-? 630.3
ORD-5974,17-01-2025,18-01-2025,Second Class,CUST-1164,Meena Subramaniam,Corporate,North,Haryana,Gurugram,Technology,Accessories,Power Bank,"? 45,905.7",3,15%,"? 2,211.8"
ORD-6068,28-10-2024,30-10-2024,Standard Class,CUST-1013,Arjun Subramaniam,Consumer,EAST,Jharkhand,Ranchi,Office Supplies,Envelopes,A4 Envelopes (Pack of 50),"? 1,285.8",2,40%,? 298.2
ORD-6317,26-03-2024,31-03-2024,Second Class,CUST-1042,Pooja Nambiar,Corporate,NORTH,Delhi,New Delhi,Furniture,Furnishings,Desk Lamp,"? 10,727.2",2,0%,"? 3,610.5"
ORD-6097,09-05-2025,11-05-2025,Standard Class,CUST-1121,Ganesh Varma,Consumer,NORTH,Haryana,Gurugram,Technology,Accessories,Power Bank,"? 1,37,974.8",6,20%,"-? 13,644.3"
ORD-5775,02-06-2024,03-06-2024,First Class,CUST-1202,Ishita Reddy,Home Office,North,Uttar Pradesh,Lucknow,Office Supplies,Labels,Barcode Labels,"? 5,058.6",8,40%,? 169.7
ORD-5142,17-11-2025,21-11-2025,First Class,CUST-1076,Lakshmi Naidu,Home Office,North,Haryana,Faridabad,Office Supplies,Storage,Filing Cabinet,"? 4,706.8",5,0%,? 875.7
ORD-5056,19-03-2024,24-03-2024,Same Day,CUST-1126,Ramesh Naidu,Consumer,South,Karnataka,Mysuru,Office Supplies,Envelopes,A4 Envelopes (Pack of 50),? 761.4,3,0%,-? 46.8
ORD-5060,25-03-2025,30-03-2025,Same Day,CUST-1143,Vijay Subramaniam,Consumer,West,Gujarat,Surat,Technology,Copiers,Multi-function Printer,"? 13,839.7",6,0%,? 205.5
ORD-5406,10-06-2025,12-06-2025,First Class,CUST-1104,Vijay Naidu,Consumer,West,Maharashtra,Nagpur,Technology,Machines,Label Printer,"? 65,322.0",6,0%,"? 7,656.4"
ORD-6035,25-06-2024,30-06-2024,Same Day,CUST-1160,Sanjay Chandran,Home Office,East,Bihar,Patna,Office Supplies,Paper,Legal Pad,"? 5,733.1",5,30%,"? 1,354.6"
ORD-6491,18-10-2025,25-10-2025,Same Day,CUST-1069,Swathi Krishnan,Home Office,East,Bihar,Patna,Furniture,Chairs,Wooden Study Chair,"? 1,18,598.2",7,0%,"-? 7,620.5"
ORD-6091,12-12-2025,19-12-2025,Same Day,CUST-1145,Swathi Pillai,Consumer,East,West Bengal,Howrah,Technology,Accessories,Power Bank,"? 57,314.5",3,0%,"? 18,165.9"
ORD-5872,14-05-2025,17-05-2025,Same Day,CUST-1163,Sanjay Chandran,Consumer,South,Andhra Pradesh,Vijayawada,Office Supplies,Art,Sketch Pen Set,? 731.1,2,0%,? 220.1
ORD-6844,28-12-2025,02-01-2026,Second Class,CUST-1160,Sanjay Chandran,Home Office,North,Haryana,Faridabad,Technology,Accessories,Laptop Sleeve,"? 19,454.9",6,20%,"? 4,111.4"
ORD-5382,09-12-2025,14-12-2025,Second Class,CUST-1195,Ganesh Menon,Corporate,South,Kerala,Kochi,Furniture,Furnishings,Office Cushion,"? 41,130.8",5,0%,"? 10,067.7"
ORD-5055,07-12-2025,10-12-2025,Second Class,CUST-1077,Rahul Gowda,Corporate,South,Andhra Pradesh,Vijayawada,Office Supplies,Labels,Barcode Labels,"? 3,595.7",6,10%,? 59.5
ORD-6611,27-09-2024,02-10-2024,Same Day,CUST-1150,Naveen Rao,Home Office,East,Jharkhand,Ranchi,Office Supplies,Envelopes,A4 Envelopes (Pack of 50),"? 5,492.8",7,40%,? 924.6
ORD-6170,21-03-2024,23-03-2024,Standard Class,CUST-1133,Sanjay Verma,Corporate,North,Delhi,New Delhi,Office Supplies,Labels,Barcode Labels,? 794.9,1,0%,? 183.0
ORD-6502,14-09-2025,16-09-2025,Standard Class,CUST-1198,Ishita Nambiar,Home Office,South,Kerala,Kochi,Office Supplies,Envelopes,A4 Envelopes (Pack of 50),"? 2,498.7",3,30%,-? 362.5
ORD-5307,15-05-2024,18-05-2024,Same Day,CUST-1071,Sneha Mahesh,Home Office,South,Andhra Pradesh,Vijayawada,Office Supplies,Storage,Plastic Storage Box,"? 1,780.3",3,40%,? 230.8
ORD-6698,25-03-2024,28-03-2024,Same Day,CUST-1026,Kavya Gowda,Consumer,South,Tamil Nadu,Chennai,Furniture,Tables,Conference Table 6-Seater,"? 7,855.5",6,10%,"? 1,451.0"
ORD-5492,17-09-2025,22-09-2025,First Class,CUST-1074,Vijay Rao,Home Office,North,Uttar Pradesh,Kanpur,Office Supplies,Envelopes,Courier Envelopes,"? 3,544.4",4,0%,"? 1,167.9"
ORD-6225,09-01-2024,16-01-2024,Standard Class,CUST-1058,Arjun Reddy,Home Office,West,Gujarat,Surat,Office Supplies,Paper,A4 Copy Paper (500 sheets),"? 4,426.9",3,0%,"? 1,344.3"
ORD-5973,14-09-2024,19-09-2024,First Class,CUST-1186,Deepa Krishnan,Home Office,East,Odisha,Bhubaneswar,Furniture,Chairs,Ergo Mesh Office Chair,"? 4,428.8",2,30%,? 182.9
ORD-6329,25-09-2024,02-10-2024,Standard Class,CUST-1128,Sathish Krishnan,Consumer,South,Kerala,Thiruvananthapuram,Technology,Accessories,USB Mouse,"? 27,696.5",1,0%,"-? 4,145.7"
ORD-6588,19-12-2024,26-12-2024,First Class,CUST-1007,Arun Rao,Consumer,North,Uttar Pradesh,Kanpur,Furniture,Furnishings,Office Cushion,"? 95,509.1",7,0%,"? 6,778.9"
ORD-5524,04-02-2025,06-02-2025,Same Day,CUST-1004,Ganesh Chandran,Consumer,South,Karnataka,Mangaluru,Office Supplies,Envelopes,A4 Envelopes (Pack of 50),"? 5,192.3",4,15%,? 343.2
ORD-6234,26-03-2025,30-03-2025,Standard Class,CUST-1097,Revathi Balan,Consumer,East,Bihar,Patna,Technology,Phones,Bluetooth Headset,"? 2,950.8",1,0%,"? 1,019.0"
ORD-5626,29-10-2024,31-10-2024,Same Day,CUST-1194,Pooja Reddy,Home Office,South,Kerala,Kozhikode,Office Supplies,Binders,3-Ring Binder,"? 8,916.1",8,15%,"? 2,064.7"
ORD-5242,19-05-2024,26-05-2024,Same Day,CUST-1026,Kavya Gowda,Consumer,East,Bihar,Patna,Office Supplies,Envelopes,Courier Envelopes,? 168.8,3,0%,-? 21.8
ORD-5508,30-09-2025,02-10-2025,First Class,CUST-1084,Karthik Raj,Corporate,West,Gujarat,Vadodara,Technology,Machines,Laminating Machine,"? 27,259.9",1,20%,"-? 3,954.2"
ORD-6607,20-01-2024,21-01-2024,Second Class,CUST-1199,Rahul Subramaniam,Corporate,East,Jharkhand,Ranchi,Office Supplies,Envelopes,A4 Envelopes (Pack of 50),"? 1,208.1",1,20%,-? 41.0
ORD-5191,26-08-2025,28-08-2025,Same Day,CUST-1000,Rahul Iyer,Consumer,South,Andhra Pradesh,Visakhapatnam,Technology,Copiers,Desktop Copier,"? 31,645.8",1,0%,"-? 2,843.7"
ORD-5296,13-07-2024,18-07-2024,Second Class,CUST-1062,Arjun Reddy,Home Office,East,Odisha,Bhubaneswar,Office Supplies,Envelopes,Courier Envelopes,"? 2,411.6",3,0%,? 691.5
ORD-5653,03-07-2024,06-07-2024,First Class,CUST-1018,Anjali Naidu,Consumer,East,Odisha,Bhubaneswar,Office Supplies,Paper,Legal Pad,? 236.7,1,20%,? 45.9
ORD-5178,12-06-2024,13-06-2024,Second Class,CUST-1160,Sanjay Chandran,Home Office,West,Rajasthan,Jaipur,Office Supplies,Envelopes,A4 Envelopes (Pack of 50),"? 9,368.6",7,20%,"? 2,975.5"
ORD-5925,14-11-2025,16-11-2025,First Class,CUST-1169,Kavya Menon,Consumer,South,Tamil Nadu,Chennai,Technology,Phones,Smartphone A12,"? 76,782.3",7,0%,"-? 7,784.5"
ORD-5336,08-03-2024,10-03-2024,First Class,CUST-1005,Arun Krishnan,Consumer,North,Delhi,New Delhi,Technology,Accessories,Power Bank,"? 1,29,207.1",5,20%,"? 26,477.1"
ORD-6846,11-02-2025,15-02-2025,Standard Class,CUST-1131,Vijay Prasad,Corporate,North,Uttar Pradesh,Kanpur,Office Supplies,Art,Highlighter Pack,"? 7,530.0",6,0%,"? 1,379.1"
ORD-6320,18-08-2025,20-08-2025,Standard Class,CUST-1183,Deepa Kumar,Home Office,South,Tamil Nadu,Madurai,Office Supplies,Binders,Presentation Binder,"? 1,629.4",2,40%,? 503.7
ORD-5050,03-04-2024,10-04-2024,Standard Class,CUST-1050,Naveen Prasad,Corporate,West,Gujarat,Surat,Office Supplies,Paper,Sticky Notes Pack,"? 1,027.2",2,0%,-? 74.2
ORD-5748,17-09-2024,22-09-2024,First Class,CUST-1216,Priya Rao,Consumer,West,Maharashtra,Nagpur,Furniture,Tables,Conference Table 6-Seater,"? 34,364.1",9,30%,? 518.2
ORD-5550,16-12-2025,19-12-2025,Second Class,CUST-1166,Meena Iyer,Corporate,South,Karnataka,Mysuru,Furniture,Chairs,Executive Recliner,"? 57,537.9",7,0%,"-? 3,555.8"
ORD-5767,13-05-2024,20-05-2024,First Class,CUST-1195,Ganesh Menon,Corporate,North,Delhi,New Delhi,Office Supplies,Paper,Sticky Notes Pack,? 818.9,3,10%,? 238.7
ORD-5757,02-03-2025,09-03-2025,Standard Class,CUST-1110,Vijay Menon,Consumer,South,Tamil Nadu,Coimbatore,Technology,Accessories,Laptop Sleeve,"? 36,420.5",4,30%,"-? 2,313.3"
ORD-6133,29-09-2025,30-09-2025,Standard Class,CUST-1140,Ramesh Iyer,Consumer,North,Haryana,Faridabad,Office Supplies,Art,Sketch Pen Set,"? 1,165.7",3,15%,? 94.3
ORD-5642,09-12-2024,11-12-2024,Second Class,CUST-1107,Lakshmi Chandran,Home Office,East,Odisha,Bhubaneswar,Office Supplies,Envelopes,Courier Envelopes,"? 3,303.2",3,30%,"? 1,118.7"
ORD-5840,01-12-2024,02-12-2024,First Class,CUST-1219,Praveen Rao,Home Office,South,Kerala,Kozhikode,Furniture,Furnishings,Desk Lamp,"? 98,360.6",8,0%,"-? 11,291.7"
ORD-6050,27-10-2024,29-10-2024,Standard Class,CUST-1097,Revathi Balan,Consumer,South,Tamil Nadu,Trichy,Office Supplies,Art,Whiteboard Markers,"? 7,100.6",9,0%,"? 1,675.9"
ORD-5578,28-06-2024,03-07-2024,Same Day,CUST-1034,Anitha Raj,Corporate,North,Haryana,Gurugram,Office Supplies,Envelopes,Courier Envelopes,"? 2,613.9",3,20%,? 844.9
ORD-6255,22-07-2024,23-07-2024,Same Day,CUST-1121,Ganesh Varma,Consumer,West,Gujarat,Vadodara,Office Supplies,Envelopes,A4 Envelopes (Pack of 50),? 610.5,1,0%,? 84.1
ORD-6659,04-08-2024,07-08-2024,Second Class,CUST-1082,Ganesh Verma,Consumer,West,Gujarat,Vadodara,Office Supplies,Labels,Address Label Pack,"? 5,369.1",6,30%,-? 538.4
ORD-6563,20-04-2025,22-04-2025,First Class,CUST-1077,Rahul Gowda,Corporate,North,Haryana,Faridabad,Office Supplies,Labels,Address Label Pack,"? 2,931.7",4,15%,? 552.4
ORD-6433,15-07-2024,22-07-2024,Standard Class,CUST-1084,Karthik Raj,Corporate,North,Haryana,Faridabad,Furniture,Furnishings,Wall Clock,"? 64,189.5",6,0%,"-? 4,532.3"
ORD-5774,11-03-2025,14-03-2025,Standard Class,CUST-1067,Priya Verma,Home Office,South,Andhra Pradesh,Visakhapatnam,Technology,Machines,Laminating Machine,"? 42,487.7",7,30%,"? 12,115.7"
ORD-5921,03-07-2025,04-07-2025,Same Day,CUST-1014,Karthik Naidu,Consumer,NORTH,Uttar Pradesh,Kanpur,Office Supplies,Art,Sketch Pen Set,"? 4,290.5",4,20%,"? 1,282.7"
ORD-5140,04-12-2024,09-12-2024,Same Day,CUST-1013,Arjun Subramaniam,Consumer,East,Jharkhand,Ranchi,Technology,Accessories,Mechanical Keyboard,"? 5,305.1",4,40%,? 775.1
ORD-5169,14-04-2025,21-04-2025,First Class,CUST-1089,Swathi Verma,Corporate,South,Tamil Nadu,Coimbatore,Office Supplies,Art,Sketch Pen Set,? 381.0,3,10%,-? 1.6
ORD-5584,23-06-2024,26-06-2024,First Class,CUST-1057,Sanjay Pillai,Home Office,South,Kerala,Kozhikode,Office Supplies,Labels,Address Label Pack,? 678.3,1,30%,-? 28.0
ORD-6533,22-07-2024,29-07-2024,Standard Class,CUST-1203,Karthik Menon,Home Office,South,Tamil Nadu,Trichy,Office Supplies,Envelopes,A4 Envelopes (Pack of 50),"? 1,147.8",1,20%,? 130.0
ORD-6706,20-02-2024,23-02-2024,Second Class,CUST-1020,Nithya Gowda,Home Office,West,Rajasthan,Udaipur,Office Supplies,Binders,3-Ring Binder,? 615.1,1,0%,-? 49.1
ORD-6222,04-12-2024,05-12-2024,Second Class,CUST-1052,Pooja Iyer,Home Office,South,Tamil Nadu,Chennai,Office Supplies,Envelopes,Courier Envelopes,? 882.4,9,30%,? 92.8
ORD-5990,19-09-2025,22-09-2025,First Class,CUST-1153,Sanjay Nair,Home Office,WEST,Maharashtra,Pune,Office Supplies,Storage,Plastic Storage Box,"? 4,056.5",4,15%,-? 543.5
ORD-6737,26-06-2024,28-06-2024,First Class,CUST-1140,Ramesh Iyer,Consumer,North,Punjab,Ludhiana,Office Supplies,Storage,Plastic Storage Box,"? 5,757.8",6,10%,? 290.0
ORD-5035,12-11-2024,16-11-2024,First Class,CUST-1143,Vijay Subramaniam,Consumer,South,Kerala,Kozhikode,Furniture,Bookcases,Oak Bookcase,"? 1,16,390.0",9,20%,"? 13,434.5"
ORD-5548,17-09-2024,19-09-2024,Same Day,CUST-1167,Kiran Raj,Corporate,West,Maharashtra,Mumbai,Technology,Copiers,Multi-function Printer,"? 11,910.1",4,30%,-? 799.0
ORD-5263,22-03-2024,27-03-2024,Second Class,CUST-1172,Ramesh Krishnan,Corporate,South,Andhra Pradesh,Visakhapatnam,Office Supplies,Labels,Barcode Labels,"? 2,408.5",3,40%,? 167.4
ORD-6333,06-02-2025,10-02-2025,First Class,CUST-1196,Revathi Kumar,Corporate,North,Uttar Pradesh,Noida,Office Supplies,Art,Whiteboard Markers,"? 4,237.2",3,0%,? 50.0
ORD-5514,21-05-2025,25-05-2025,First Class,CUST-1083,Karthik Raj,Consumer,North,Haryana,Gurugram,Office Supplies,Paper,Sticky Notes Pack,"? 4,326.1",7,0%,"? 1,374.6"
ORD-6551,03-12-2024,08-12-2024,First Class,CUST-1124,Praveen Subramaniam,Corporate,North,Uttar Pradesh,Lucknow,Office Supplies,Binders,Presentation Binder,"? 3,120.6",3,0%,? 951.2
ORD-6281,14-01-2025,17-01-2025,Second Class,CUST-1035,Manoj Pillai,Consumer,East,Odisha,Bhubaneswar,Furniture,Chairs,Ergo Mesh Office Chair,"? 43,888.3",7,0%,"-? 3,327.1"
ORD-6688,13-02-2025,20-02-2025,Same Day,CUST-1092,Deepa Gowda,Corporate,West,Maharashtra,Pune,Technology,Copiers,Multi-function Printer,"? 54,116.1",5,30%,"? 3,456.9"
ORD-5855,16-04-2025,21-04-2025,Second Class,CUST-1008,Vikram Rao,Corporate,East,Jharkhand,Ranchi,Furniture,Tables,Compact Study Table,"? 56,006.6",6,40%,"? 15,894.0"
ORD-6041,23-01-2025,30-01-2025,Standard Class,CUST-1021,Vijay Krishnan,Consumer,South,Kerala,Thiruvananthapuram,Office Supplies,Binders,Presentation Binder,"? 7,002.1",8,15%,? 669.2
ORD-5338,02-06-2025,03-06-2025,Standard Class,CUST-1186,Deepa Krishnan,Home Office,East,Odisha,Bhubaneswar,Office Supplies,Art,Highlighter Pack,? 986.3,2,0%,-? 46.8
ORD-6740,22-03-2025,27-03-2025,Standard Class,CUST-1042,Pooja Nambiar,Corporate,North,Punjab,Ludhiana,Technology,Accessories,Power Bank,"? 3,820.6",1,0%,-? 292.1
ORD-6450,23-05-2025,27-05-2025,Second Class,CUST-1021,Vijay Krishnan,Consumer,West,Maharashtra,Pune,Office Supplies,Labels,Barcode Labels,? 388.9,3,15%,? 66.3
ORD-6429,09-07-2024,14-07-2024,Standard Class,CUST-1038,Swathi Naidu,Home Office,North,Delhi,New Delhi,Office Supplies,Storage,Plastic Storage Box,"? 3,971.8",4,0%,? 354.0
ORD-6784,14-08-2025,17-08-2025,First Class,CUST-1174,Sneha Rao,Corporate,West,Rajasthan,Udaipur,Office Supplies,Art,Highlighter Pack,"? 2,695.1",7,15%,? 36.1
ORD-6348,07-07-2025,12-07-2025,Same Day,CUST-1141,Pooja Rao,Consumer,East,Bihar,Patna,Furniture,Bookcases,Oak Bookcase,"? 25,751.1",5,40%,"? 3,641.7"
ORD-6671,20-09-2025,24-09-2025,Standard Class,CUST-1089,Swathi Verma,Corporate,East,Bihar,Patna,Office Supplies,Labels,Barcode Labels,"? 2,100.3",5,20%,? 557.1
ORD-5222,01-06-2025,05-06-2025,Second Class,CUST-1137,Praveen Kumar,Home Office,East,Odisha,Bhubaneswar,Technology,Machines,Laser Printer,"? 1,47,330.4",9,30%,"? 7,607.9"
ORD-6230,15-06-2024,16-06-2024,Standard Class,CUST-1003,Divya Rao,Consumer,South,Karnataka,Mangaluru,Office Supplies,Storage,File Organizer Tray,"? 4,178.6",3,0%,-? 503.2
ORD-5260,07-06-2024,11-06-2024,Same Day,CUST-1217,Anjali Iyer,Corporate,North,Uttar Pradesh,Kanpur,Office Supplies,Storage,File Organizer Tray,"? 6,367.5",7,40%,-? 386.1
ORD-5308,08-02-2025,15-02-2025,Second Class,CUST-1148,Arjun Nair,Home Office,West,Rajasthan,Jaipur,Office Supplies,Storage,Filing Cabinet,"? 8,849.5",7,30%,? 288.8
ORD-6406,06-05-2024,07-05-2024,First Class,CUST-1126,Ramesh Naidu,Consumer,East,Odisha,Bhubaneswar,Office Supplies,Art,Sketch Pen Set,"? 3,821.2",4,20%,? 720.6
ORD-5004,07-02-2025,12-02-2025,Same Day,CUST-1055,Lakshmi Chandran,Consumer,South,Tamil Nadu,Trichy,Furniture,Furnishings,Desk Lamp,"? 11,532.6",6,20%,"? 2,659.6"
ORD-5608,22-01-2024,23-01-2024,First Class,CUST-1201,Vijay Prasad,Corporate,South,Kerala,Kochi,Office Supplies,Art,Sketch Pen Set,"? 2,572.5",7,0%,? 68.6
ORD-5796,31-05-2024,05-06-2024,First Class,CUST-1174,Sneha Rao,Corporate,North,Delhi,New Delhi,Technology,Machines,Laminating Machine,"? 26,230.3",5,40%,"? 5,417.6"
ORD-5534,30-11-2024,03-12-2024,First Class,CUST-1066,Sanjay Menon,Consumer,West,Rajasthan,Jaipur,Technology,Copiers,Multi-function Printer,"? 38,405.7",3,0%,"? 1,961.4"
ORD-6693,09-01-2024,13-01-2024,Standard Class,CUST-1093,Deepa Balan,Home Office,South,Karnataka,Bengaluru,Furniture,Tables,Adjustable Laptop Table,"? 68,670.1",5,40%,"-? 2,863.3"
ORD-5966,05-05-2025,07-05-2025,Second Class,CUST-1119,Kiran Verma,Corporate,West,Maharashtra, Nagpur  ,Office Supplies,Labels,Address Label Pack,"? 5,878.3",4,0%,"? 1,196.5"
ORD-6064,17-07-2024,20-07-2024,First Class,CUST-1213,Rahul Kumar,Consumer,North,Punjab,Amritsar,Technology,Accessories,Power Bank,"? 26,826.9",2,0%,"-? 2,649.5"
ORD-5856,06-03-2024,13-03-2024,Same Day,CUST-1030,Pooja Verma,Consumer,North,Delhi,New Delhi,Office Supplies,Envelopes,A4 Envelopes (Pack of 50),"? 2,065.5",3,30%,-? 87.6
ORD-6033,30-04-2025,04-05-2025,Same Day,CUST-1133,Sanjay Verma,Corporate,South,Karnataka,Mysuru,Furniture,Tables,Adjustable Laptop Table,"? 44,700.1",3,10%,"-? 5,068.7"
ORD-5795,03-12-2024,10-12-2024,Second Class,CUST-1015,Kavya Gowda,Home Office,South,Andhra Pradesh,Visakhapatnam,Technology,Machines,Label Printer,"? 1,32,097.5",5,15%,"? 19,446.6"
ORD-5444,29-08-2024,03-09-2024,Same Day,CUST-1152,Divya Krishnan,Home Office,East,Odisha,Bhubaneswar,Office Supplies,Envelopes,Courier Envelopes,"? 4,919.8",7,10%,"? 1,016.8"
ORD-5519,20-08-2024,27-08-2024,Same Day,CUST-1065,Arun Iyer,Corporate,West,Gujarat,Ahmedabad,Office Supplies,Labels,Barcode Labels,"? 4,153.4",6,10%,? 267.5
ORD-5436,12-11-2024,19-11-2024,Second Class,CUST-1017,Naveen Rao,Consumer,North,Delhi,New Delhi,Technology,Copiers,Desktop Copier,"? 1,63,499.6",5,15%,"-? 17,147.0"
ORD-5102,17-05-2024,22-05-2024,Second Class,CUST-1042,Pooja Nambiar,Corporate,EAST,Bihar,Patna,Technology,Machines,Laser Printer,"? 23,774.1",1,20%,"? 5,833.8"
ORD-5801,02-04-2025,07-04-2025,Second Class,CUST-1201,Vijay Prasad,Corporate,WEST,Maharashtra,Pune,Technology,Accessories,Mechanical Keyboard,"? 31,617.0",5,15%,"-? 3,298.3"
ORD-6172,06-10-2024,10-10-2024,Second Class,CUST-1038,Swathi Naidu,Home Office,West,Rajasthan,Udaipur,Technology,Accessories,Power Bank,"? 31,256.8",1,10%,"? 3,575.2"
ORD-5223,21-03-2024,25-03-2024,Standard Class,CUST-1194,Pooja Reddy,Home Office,East,Jharkhand,Ranchi,Technology,Copiers,Multi-function Printer,"? 41,935.3",2,30%,"? 2,355.5"
ORD-5568,04-10-2025,11-10-2025,Same Day,CUST-1000,Rahul Iyer,Consumer,East,Odisha,Bhubaneswar,Furniture,Furnishings,Office Cushion,"? 43,996.3",7,0%,"? 10,509.2"
ORD-5670,23-06-2024,30-06-2024,Second Class,CUST-1206,Lakshmi Verma,Consumer,South,Kerala,Thiruvananthapuram,Office Supplies,Art,Sketch Pen Set,? 513.9,5,10%,? 57.9
ORD-5093,26-12-2025,31-12-2025,Second Class,CUST-1094,Priya Iyer,Consumer,North,Haryana,Gurugram,Office Supplies,Envelopes,A4 Envelopes (Pack of 50),? 785.1,1,40%,-? 13.5
ORD-5784,07-11-2025,12-11-2025,Second Class,CUST-1106,Manoj Pillai,Corporate,South,Andhra Pradesh,Visakhapatnam,Furniture,Bookcases,Oak Bookcase,"? 6,102.6",1,0%,? 991.3
ORD-5515,17-09-2024,22-09-2024,Same Day,CUST-1115,Anjali Prasad,Consumer,South,Karnataka,Bengaluru,Office Supplies,Labels,Barcode Labels,? 546.4,6,30%,? 41.3
ORD-5376,02-03-2025,09-03-2025,Standard Class,CUST-1201,Vijay Prasad,Corporate,East,Odisha,Bhubaneswar,Furniture,Bookcases,Metal Bookrack,"? 8,767.0",1,0%,"? 1,828.8"
ORD-5764,11-06-2024,15-06-2024,Same Day,CUST-1045,Praveen Mahesh,Consumer,EAST,Bihar,Patna,Office Supplies,Binders,3-Ring Binder,"? 1,461.5",3,0%,? 101.6
ORD-6685,07-06-2024,11-06-2024,Same Day,CUST-1077,Rahul Gowda,Corporate,South,Andhra Pradesh,Vijayawada,Office Supplies,Binders,Clip Binder,"? 3,656.9",7,30%,-? 342.3
ORD-6845,24-07-2025,26-07-2025,First Class,CUST-1044,Kavya Verma,Consumer,South,Andhra Pradesh,Visakhapatnam,Office Supplies,Storage,File Organizer Tray,"? 9,190.0",7,15%,-? 378.9
ORD-5359,27-01-2025,29-01-2025,First Class,CUST-1066,Sanjay Menon,Consumer,East,Odisha,Bhubaneswar,Office Supplies,Storage,Plastic Storage Box,"? 3,017.5",3,40%,? 149.0
ORD-5687,03-05-2024,08-05-2024,Second Class,CUST-1041,Revathi Rao,Corporate,East,West Bengal,Howrah,Furniture,Furnishings,Desk Lamp,"? 1,25,725.5",8,15%,"-? 18,285.5"
ORD-6537,09-02-2025,14-02-2025,Standard Class,CUST-1081,Ganesh Rao,Consumer,South,Kerala,Kozhikode,Office Supplies,Paper,A4 Copy Paper (500 sheets),"? 2,011.9",2,15%,-? 56.0
ORD-6530,15-07-2025,20-07-2025,Same Day,CUST-1167,Kiran Raj,Corporate,East,Bihar,Patna,Office Supplies,Storage,Filing Cabinet,"? 1,752.0",3,20%,-? 131.9
ORD-5363,26-09-2025,27-09-2025,First Class,CUST-1085,Karthik Prasad,Consumer,South,Karnataka,Mangaluru,Office Supplies,Envelopes,A4 Envelopes (Pack of 50),"? 2,768.5",3,0%,? 547.7
ORD-6642,02-02-2024,03-02-2024,First Class,CUST-1183,Deepa Kumar,Home Office,North,Delhi,New Delhi,Office Supplies,Labels,Barcode Labels,"? 2,423.4",2,0%,? 770.7
ORD-6213,17-12-2025,18-12-2025,First Class,CUST-1083,Karthik Raj,Consumer,South,Kerala,Kochi,Office Supplies,Envelopes,A4 Envelopes (Pack of 50),"? 2,405.3",5,40%,? 401.3
ORD-6116,30-09-2024,04-10-2024,First Class,CUST-1044,Kavya Verma,Consumer,SOUTH,Andhra Pradesh,Visakhapatnam,Technology,Copiers,Desktop Copier,"? 8,484.6",1,20%,-? 165.3
ORD-6061,19-01-2024,20-01-2024,Same Day,CUST-1165,Ishita Verma,Corporate,West,Maharashtra,Nagpur,Technology,Machines,Label Printer,"? 26,141.5",1,30%,"-? 1,908.4"
ORD-6005,26-03-2024,29-03-2024,First Class,CUST-1142,Ramesh Menon,Home Office,South,Kerala,Kochi,Office Supplies,Paper,Legal Pad,"? 2,197.9",2,0%,-? 151.3
ORD-5742,29-07-2025,02-08-2025,Standard Class,CUST-1096,Anitha Sharma,Consumer,East,Bihar,Patna,Office Supplies,Envelopes,Courier Envelopes,"? 2,587.3",2,0%,? 162.6
ORD-6304,12-02-2025,15-02-2025,Same Day,CUST-1208,Anitha Mahesh,Home Office,South,Karnataka,Mangaluru,Furniture,Bookcases,Metal Bookrack,"? 26,764.3",2,0%,? 302.2
ORD-6646,24-01-2024,28-01-2024,Same Day,CUST-1056,Naveen Kumar,Home Office,West,Gujarat,Surat,Technology,Phones,Bluetooth Headset,"? 41,377.6",2,0%,"-? 4,192.7"
ORD-6251,20-10-2025,22-10-2025,Same Day,CUST-1085,Karthik Prasad,Consumer,South,Andhra Pradesh,Visakhapatnam,Technology,Accessories,Mechanical Keyboard,"? 32,206.5",7,30%,"? 6,150.9"
ORD-5421,29-03-2025,02-04-2025,Same Day,CUST-1082,Ganesh Verma,Consumer,South,Tamil Nadu,Coimbatore,Office Supplies,Storage,File Organizer Tray,"? 4,119.8",7,40%,? 955.8
ORD-5024,21-10-2024,25-10-2024,Standard Class,CUST-1160,Sanjay Chandran,Home Office,East,West Bengal,Kolkata,Technology,Accessories,Mechanical Keyboard,"? 58,302.7",4,0%,"? 4,706.4"
ORD-6186,12-01-2024,17-01-2024,Standard Class,CUST-1163,Sanjay Chandran,Consumer,South,Kerala,Kochi,Office Supplies,Binders,Clip Binder,"? 5,159.6",5,20%,? 902.6
ORD-5386,14-06-2024,21-06-2024,Standard Class,CUST-1012,Ramesh Nair,Consumer,East,West Bengal,Howrah,Office Supplies,Paper,Legal Pad,"? 9,545.6",8,0%,"? 2,674.6"
ORD-5844,28-07-2025,02-08-2025,Standard Class,CUST-1189,Sanjay Menon,Home Office,East,Jharkhand,Ranchi,Office Supplies,Labels,Address Label Pack,"? 1,154.9",6,30%,? 297.5
ORD-6401,28-08-2024,31-08-2024,Second Class,CUST-1010,Ramesh Kumar,Consumer,East,West Bengal,Howrah,Technology,Accessories,Mechanical Keyboard,"? 69,580.2",3,40%,"? 12,809.0"
ORD-5395,20-11-2024,25-11-2024,Second Class,CUST-1006,Anitha Prasad,Home Office,West,Gujarat,Surat,Office Supplies,Paper,Legal Pad,"? 2,853.0",3,20%,? 211.7
ORD-5092,09-02-2024,11-02-2024,Same Day,CUST-1202,Ishita Reddy,Home Office,North,Haryana,Faridabad,Furniture,Tables,Conference Table 6-Seater,"? 79,180.9",5,20%,"? 8,207.7"
ORD-6675,20-10-2024,23-10-2024,Same Day,CUST-1159,Divya Gowda,Home Office,East,Jharkhand,Ranchi,Office Supplies,Labels,Barcode Labels,? 463.3,4,0%,-? 47.8
ORD-6399,28-11-2024,30-11-2024,Standard Class,CUST-1093,Deepa Balan,Home Office,North,Uttar Pradesh,Noida,Office Supplies,Storage,File Organizer Tray,? 957.7,4,15%,? 39.7
ORD-5815,13-03-2025,17-03-2025,First Class,CUST-1015,Kavya Gowda,Home Office,East,West Bengal,Kolkata,Technology,Machines,Laser Printer,"? 1,77,475.0",6,40%,"-? 1,539.9"
ORD-5356,23-10-2024,25-10-2024,Standard Class,CUST-1118,Nithya Krishnan,Home Office,South,Kerala,Kozhikode,Technology,Machines,Laser Printer,"? 1,01,318.4",5,0%,-? 667.9
ORD-6705,04-01-2024,07-01-2024,Second Class,CUST-1053,Sanjay Rao,Corporate,South,Karnataka,Mangaluru,Office Supplies,Paper,Sticky Notes Pack,"? 1,340.6",3,0%,? 215.6
ORD-6142,18-09-2024,23-09-2024,Same Day,CUST-1016,Ramesh Raj,Home Office,South,Kerala,Kozhikode,Technology,Copiers,Multi-function Printer,"? 70,009.8",4,0%,"-? 3,547.3"
ORD-6792,14-03-2025,21-03-2025,Same Day,CUST-1025,Rahul Gowda,Consumer,West,Gujarat,Surat,Office Supplies,Binders,Presentation Binder,"? 5,546.4",5,10%,"? 1,272.2"
ORD-6216,04-01-2024,07-01-2024,Standard Class,CUST-1112,Revathi Raj,Home Office,North,Punjab,Ludhiana,Technology,Copiers,Desktop Copier,"? 53,461.9",2,0%,"? 6,489.2"
ORD-5059,05-04-2025,10-04-2025,Same Day,CUST-1029,Rahul Reddy,Home Office,West,Gujarat,Vadodara,Office Supplies,Paper,A4 Copy Paper (500 sheets),"? 2,448.0",2,0%,-? 319.3
ORD-6083,14-11-2025,19-11-2025,Second Class,CUST-1076,Lakshmi Naidu,Home Office,West,Maharashtra,Mumbai,Furniture,Tables,Adjustable Laptop Table,"? 24,751.0",9,0%,"-? 2,446.2"
ORD-5718,12-08-2025,16-08-2025,Same Day,CUST-1120,Divya Nambiar,Consumer,West,Maharashtra,Pune,Furniture,Chairs,Wooden Study Chair,"? 11,249.4",2,0%,"? 3,203.1"
ORD-6354,01-04-2024,08-04-2024,Standard Class,CUST-1113,Sathish Raj,Consumer,North,Delhi,New Delhi,Technology,Phones,Bluetooth Headset,"? 28,224.9",2,0%,"? 3,890.4"
ORD-6028,07-08-2024,09-08-2024,Second Class,CUST-1039,Naveen Nair,Corporate,North,Delhi,New Delhi,Office Supplies,Labels,Barcode Labels,"? 3,487.3",8,10%,-? 360.1
ORD-6636,25-12-2025,29-12-2025,First Class,CUST-1055,Lakshmi Chandran,Consumer,North,Uttar Pradesh,Noida,Office Supplies,Storage,File Organizer Tray,"? 1,426.5",1,0%,? 49.4
ORD-5641,03-06-2025,06-06-2025,First Class,CUST-1066,Sanjay Menon,Consumer,North,Uttar Pradesh,Noida,Technology,Copiers,Desktop Copier,"? 1,627.3",1,0%,? 399.1
ORD-5288,25-05-2025,28-05-2025,First Class,CUST-1097,Revathi Balan,Consumer,East,West Bengal,Howrah,Furniture,Tables,Compact Study Table,"? 16,520.8",3,10%,"? 4,920.7"
ORD-6451,03-04-2025,06-04-2025,First Class,CUST-1094,Priya Iyer,Consumer,South,Karnataka,Bengaluru,Office Supplies,Binders,Presentation Binder,"? 5,202.1",7,0%,"? 1,675.5"
ORD-6410,26-07-2024,28-07-2024,Same Day,CUST-1069,Swathi Krishnan,Home Office,South,Karnataka,Bengaluru,Office Supplies,Labels,Address Label Pack,"? 1,182.5",1,0%,-? 1.3
ORD-6828,21-12-2024,25-12-2024,Second Class,CUST-1173,Kavya Prasad,Corporate,West,Maharashtra,Mumbai,Office Supplies,Binders,Clip Binder,"? 1,332.2",1,0%,? 461.1
ORD-5969,09-09-2025,16-09-2025,Second Class,CUST-1076,Lakshmi Naidu,Home Office,South,Tamil Nadu,Chennai,Office Supplies,Paper,Legal Pad,"? 2,145.9",3,0%,? 250.7
ORD-5488,19-05-2025,24-05-2025,Standard Class,CUST-1158,Vijay Verma,Home Office,East,West Bengal,Howrah,Furniture,Furnishings,Wall Clock,"? 32,155.5",4,0%,-? 495.8
ORD-5571,07-02-2025,12-02-2025,Standard Class,CUST-1100,Naveen Rao,Consumer,East,West Bengal,Kolkata,Technology,Accessories,USB Mouse,"? 53,126.1",9,40%,"? 13,295.2"
ORD-6152,07-12-2024,14-12-2024,Same Day,CUST-1071,Sneha Mahesh,Home Office,East,Bihar,Patna,Technology,Copiers,Multi-function Printer,"? 2,07,398.6",7,15%,"? 55,488.1"
ORD-5148,18-06-2024,23-06-2024,Standard Class,CUST-1085,Karthik Prasad,Consumer,West,Maharashtra,Mumbai,Technology,Machines,Laminating Machine,"? 55,705.4",5,15%,"? 7,596.4"
ORD-6168,18-12-2025,21-12-2025,Standard Class,CUST-1184,Anjali Rao,Home Office,South,Tamil Nadu,Trichy,Office Supplies,Labels,Barcode Labels,? 828.8,7,0%,? 230.2
ORD-5892,22-06-2024,25-06-2024,Same Day,CUST-1178,Deepa Gowda,Home Office,North,Punjab,Amritsar,Technology,Phones,Cordless Landline Phone,"? 1,09,368.9",5,15%,"? 8,144.2"
ORD-6825,08-10-2025,13-10-2025,Same Day,CUST-1152,Divya Krishnan,Home Office,East,West Bengal,Howrah,Furniture,Chairs,Ergo Mesh Office Chair,"? 95,368.9",7,20%,"? 26,092.9"
ORD-5811,29-11-2024,06-12-2024,First Class,CUST-1023,Karthik Verma,Consumer,East,Jharkhand,Ranchi,Technology,Copiers,Multi-function Printer,"? 20,721.0",1,0%,"-? 2,526.8"
ORD-5374,28-11-2024,29-11-2024,Same Day,CUST-1048,Deepa Varma,Consumer,West,Gujarat,Ahmedabad,Technology,Accessories,Laptop Sleeve,"? 75,112.1",3,20%,"? 9,517.0"
ORD-5179,29-06-2024,01-07-2024,Standard Class,CUST-1102,Karthik Verma,Consumer,North,Uttar Pradesh,Kanpur,Furniture,Bookcases,Metal Bookrack,"? 81,508.0",8,15%,"-? 5,071.6"
ORD-6131,17-03-2025,21-03-2025,Standard Class,CUST-1148,Arjun Nair,Home Office,South,Andhra Pradesh,Vijayawada,Furniture,Bookcases,Metal Bookrack,"? 60,607.9",5,0%,"? 15,993.5"
ORD-5563,29-05-2024,05-06-2024,Same Day,CUST-1029,Rahul Reddy,Home Office,South,Kerala,Thiruvananthapuram,Office Supplies,Envelopes,A4 Envelopes (Pack of 50),"? 4,497.1",4,40%,-? 19.1
ORD-6715,08-08-2025,09-08-2025,First Class,CUST-1199,Rahul Subramaniam,Corporate,West,Rajasthan,Udaipur,Technology,Machines,Laser Printer,"? 1,04,039.9",5,30%,"-? 13,557.6"
ORD-6032,03-03-2024,10-03-2024,Second Class,CUST-1165,Ishita Verma,Corporate,EAST,Odisha,Bhubaneswar,Furniture,Tables,Conference Table 6-Seater,"? 82,150.6",7,0%,"? 15,933.8"
ORD-5941,11-03-2024,16-03-2024,Same Day,CUST-1210,Deepa Nambiar,Consumer,West,Gujarat,Surat,Office Supplies,Art,Highlighter Pack,? 880.1,9,40%,-? 55.5
ORD-5877,09-12-2024,16-12-2024,Standard Class,CUST-1115,Anjali Prasad,Consumer,East,West Bengal,Howrah,Furniture,Tables,Adjustable Laptop Table,"? 60,478.5",6,0%,"-? 5,704.2"
ORD-6736,01-03-2024,04-03-2024,Standard Class,CUST-1032,Anjali Rao,Consumer,North,Delhi,New Delhi,Office Supplies,Labels,Address Label Pack,"? 1,371.0",7,40%,-? 49.7
ORD-5219,25-04-2024,27-04-2024,Second Class,CUST-1015,Kavya Gowda,Home Office,South,Karnataka,Bengaluru,Office Supplies,Labels,Barcode Labels,"? 6,780.4",7,20%,"? 1,055.6"
ORD-5486,11-04-2024,16-04-2024,Standard Class,CUST-1055,Lakshmi Chandran,Consumer,West,Gujarat,Ahmedabad,Office Supplies,Binders,3-Ring Binder,"? 3,807.7",6,0%,-? 519.4
ORD-6403,22-02-2025,27-02-2025,Standard Class,CUST-1096,Anitha Sharma,Consumer,East,Bihar,Patna,Office Supplies,Binders,Presentation Binder,? 127.7,1,0%,? 7.2
ORD-6103,13-12-2025,18-12-2025,Second Class,CUST-1190,Lakshmi Chandran,Corporate,East,West Bengal,Kolkata,Technology,Phones,Cordless Landline Phone,"? 1,54,325.8",9,20%,"? 7,885.6"
ORD-5711,07-07-2024,14-07-2024,Standard Class,CUST-1016,Ramesh Raj,Home Office,East,Bihar,Patna,Office Supplies,Paper,A4 Copy Paper (500 sheets),"? 1,399.0",1,20%,? 168.2
ORD-5754,19-10-2025,23-10-2025,Standard Class,CUST-1055,Lakshmi Chandran,Consumer,East,West Bengal,Howrah,Office Supplies,Binders,Presentation Binder,"? 9,153.8",8,40%,-? 577.7
ORD-6444,23-01-2024,25-01-2024,Second Class,CUST-1141,Pooja Rao,Consumer,South,Tamil Nadu,Chennai,Office Supplies,Paper,Legal Pad,"? 1,786.7",6,15%,? 520.0
ORD-5523,28-01-2024,30-01-2024,Same Day,CUST-1011,Vikram Chandran,Corporate,West,Maharashtra,Pune,Office Supplies,Paper,Sticky Notes Pack,"? 1,279.5",9,0%,-? 82.0
ORD-5691,17-04-2024,19-04-2024,First Class,CUST-1064,Nithya Subramaniam,Corporate,East,Jharkhand,Ranchi,Furniture,Bookcases,3-Shelf Bookcase,"? 10,971.8",6,0%,"? 3,420.7"
ORD-5510,13-12-2024,18-12-2024,First Class,CUST-1113,Sathish Raj,Consumer,West,Maharashtra,Mumbai,Furniture,Bookcases,3-Shelf Bookcase,"? 2,919.1",2,20%,? 928.4
ORD-5412,11-04-2024,16-04-2024,Same Day,CUST-1105,Meena Naidu,Consumer,South,Karnataka,Mangaluru,Office Supplies,Storage,Plastic Storage Box,"? 1,599.0",2,10%,? 496.1
ORD-5498,03-01-2024,07-01-2024,Second Class,CUST-1056,Naveen Kumar,Home Office,South,Kerala,Thiruvananthapuram,Technology,Copiers,Multi-function Printer,"? 1,58,376.0",9,0%,"? 46,230.1"
ORD-6702,03-01-2024,04-01-2024,Standard Class,CUST-1104,Vijay Naidu,Consumer,South,Karnataka,Bengaluru,Office Supplies,Envelopes,A4 Envelopes (Pack of 50),? 952.4,1,20%,-? 101.9
ORD-6235,01-03-2025,08-03-2025,Standard Class,CUST-1150,Naveen Rao,Home Office,South,Andhra Pradesh,Visakhapatnam,Office Supplies,Labels,Address Label Pack,"? 2,377.3",9,10%,-? 214.8
ORD-6002,15-01-2024,22-01-2024,Same Day,CUST-1079,Divya Verma,Consumer,East,West Bengal,Howrah,Office Supplies,Art,Sketch Pen Set,"? 4,009.2",3,15%,? 745.3
ORD-5756,17-07-2024,24-07-2024,Same Day,CUST-1068,Karthik Krishnan,Home Office,South,Kerala,Kozhikode,Technology,Machines,Laminating Machine,"? 1,52,482.1",6,0%,"? 48,835.8"
ORD-5304,05-08-2025,07-08-2025,First Class,CUST-1023,Karthik Verma,Consumer,South,Kerala,Thiruvananthapuram,Furniture,Chairs,Executive Recliner,"? 83,929.1",7,0%,"? 20,148.1"
ORD-6768,28-08-2024,04-09-2024,First Class,CUST-1032,Anjali Rao,Consumer,South,Karnataka,Mysuru,Technology,Accessories,Mechanical Keyboard,"? 2,01,942.3",6,0%,"? 13,928.5"
ORD-6227,18-06-2025,23-06-2025,Standard Class,CUST-1079,Divya Verma,Consumer,East,West Bengal,Howrah,Office Supplies,Art,Sketch Pen Set,"? 4,368.6",6,20%,? 546.6
ORD-6387,18-09-2025,19-09-2025,Second Class,CUST-1036,Vijay Nambiar,Home Office,South,Tamil Nadu,Chennai,Office Supplies,Art,Sketch Pen Set,"? 10,039.5",7,0%,"? 2,612.3"
ORD-6062,15-03-2024,18-03-2024,Same Day,CUST-1119,Kiran Verma,Corporate,West,Maharashtra,Mumbai,Technology,Machines,Label Printer,"? 49,312.3",3,30%,"? 6,707.5"
ORD-5970,08-09-2024,09-09-2024,Second Class,CUST-1164,Meena Subramaniam,Corporate,North,Punjab,Amritsar,Office Supplies,Binders,Presentation Binder,? 108.2,1,40%,-? 7.8
ORD-5503,15-02-2025,16-02-2025,Second Class,CUST-1099,Naveen Verma,Consumer,East,Odisha,Bhubaneswar,Office Supplies,Art,Whiteboard Markers,? 830.8,1,40%,? 90.2
ORD-5613,21-05-2024,28-05-2024,Second Class,CUST-1207,Suresh Kumar,Consumer,West,Gujarat,Surat,Office Supplies,Labels,Barcode Labels,"? 8,414.5",7,10%,"? 1,695.9"
ORD-5132,31-08-2025,05-09-2025,Second Class,CUST-1005,Arun Krishnan,Consumer,West,Gujarat,Ahmedabad,Furniture,Chairs,Wooden Study Chair,"? 35,805.0",6,40%,? 621.9
ORD-6419,28-04-2024,02-05-2024,Second Class,CUST-1102,Karthik Verma,Consumer,North,Punjab,Amritsar,Furniture,Furnishings,Desk Lamp,"? 41,732.5",9,15%,"? 12,369.3"
ORD-6266,01-10-2024,02-10-2024,Same Day,CUST-1194,Pooja Reddy,Home Office,South,Kerala,Thiruvananthapuram,Office Supplies,Binders,Presentation Binder,? 651.7,4,20%,? 49.2
ORD-6564,21-08-2025,28-08-2025,First Class,CUST-1100,Naveen Rao,Consumer,South,Karnataka,Mangaluru,Technology,Phones,Smartphone A12,"? 5,409.0",1,10%,"? 1,810.5"
ORD-5083,19-03-2025,24-03-2025,First Class,CUST-1139,Anjali Iyer,Consumer,South,Tamil Nadu,Coimbatore,Office Supplies,Paper,Sticky Notes Pack,"? 3,173.2",9,0%,? 866.2
ORD-5152,02-08-2025,06-08-2025,Second Class,CUST-1125,Vijay Subramaniam,Consumer,North,Delhi,New Delhi,Furniture,Furnishings,Desk Lamp,"? 2,991.3",1,30%,-? 146.1
ORD-5989,04-12-2024,05-12-2024,Standard Class,CUST-1026,Kavya Gowda,Consumer,South,Tamil Nadu,Chennai,Office Supplies,Paper,A4 Copy Paper (500 sheets),"? 5,936.9",5,15%,? 936.4
ORD-6231,11-10-2024,14-10-2024,Standard Class,CUST-1062,Arjun Reddy,Home Office,East,Bihar,Patna,Technology,Phones,Smartphone A12,"? 51,666.4",4,0%,"? 9,639.1"
ORD-6802,26-09-2024,29-09-2024,Standard Class,CUST-1081,Ganesh Rao,Consumer,West,Rajasthan,Udaipur,Office Supplies,Art,Whiteboard Markers,"? 3,911.0",3,30%,? 253.9
ORD-5995,25-12-2025,29-12-2025,Second Class,CUST-1089,Swathi Verma,Corporate,North,Punjab,Ludhiana,Technology,Accessories,Laptop Sleeve,"? 1,03,796.2",3,0%,"? 30,319.9"
ORD-6297,02-05-2024,07-05-2024,Same Day,CUST-1056,Naveen Kumar,Home Office,East,West Bengal,Kolkata,Office Supplies,Envelopes,Courier Envelopes,"? 1,979.0",2,40%,? 549.2
ORD-5976,29-10-2024,01-11-2024,Same Day,CUST-1139,Anjali Iyer,Consumer,South,Kerala,Thiruvananthapuram,Technology,Copiers,Desktop Copier,"? 1,45,467.0",8,0%,"? 46,111.4"
ORD-6196,21-05-2024,25-05-2024,Second Class,CUST-1208,Anitha Mahesh,Home Office,North,Punjab,Ludhiana,Furniture,Furnishings,Office Cushion,"? 46,085.4",5,20%,-? 774.2
ORD-5979,19-03-2025,24-03-2025,Second Class,CUST-1133,Sanjay Verma,Corporate,South,Tamil Nadu,Coimbatore,Technology,Copiers,Multi-function Printer,"? 1,27,138.8",5,0%,"-? 10,030.5"
ORD-5049,15-09-2025,22-09-2025,Standard Class,CUST-1052,Pooja Iyer,Home Office,North,Delhi,New Delhi,Office Supplies,Storage,Filing Cabinet,"? 2,134.0",7,0%,-? 168.7
ORD-5313,24-08-2024,28-08-2024,First Class,CUST-1155,Revathi Nair,Corporate,South,Kerala,Thiruvananthapuram,Technology,Phones,Smartphone A12,"? 19,843.7",1,0%,-? 522.0
ORD-6668,09-05-2024,13-05-2024,Second Class,CUST-1034,Anitha Raj,Corporate,North,Delhi,New Delhi,Office Supplies,Paper,Legal Pad,"? 3,143.1",6,10%,? 973.3
ORD-6031,04-10-2025,09-10-2025,Same Day,CUST-1051,Revathi Kumar,Home Office,South,Kerala,Kochi,Furniture,Tables,Compact Study Table,"? 52,727.6",4,10%,"-? 4,412.6"
ORD-5292,10-06-2024,14-06-2024,First Class,CUST-1210,Deepa Nambiar,Consumer,South,Kerala,Kozhikode,Furniture,Bookcases,Metal Bookrack,"? 29,378.0",8,10%,? 245.9
ORD-6280,16-04-2024,17-04-2024,Same Day,CUST-1096,Anitha Sharma,Consumer,East,Odisha,Bhubaneswar,Office Supplies,Binders,Clip Binder,"? 6,254.0",9,20%,-? 335.5
ORD-6771,22-07-2025,25-07-2025,First Class,CUST-1091,Divya Iyer,Home Office,North,Punjab,Ludhiana,Office Supplies,Paper,A4 Copy Paper (500 sheets),? 383.4,8,30%,? 42.4
ORD-6534,17-01-2025,19-01-2025,First Class,CUST-1049,Manoj Naidu,Home Office,West,Gujarat,Surat,Furniture,Tables,Adjustable Laptop Table,"? 44,679.0",7,15%,"? 9,649.0"
ORD-6703,26-07-2025,29-07-2025,Same Day,CUST-1005,Arun Krishnan,Consumer,North,Punjab,Ludhiana,Office Supplies,Binders,Clip Binder,"? 1,304.7",4,10%,? 13.2
ORD-6585,09-01-2025,13-01-2025,Standard Class,CUST-1080,Karthik Subramaniam,Consumer,West,Rajasthan,Jaipur,Office Supplies,Paper,A4 Copy Paper (500 sheets),"? 5,776.5",4,0%,-? 471.6
ORD-6559,30-10-2024,31-10-2024,Same Day,CUST-1061,Vijay Nair,Corporate,West,Maharashtra,Mumbai,Office Supplies,Labels,Barcode Labels,"? 9,378.2",8,0%,"? 2,017.2"
ORD-5224,03-04-2024,08-04-2024,Standard Class,CUST-1085,Karthik Prasad,Consumer,North,Punjab,Amritsar,Technology,Machines,Laser Printer,"? 89,887.0",8,20%,"? 18,692.6"
ORD-6821,04-06-2024,11-06-2024,Second Class,CUST-1109,Vikram Mahesh,Consumer,South,Andhra Pradesh,Visakhapatnam,Technology,Copiers,Desktop Copier,"? 1,52,815.4",7,0%,"-? 20,593.6"
ORD-5021,13-08-2025,14-08-2025,First Class,CUST-1171,Vijay Naidu,Corporate,West,Gujarat,Vadodara,Office Supplies,Storage,Plastic Storage Box,"? 1,190.5",2,40%,? 28.6
ORD-6209,26-09-2025,29-09-2025,First Class,CUST-1010,Ramesh Kumar,Consumer,North,Delhi,New Delhi,Technology,Accessories,Mechanical Keyboard,? 785.7,1,20%,? 236.6
ORD-5052,23-06-2025,30-06-2025,Standard Class,CUST-1212,Manoj Verma,Consumer,North,Delhi,New Delhi,Office Supplies,Labels,Address Label Pack,"? 1,375.4",3,15%,-? 7.3
ORD-6582,26-04-2024,29-04-2024,First Class,CUST-1045,Praveen Mahesh,Consumer,East,West Bengal,Kolkata,Office Supplies,Art,Whiteboard Markers,"? 2,401.0",3,10%,? 406.7
ORD-5899,29-03-2025,31-03-2025,First Class,CUST-1216,Priya Rao,Consumer,South,Tamil Nadu,Coimbatore,Technology,Machines,Laser Printer,"? 14,064.9",2,0%,-? 786.2
ORD-6729,27-09-2025,30-09-2025,Second Class,CUST-1102,Karthik Verma,Consumer,West,Maharashtra,Nagpur,Office Supplies,Binders,3-Ring Binder,"? 4,994.8",5,0%,? 252.5
ORD-5286,26-02-2025,28-02-2025,Standard Class,CUST-1021,Vijay Krishnan,Consumer,South,Karnataka,Bengaluru,Office Supplies,Envelopes,Courier Envelopes,"? 1,644.3",4,20%,-? 230.7
ORD-6020,30-07-2024,03-08-2024,First Class,CUST-1170,Anitha Kumar,Home Office,North,Punjab,Ludhiana,Office Supplies,Storage,Filing Cabinet,? 44.5,1,0%,? 10.0
ORD-6535,06-08-2024,07-08-2024,First Class,CUST-1212,Manoj Verma,Consumer,North,Haryana,Gurugram,Office Supplies,Art,Sketch Pen Set,"? 9,120.4",9,30%,? 614.4
ORD-5162,19-12-2025,20-12-2025,Standard Class,CUST-1013,Arjun Subramaniam,Consumer,West,Gujarat,Surat,Office Supplies,Envelopes,Courier Envelopes,"? 1,126.6",5,0%,? 265.6
ORD-6522,07-01-2025,14-01-2025,Standard Class,CUST-1065,Arun Iyer,Corporate,North,Uttar Pradesh,Noida,Office Supplies,Binders,Presentation Binder,"? 4,124.8",4,0%,? 296.6
ORD-6691,11-07-2025,15-07-2025,Same Day,CUST-1013,Arjun Subramaniam,Consumer,West,Maharashtra, Nagpur  ,Technology,Copiers,Desktop Copier,"? 90,169.4",4,0%,"? 29,311.0"
ORD-6120,10-12-2025,17-12-2025,First Class,CUST-1111,Priya Nambiar,Home Office,North,Uttar Pradesh,Lucknow,Office Supplies,Labels,Barcode Labels,"? 1,169.9",1,10%,-? 165.4
ORD-5297,19-04-2024,23-04-2024,Standard Class,CUST-1203,Karthik Menon,Home Office,West,Maharashtra,Mumbai,Office Supplies,Art,Highlighter Pack,? 893.9,1,20%,-? 35.4
ORD-5256,09-04-2025,14-04-2025,Second Class,CUST-1036,Vijay Nambiar,Home Office,South,Karnataka,Mysuru,Office Supplies,Binders,3-Ring Binder,"? 9,065.0",7,0%,"? 1,384.7"
ORD-6634,18-03-2024,25-03-2024,First Class,CUST-1174,Sneha Rao,Corporate,West,Maharashtra,Pune,Office Supplies,Binders,Clip Binder,"? 4,708.8",7,0%,? 250.8
ORD-5119,23-08-2024,27-08-2024,First Class,CUST-1063,Arjun Prasad,Consumer,West,Gujarat,Vadodara,Office Supplies,Envelopes,Courier Envelopes,"? 8,726.3",8,40%,-? 574.9
ORD-6716,14-02-2024,15-02-2024,Standard Class,CUST-1184,Anjali Rao,Home Office,West,Gujarat,Surat,Office Supplies,Envelopes,A4 Envelopes (Pack of 50),"? 5,210.8",8,20%,? 884.4
ORD-6141,21-01-2024,28-01-2024,Standard Class,CUST-1099,Naveen Verma,Consumer,North,Punjab,Ludhiana,Technology,Machines,Laminating Machine,"? 65,636.9",2,20%,"? 15,899.2"
ORD-5401,28-02-2025,02-03-2025,First Class,CUST-1148,Arjun Nair,Home Office,South,Karnataka,Bengaluru,Office Supplies,Labels,Barcode Labels,"? 2,883.5",2,0%,? 157.8
ORD-5923,07-12-2025,14-12-2025,First Class,CUST-1215,Meena Prasad,Corporate,West,Rajasthan,Udaipur,Office Supplies,Binders,Presentation Binder,"? 4,207.8",5,10%,? 444.1
ORD-6669,12-02-2024,13-02-2024,Second Class,CUST-1196,Revathi Kumar,Corporate,South,Kerala,Kozhikode,Technology,Copiers,Multi-function Printer,"? 65,313.7",7,40%,"? 18,477.2"
ORD-5999,18-11-2024,23-11-2024,Second Class,CUST-1110,Vijay Menon,Consumer,West,Gujarat,Surat,Office Supplies,Envelopes,A4 Envelopes (Pack of 50),"? 6,791.4",7,15%,"-? 1,004.2"
ORD-5136,10-07-2025,11-07-2025,Same Day,CUST-1209,Kiran Krishnan,Corporate,North,Delhi,New Delhi,Technology,Machines,Laser Printer,"? 2,26,578.9",7,20%,"? 75,418.7"
ORD-5155,11-12-2025,13-12-2025,Second Class,CUST-1218,Suresh Balan,Home Office,East,West Bengal,Kolkata,Office Supplies,Envelopes,A4 Envelopes (Pack of 50),"? 4,036.5",7,0%,? 689.4
ORD-5916,19-09-2025,20-09-2025,Standard Class,CUST-1217,Anjali Iyer,Corporate,North,Uttar Pradesh,Kanpur,Technology,Phones,Bluetooth Headset,"? 10,098.8",2,0%,-? 808.4
ORD-5657,12-03-2024,16-03-2024,Same Day,CUST-1018,Anjali Naidu,Consumer,South,Andhra Pradesh,Visakhapatnam,Office Supplies,Storage,Filing Cabinet,"? 1,065.6",1,30%,-? 0.8
ORD-5504,20-04-2024,21-04-2024,Standard Class,CUST-1091,Divya Iyer,Home Office,South,Tamil Nadu,Coimbatore,Technology,Accessories,Laptop Sleeve,"? 63,785.3",3,10%,"-? 5,177.1"
ORD-6795,09-08-2024,13-08-2024,Same Day,CUST-1003,Divya Rao,Consumer,North,Haryana,Gurugram,Furniture,Tables,Adjustable Laptop Table,"? 31,695.9",4,15%,"? 1,631.8"
ORD-5111,02-02-2024,09-02-2024,Same Day,CUST-1089,Swathi Verma,Corporate,EAST,West Bengal,Kolkata,Office Supplies,Binders,Presentation Binder,? 885.4,1,10%,? 195.0
ORD-5758,14-11-2024,17-11-2024,Second Class,CUST-1064,Nithya Subramaniam,Corporate,North,Delhi,New Delhi,Office Supplies,Envelopes,A4 Envelopes (Pack of 50),"? 1,432.0",2,0%,? 307.6
ORD-6205,05-07-2025,06-07-2025,Standard Class,CUST-1142,Ramesh Menon,Home Office,West,Rajasthan,Jaipur,Furniture,Bookcases,3-Shelf Bookcase,"? 25,684.2",7,10%,"? 4,939.1"
ORD-6640,19-11-2025,22-11-2025,Second Class,CUST-1144,Sneha Pillai,Home Office,South,Andhra Pradesh,Vijayawada,Office Supplies,Binders,Clip Binder,? 602.7,2,20%,? 171.8
ORD-6805,05-04-2024,10-04-2024,Standard Class,CUST-1017,Naveen Rao,Consumer,East,Jharkhand,Ranchi,Office Supplies,Art,Highlighter Pack,"? 4,366.9",7,0%,? 891.2
ORD-6164,11-09-2024,15-09-2024,First Class,CUST-1058,Arjun Reddy,Home Office,West,Maharashtra,Nagpur,Office Supplies,Storage,Filing Cabinet,? 566.6,1,15%,? 143.6
ORD-6648,10-07-2024,15-07-2024,Standard Class,CUST-1028,Anjali Krishnan,Home Office,South,Andhra Pradesh,Visakhapatnam,Office Supplies,Binders,Presentation Binder,"? 11,015.9",9,30%,"-? 1,571.0"
ORD-5477,17-04-2024,20-04-2024,First Class,CUST-1036,Vijay Nambiar,Home Office,West,Gujarat,Surat,Furniture,Furnishings,Office Cushion,"? 19,995.3",8,10%,"? 1,461.3"
ORD-6347,07-12-2025,08-12-2025,Standard Class,CUST-1072,Meena Pillai,Home Office,South,Tamil Nadu,Madurai,Office Supplies,Labels,Address Label Pack,"? 2,289.4",6,0%,-? 234.4
ORD-6349,23-06-2024,28-06-2024,Standard Class,CUST-1079,Divya Verma,Consumer,North,Haryana,Faridabad,Office Supplies,Labels,Barcode Labels,? 449.1,2,0%,-? 27.1
ORD-6730,16-04-2025,19-04-2025,Second Class,CUST-1057,Sanjay Pillai,Home Office,West,Rajasthan,Udaipur,Technology,Copiers,Desktop Copier,"? 2,06,175.1",9,20%,"? 20,195.9"
ORD-6309,27-06-2025,30-06-2025,Same Day,CUST-1091,Divya Iyer,Home Office,North,Delhi,New Delhi,Office Supplies,Storage,Plastic Storage Box,"? 7,165.4",7,0%,? 967.4
ORD-5733,01-10-2024,05-10-2024,First Class,CUST-1175,Arun Iyer,Corporate,West,Gujarat,Vadodara,Technology,Machines,Label Printer,"? 24,981.9",4,0%,"? 8,092.6"
ORD-6336,25-08-2024,30-08-2024,Second Class,CUST-1168,Anitha Sharma,Corporate,West,Gujarat,Ahmedabad,Office Supplies,Binders,3-Ring Binder,"? 3,311.5",3,0%,-? 491.2
ORD-5798,07-01-2025,14-01-2025,Same Day,CUST-1092,Deepa Gowda,Corporate,East,Jharkhand,Ranchi,Technology,Accessories,Laptop Sleeve,"? 85,667.6",3,40%,"-? 5,337.6"
ORD-5854,25-11-2024,02-12-2024,Standard Class,CUST-1151,Deepa Rao,Consumer,West,Rajasthan,Jaipur,Furniture,Furnishings,Wall Clock,"? 37,635.3",6,10%,"? 3,110.3"
ORD-6603,08-10-2025,09-10-2025,Same Day,CUST-1035,Manoj Pillai,Consumer,South,Andhra Pradesh,Vijayawada,Office Supplies,Binders,3-Ring Binder,"? 4,224.0",7,15%,-? 361.4
ORD-6167,22-11-2024,24-11-2024,First Class,CUST-1089,Swathi Verma,Corporate,West,Rajasthan,Jaipur,Office Supplies,Paper,Sticky Notes Pack,"? 1,891.4",3,0%,? 444.9
ORD-5957,17-09-2024,21-09-2024,Second Class,CUST-1201,Vijay Prasad,Corporate,East,Bihar,Patna,Office Supplies,Binders,Clip Binder,"? 4,807.8",7,30%,? 31.6
ORD-5924,13-01-2024,15-01-2024,First Class,CUST-1193,Sneha Naidu,Home Office,West,Gujarat,Ahmedabad,Office Supplies,Envelopes,Courier Envelopes,"? 1,870.5",3,40%,? 168.5
ORD-6541,23-01-2024,28-01-2024,Second Class,CUST-1214,Arjun Chandran,Consumer,South,Kerala,Kozhikode,Technology,Phones,Cordless Landline Phone,"? 2,41,038.0",9,15%,-? 803.3
ORD-5760,23-12-2025,26-12-2025,First Class,CUST-1117,Kiran Reddy,Consumer,West,Gujarat,Ahmedabad,Office Supplies,Art,Sketch Pen Set,"? 2,092.8",5,15%,? 416.0
ORD-5245,12-04-2024,15-04-2024,Second Class,CUST-1215,Meena Prasad,Corporate,South,Karnataka,Mysuru,Office Supplies,Storage,File Organizer Tray,"? 5,935.8",6,20%,"? 1,954.8"
ORD-5500,20-07-2024,22-07-2024,Same Day,CUST-1033,Sneha Subramaniam,Consumer,North,Uttar Pradesh,Lucknow,Office Supplies,Binders,3-Ring Binder,"? 6,989.3",6,15%,-? 184.7
ORD-5616,03-05-2025,08-05-2025,Second Class,CUST-1167,Kiran Raj,Corporate,West,Maharashtra,Mumbai,Office Supplies,Binders,3-Ring Binder,"? 2,613.0",3,0%,? 221.8
ORD-5879,03-08-2025,04-08-2025,Same Day,CUST-1109,Vikram Mahesh,Consumer,West,Rajasthan,Jaipur,Office Supplies,Binders,3-Ring Binder,"? 9,157.0",7,15%,"? 1,765.5"
ORD-5885,18-07-2025,20-07-2025,Second Class,CUST-1056,Naveen Kumar,Home Office,East,Jharkhand,Ranchi,Technology,Phones,Bluetooth Headset,"? 17,596.9",3,30%,"? 2,420.2"
ORD-6110,09-05-2024,11-05-2024,Same Day,CUST-1002,Anitha Nair,Home Office,West,Rajasthan,Jaipur,Office Supplies,Labels,Address Label Pack,"? 9,759.4",9,10%,? 563.0
ORD-5702,12-09-2025,16-09-2025,First Class,CUST-1114,Ganesh Mahesh,Home Office,East,West Bengal,Kolkata,Furniture,Tables,Conference Table 6-Seater,"? 45,930.0",4,40%,"? 9,487.6"
ORD-6757,25-09-2024,29-09-2024,Second Class,CUST-1198,Ishita Nambiar,Home Office,South,Kerala,Thiruvananthapuram,Office Supplies,Labels,Barcode Labels,"? 4,941.3",4,30%,? 620.6
ORD-5847,13-06-2024,15-06-2024,Standard Class,CUST-1213,Rahul Kumar,Consumer,North,Haryana,Faridabad,Technology,Accessories,Power Bank,"? 81,839.8",4,20%,"? 21,633.7"
ORD-6335,26-03-2025,27-03-2025,Standard Class,CUST-1174,Sneha Rao,Corporate,North,Haryana,Faridabad,Office Supplies,Art,Whiteboard Markers,"? 3,784.6",4,30%,? 49.7
ORD-5610,14-02-2024,19-02-2024,Standard Class,CUST-1009,Anitha Balan,Home Office,West,Maharashtra,Pune,Office Supplies,Labels,Address Label Pack,"? 1,238.3",5,15%,? 30.0
ORD-5833,28-09-2025,01-10-2025,First Class,CUST-1142,Ramesh Menon,Home Office,East,West Bengal,Howrah,Office Supplies,Labels,Barcode Labels,"? 9,455.4",8,40%,"? 1,717.3"
ORD-5874,29-03-2024,03-04-2024,Standard Class,CUST-1140,Ramesh Iyer,Consumer,East,Odisha,Bhubaneswar,Office Supplies,Binders,Clip Binder,"? 1,418.6",7,0%,-? 153.5
ORD-5690,25-08-2025,30-08-2025,Second Class,CUST-1056,Naveen Kumar,Home Office,North,Haryana,Gurugram,Furniture,Tables,Compact Study Table,"? 21,220.5",8,20%,"? 4,879.8"
ORD-5400,18-10-2024,21-10-2024,Same Day,CUST-1127,Sneha Menon,Corporate,North,Uttar Pradesh,Noida,Technology,Phones,Smartphone A12,"? 2,65,448.8",8,15%,"-? 18,078.3"
ORD-6240,12-11-2025,14-11-2025,Standard Class,CUST-1195,Ganesh Menon,Corporate,NORTH,Uttar Pradesh,Noida,Office Supplies,Binders,Presentation Binder,? 694.6,1,40%,? 225.5
ORD-5888,20-08-2025,24-08-2025,Same Day,CUST-1197,Lakshmi Sharma,Corporate,East,Bihar,Patna,Office Supplies,Binders,Presentation Binder,"? 2,412.6",2,30%,-? 171.0
ORD-5463,07-02-2024,11-02-2024,Standard Class,CUST-1158,Vijay Verma,Home Office,East,Jharkhand,Ranchi,Office Supplies,Binders,Presentation Binder,"? 4,011.1",5,30%,"? 1,181.5"
ORD-6667,09-04-2025,12-04-2025,Second Class,CUST-1212,Manoj Verma,Consumer,West,Rajasthan,Jaipur,Technology,Phones,Smartphone A12,"? 1,73,469.3",9,30%,"? 6,937.9"
ORD-5793,13-09-2025,20-09-2025,Same Day,CUST-1140,Ramesh Iyer,Consumer,South,Andhra Pradesh,Visakhapatnam,Technology,Phones,Cordless Landline Phone,"? 23,986.6",1,20%,"? 1,192.5"
ORD-6726,14-10-2024,16-10-2024,First Class,CUST-1089,Swathi Verma,Corporate,West,Rajasthan,Jaipur,Office Supplies,Art,Sketch Pen Set,"? 4,328.6",6,15%,? 724.9
ORD-6574,20-06-2024,24-06-2024,Second Class,CUST-1066,Sanjay Menon,Consumer,West,Rajasthan,Udaipur,Office Supplies,Art,Whiteboard Markers,? 64.6,1,40%,? 3.2
ORD-5210,15-01-2024,18-01-2024,Standard Class,CUST-1102,Karthik Verma,Consumer,West,Maharashtra,Nagpur,Furniture,Tables,Compact Study Table,"? 85,910.4",7,15%,"-? 5,712.2"
ORD-6156,11-03-2025,12-03-2025,Standard Class,CUST-1098,Deepa Reddy,Corporate,South,Tamil Nadu,Madurai,Furniture,Chairs,Executive Recliner,"? 47,298.6",3,10%,"? 9,808.2"
ORD-5396,30-06-2025,03-07-2025,First Class,CUST-1037,Sathish Sharma,Home Office,South,Tamil Nadu,Trichy,Technology,Accessories,Power Bank,"? 2,87,387.7",9,20%,"? 49,896.8"
ORD-6615,13-11-2025,15-11-2025,Second Class,CUST-1075,Vikram Sharma,Home Office,North,Punjab,Amritsar,Furniture,Bookcases,Metal Bookrack,"? 33,247.6",7,40%,"? 10,369.6"
ORD-5529,31-07-2024,05-08-2024,Second Class,CUST-1183,Deepa Kumar,Home Office,South,Andhra Pradesh,Vijayawada,Furniture,Furnishings,Office Cushion,"? 6,973.5",1,0%,-? 172.2
ORD-5741,19-06-2025,26-06-2025,Second Class,CUST-1209,Kiran Krishnan,Corporate,West,Maharashtra,Pune,Office Supplies,Storage,File Organizer Tray,"? 1,819.3",7,0%,-? 29.0
ORD-6057,05-02-2025,08-02-2025,Same Day,CUST-1012,Ramesh Nair,Consumer,North,Punjab,Ludhiana,Furniture,Chairs,Ergo Mesh Office Chair,"? 30,235.6",2,15%,"-? 1,121.1"
ORD-6731,21-07-2025,28-07-2025,Standard Class,CUST-1142,Ramesh Menon,Home Office,North,Uttar Pradesh,Noida,Office Supplies,Binders,Clip Binder,"? 1,299.5",2,10%,? 15.7
ORD-5868,01-07-2025,02-07-2025,Standard Class,CUST-1005,Arun Krishnan,Consumer,SOUTH,Kerala,Thiruvananthapuram,Office Supplies,Labels,Address Label Pack,"? 9,349.9",9,0%,? 975.9
ORD-5040,06-01-2025,07-01-2025,First Class,CUST-1063,Arjun Prasad,Consumer,North,Uttar Pradesh,Lucknow,Office Supplies,Paper,A4 Copy Paper (500 sheets),"? 4,973.3",4,0%,-? 620.2
ORD-6566,19-10-2024,24-10-2024,Second Class,CUST-1204,Sneha Varma,Corporate,East,Jharkhand,Ranchi,Office Supplies,Binders,Presentation Binder,"? 3,948.4",5,0%,-? 194.5
ORD-5771,17-09-2025,22-09-2025,First Class,CUST-1090,Ishita Chandran,Consumer,East,West Bengal,Kolkata,Furniture,Tables,Compact Study Table,"? 12,964.0",3,30%,-? 967.5
ORD-5250,12-08-2024,16-08-2024,Standard Class,CUST-1090,Ishita Chandran,Consumer,West,Maharashtra,Pune,Office Supplies,Binders,Presentation Binder,"? 9,611.6",8,40%,"? 2,794.8"
ORD-5804,26-08-2025,02-09-2025,Second Class,CUST-1062,Arjun Reddy,Home Office,EAST,West Bengal,Howrah,Technology,Machines,Label Printer,"? 82,001.8",5,15%,"-? 1,467.8"
ORD-6340,06-01-2025,09-01-2025,First Class,CUST-1212,Manoj Verma,Consumer,South,Kerala,Thiruvananthapuram,Office Supplies,Storage,Filing Cabinet,"? 1,646.1",3,15%,? 113.9
ORD-6008,07-08-2025,10-08-2025,Same Day,CUST-1028,Anjali Krishnan,Home Office,South,Kerala,Kozhikode,Office Supplies,Envelopes,A4 Envelopes (Pack of 50),"? 2,597.1",2,0%,? 380.3
ORD-5015,15-10-2025,19-10-2025,Same Day,CUST-1164,Meena Subramaniam,Corporate,South,Tamil Nadu,Madurai,Office Supplies,Art,Whiteboard Markers,? 920.1,8,0%,? 240.2
ORD-5526,16-04-2025,20-04-2025,Same Day,CUST-1122,Nithya Krishnan,Corporate,South,Tamil Nadu,Madurai,Office Supplies,Art,Whiteboard Markers,"? 2,945.7",3,30%,-? 74.9
ORD-5960,24-01-2024,29-01-2024,Second Class,CUST-1067,Priya Verma,Home Office,North,Punjab,Ludhiana,Technology,Copiers,Desktop Copier,"? 26,548.1",5,40%,"-? 2,328.8"
ORD-6296,30-12-2025,02-01-2026,Standard Class,CUST-1163,Sanjay Chandran,Consumer,West,Maharashtra,Pune,Office Supplies,Paper,Sticky Notes Pack,"? 2,826.2",2,0%,-? 304.5
ORD-5341,30-07-2024,04-08-2024,Standard Class,CUST-1131,Vijay Prasad,Corporate,North,Uttar Pradesh,Noida,Furniture,Bookcases,Metal Bookrack,"? 28,053.0",6,40%,"-? 3,496.4"
ORD-5070,05-03-2024,06-03-2024,First Class,CUST-1209,Kiran Krishnan,Corporate,East,West Bengal,Kolkata,Office Supplies,Storage,Filing Cabinet,"? 1,665.3",3,0%,? 186.1
ORD-5174,23-01-2024,24-01-2024,Same Day,CUST-1173,Kavya Prasad,Corporate,West,Rajasthan,Udaipur,Technology,Phones,Cordless Landline Phone,"? 14,313.4",7,30%,"? 1,403.6"
ORD-6146,07-11-2025,14-11-2025,Standard Class,CUST-1041,Revathi Rao,Corporate,South,Kerala,Kochi,Technology,Phones,Smartphone A12,"? 1,72,059.8",9,40%,"? 51,689.6"
ORD-6373,01-06-2024,06-06-2024,Standard Class,CUST-1171,Vijay Naidu,Corporate,East,Jharkhand,Ranchi,Furniture,Tables,Compact Study Table,"? 11,046.8",7,30%,"? 2,327.8"
ORD-6483,17-05-2025,18-05-2025,First Class,CUST-1202,Ishita Reddy,Home Office,West,Gujarat,Vadodara,Office Supplies,Paper,A4 Copy Paper (500 sheets),? 644.3,1,30%,? 168.3
ORD-6489,01-04-2025,02-04-2025,Second Class,CUST-1092,Deepa Gowda,Corporate,West,Maharashtra,Nagpur,Office Supplies,Binders,Presentation Binder,"? 10,436.9",8,0%,? 532.9
ORD-6135,15-05-2025,17-05-2025,Same Day,CUST-1032,Anjali Rao,Consumer,East,West Bengal,Kolkata,Office Supplies,Envelopes,Courier Envelopes,? 481.8,2,20%,? 97.4
ORD-5502,21-01-2025,24-01-2025,Same Day,CUST-1209,Kiran Krishnan,Corporate,South,Karnataka,Bengaluru,Technology,Copiers,Desktop Copier,"? 2,769.8",1,0%,-? 7.0
ORD-6488,15-04-2024,19-04-2024,Standard Class,CUST-1104,Vijay Naidu,Consumer,North,Punjab,Ludhiana,Office Supplies,Paper,Sticky Notes Pack,? 565.3,3,30%,? 93.5
ORD-5137,18-04-2024,19-04-2024,Standard Class,CUST-1037,Sathish Sharma,Home Office,South,Kerala,Kochi,Office Supplies,Labels,Address Label Pack,"? 5,499.5",9,0%,? 123.7
ORD-6066,16-02-2025,21-02-2025,Second Class,CUST-1212,Manoj Verma,Consumer,East,Jharkhand,Ranchi,Technology,Copiers,Desktop Copier,"? 1,03,557.8",6,30%,"? 17,437.9"
ORD-6237,10-01-2025,14-01-2025,Standard Class,CUST-1200,Naveen Balan,Home Office,NORTH,Haryana,Faridabad,Office Supplies,Binders,Clip Binder,"? 5,038.8",9,30%,? 156.3
ORD-5846,30-01-2024,06-02-2024,First Class,CUST-1162,Kiran Reddy,Consumer,East,Bihar,Patna,Technology,Machines,Label Printer,"? 14,934.0",1,20%,"? 1,181.3"
ORD-6137,18-05-2025,21-05-2025,Same Day,CUST-1098,Deepa Reddy,Corporate,West,Gujarat,Ahmedabad,Furniture,Tables,Compact Study Table,"? 12,629.2",9,20%,? 927.1
ORD-6526,24-10-2025,31-10-2025,Second Class,CUST-1203,Karthik Menon,Home Office,East,Bihar,Patna,Office Supplies,Labels,Address Label Pack,? 711.8,2,0%,-? 85.9
ORD-5777,28-06-2025,05-07-2025,Second Class,CUST-1039,Naveen Nair,Corporate,East,Odisha,Bhubaneswar,Furniture,Chairs,Ergo Mesh Office Chair,"? 63,027.1",5,20%,"? 21,172.5"
ORD-6271,07-10-2025,11-10-2025,First Class,CUST-1179,Ishita Subramaniam,Corporate,North,Uttar Pradesh,Lucknow,Furniture,Bookcases,3-Shelf Bookcase,"? 9,620.6",2,20%,"? 2,608.0"
ORD-6124,24-02-2024,25-02-2024,First Class,CUST-1105,Meena Naidu,Consumer,South,Tamil Nadu,Chennai,Office Supplies,Binders,3-Ring Binder,? 89.0,1,40%,-? 7.3
ORD-6184,03-08-2025,05-08-2025,Standard Class,CUST-1150,Naveen Rao,Home Office,West,Rajasthan,Jaipur,Office Supplies,Labels,Address Label Pack,? 216.8,1,0%,-? 7.6
ORD-5379,08-12-2024,13-12-2024,First Class,CUST-1068,Karthik Krishnan,Home Office,East,West Bengal,Kolkata,Technology,Accessories,Mechanical Keyboard,"? 15,854.9",4,40%,"? 2,320.4"
ORD-5722,25-08-2024,28-08-2024,Second Class,CUST-1194,Pooja Reddy,Home Office,East,Bihar,Patna,Office Supplies,Labels,Barcode Labels,"? 1,802.2",3,0%,? 463.2
ORD-6777,30-04-2024,07-05-2024,Standard Class,CUST-1149,Ramesh Reddy,Home Office,East,West Bengal,Howrah,Office Supplies,Storage,Plastic Storage Box,"? 6,624.4",8,20%,-? 356.4
ORD-6481,30-04-2024,07-05-2024,Same Day,CUST-1215,Meena Prasad,Corporate,East,West Bengal,Howrah,Office Supplies,Labels,Barcode Labels,"? 7,125.1",7,40%,-? 962.8
ORD-5728,13-08-2024,20-08-2024,Standard Class,CUST-1219,Praveen Rao,Home Office,West,Gujarat,Surat,Furniture,Tables,Adjustable Laptop Table,"? 18,517.3",2,10%,"-? 2,748.0"
ORD-5934,17-09-2024,22-09-2024,Same Day,CUST-1056,Naveen Kumar,Home Office,West,Rajasthan,Jaipur,Office Supplies,Storage,Filing Cabinet,"? 9,078.7",9,30%,"? 1,012.8"
ORD-6355,11-01-2024,13-01-2024,Standard Class,CUST-1132,Suresh Gowda,Consumer,West,Rajasthan,Udaipur,Office Supplies,Envelopes,Courier Envelopes,? 371.6,1,20%,? 97.8
ORD-5000,20-11-2024,24-11-2024,First Class,CUST-1132,Suresh Gowda,Consumer,East,Jharkhand,Ranchi,Technology,Copiers,Multi-function Printer,"? 1,78,194.6",9,40%,"? 29,112.4"
ORD-6449,03-10-2024,04-10-2024,Second Class,CUST-1090,Ishita Chandran,Consumer,West,Rajasthan,Jaipur,Office Supplies,Storage,File Organizer Tray,"? 4,095.6",3,0%,-? 372.9
ORD-6182,09-11-2024,12-11-2024,Second Class,CUST-1163,Sanjay Chandran,Consumer,East,Odisha,Bhubaneswar,Furniture,Furnishings,Wall Clock,"? 6,389.1",2,30%,"? 1,311.3"
ORD-5570,30-08-2025,01-09-2025,Standard Class,CUST-1029,Rahul Reddy,Home Office,East,Jharkhand,Ranchi,Office Supplies,Paper,A4 Copy Paper (500 sheets),"? 9,738.9",9,0%,? 512.9
ORD-6332,01-02-2024,02-02-2024,Standard Class,CUST-1137,Praveen Kumar,Home Office,West,Gujarat,Surat,Technology,Phones,Smartphone A12,"? 54,770.3",5,0%,"? 8,255.3"
ORD-6494,29-10-2024,05-11-2024,Second Class,CUST-1126,Ramesh Naidu,Consumer,West,Gujarat,Ahmedabad,Office Supplies,Storage,Plastic Storage Box,? 195.3,3,10%,? 15.5
ORD-5619,12-08-2024,16-08-2024,Same Day,CUST-1015,Kavya Gowda,Home Office,West,Rajasthan,Jaipur,Technology,Copiers,Multi-function Printer,"? 87,120.8",3,0%,"? 21,925.7"
ORD-5593,17-12-2025,24-12-2025,Same Day,CUST-1143,Vijay Subramaniam,Consumer,West,Maharashtra,Pune,Office Supplies,Binders,Presentation Binder,? 661.3,6,15%,? 212.6
ORD-6022,05-04-2025,07-04-2025,Second Class,CUST-1205,Karthik Verma,Home Office,North,Haryana,Faridabad,Office Supplies,Art,Sketch Pen Set,"? 1,710.0",8,30%,-? 69.4
ORD-5429,01-10-2024,08-10-2024,Standard Class,CUST-1022,Sneha Verma,Corporate,East,West Bengal,Kolkata,Office Supplies,Paper,A4 Copy Paper (500 sheets),"? 6,628.3",7,30%,? 61.8
ORD-6241,29-09-2025,03-10-2025,Second Class,CUST-1044,Kavya Verma,Consumer,West,Rajasthan,Jaipur,Office Supplies,Envelopes,A4 Envelopes (Pack of 50),"? 3,389.2",4,10%,? 440.1
ORD-6395,09-01-2024,12-01-2024,First Class,CUST-1035,Manoj Pillai,Consumer,South,Karnataka,Mangaluru,Furniture,Tables,Adjustable Laptop Table,"? 90,863.4",7,0%,"? 14,917.1"
ORD-5025,25-10-2025,27-10-2025,First Class,CUST-1060,Lakshmi Prasad,Home Office,East,Bihar,Patna,Office Supplies,Art,Whiteboard Markers,"? 7,603.6",9,0%,"? 2,144.3"
ORD-5287,01-07-2025,02-07-2025,First Class,CUST-1181,Manoj Nambiar,Consumer,West,Maharashtra,Pune,Office Supplies,Envelopes,Courier Envelopes,"? 2,948.1",8,10%,? 61.8
ORD-6067,30-05-2024,02-06-2024,Second Class,CUST-1120,Divya Nambiar,Consumer,South,Kerala,Kochi,Technology,Machines,Laminating Machine,"? 20,976.9",3,10%,"-? 2,010.1"
ORD-5106,22-06-2025,26-06-2025,Same Day,CUST-1199,Rahul Subramaniam,Corporate,North,Delhi,New Delhi,Furniture,Tables,Adjustable Laptop Table,"? 81,727.1",8,0%,"? 15,540.2"
ORD-6473,03-02-2024,08-02-2024,First Class,CUST-1133,Sanjay Verma,Corporate,West,Gujarat,Vadodara,Furniture,Furnishings,Desk Lamp,"? 12,070.0",2,0%,-? 470.0
ORD-5658,20-05-2025,27-05-2025,Second Class,CUST-1057,Sanjay Pillai,Home Office,South,Kerala,Kozhikode,Furniture,Tables,Compact Study Table,"? 1,02,309.5",7,10%,"-? 6,640.3"
ORD-6380,26-04-2025,30-04-2025,Standard Class,CUST-1031,Naveen Naidu,Corporate,South,Andhra Pradesh,Visakhapatnam,Office Supplies,Binders,Presentation Binder,"? 8,032.0",6,20%,-? 755.2
ORD-5402,28-02-2025,02-03-2025,Same Day,CUST-1107,Lakshmi Chandran,Home Office,East,Odisha,Bhubaneswar,Office Supplies,Art,Whiteboard Markers,? 447.3,5,40%,? 58.0
ORD-6151,22-08-2024,29-08-2024,Second Class,CUST-1099,Naveen Verma,Consumer,South,Kerala,Kochi,Technology,Copiers,Desktop Copier,"? 1,26,143.0",4,0%,"? 11,826.3"
ORD-6834,02-08-2024,03-08-2024,Same Day,CUST-1081,Ganesh Rao,Consumer,East,Bihar,Patna,Office Supplies,Storage,File Organizer Tray,"? 5,253.7",8,0%,? 816.5
ORD-5360,02-05-2025,09-05-2025,Standard Class,CUST-1131,Vijay Prasad,Corporate,West,Gujarat,Vadodara,Office Supplies,Art,Whiteboard Markers,"? 9,541.2",8,30%,"? 1,805.6"
ORD-5487,01-11-2024,05-11-2024,Second Class,CUST-1184,Anjali Rao,Home Office,South,Kerala,Kochi,Office Supplies,Storage,Filing Cabinet,"? 4,844.2",4,10%,"? 1,095.1"
ORD-5850,26-09-2024,28-09-2024,Second Class,CUST-1196,Revathi Kumar,Corporate,North,Uttar Pradesh,Noida,Furniture,Furnishings,Desk Lamp,"? 76,980.8",5,0%,? 917.5
ORD-5543,11-02-2025,15-02-2025,Standard Class,CUST-1083,Karthik Raj,Consumer,West,Gujarat,Surat,Office Supplies,Labels,Barcode Labels,"? 1,125.3",1,30%,? 71.7
ORD-6492,19-02-2025,23-02-2025,First Class,CUST-1217,Anjali Iyer,Corporate,West,Maharashtra,Nagpur,Furniture,Tables,Compact Study Table,"? 14,288.3",3,30%,-? 752.9
ORD-5371,17-01-2024,18-01-2024,Second Class,CUST-1209,Kiran Krishnan,Corporate,North,Delhi,New Delhi,Technology,Phones,Cordless Landline Phone,"? 1,88,179.3",8,0%,"? 41,498.4"
ORD-6538,19-10-2025,20-10-2025,Second Class,CUST-1038,Swathi Naidu,Home Office,West,Maharashtra,Mumbai,Office Supplies,Art,Whiteboard Markers,"? 2,459.1",8,10%,? 597.7
ORD-6265,07-08-2025,14-08-2025,Same Day,CUST-1096,Anitha Sharma,Consumer,East,Bihar,Patna,Furniture,Bookcases,Oak Bookcase,"? 5,869.7",3,0%,? 200.4
ORD-5459,04-08-2024,06-08-2024,Same Day,CUST-1198,Ishita Nambiar,Home Office,South,Kerala,Kozhikode,Furniture,Chairs,Ergo Mesh Office Chair,"? 57,038.0",8,30%,"? 16,221.1"
ORD-6051,12-01-2025,14-01-2025,Standard Class,CUST-1124,Praveen Subramaniam,Corporate,West,Gujarat,Surat,Office Supplies,Paper,Sticky Notes Pack,"? 6,347.4",6,0%,-? 32.7
ORD-6676,22-07-2025,29-07-2025,Same Day,CUST-1084,Karthik Raj,Corporate,West,Maharashtra,Mumbai,Office Supplies,Envelopes,A4 Envelopes (Pack of 50),"? 6,545.4",5,20%,-? 772.3
ORD-6432,04-12-2025,09-12-2025,First Class,CUST-1150,Naveen Rao,Home Office,West,Gujarat,Ahmedabad,Office Supplies,Envelopes,A4 Envelopes (Pack of 50),"? 3,462.6",7,15%,? 825.0
ORD-5328,07-09-2024,12-09-2024,Standard Class,CUST-1163,Sanjay Chandran,Consumer,North,Punjab,Ludhiana,Office Supplies,Binders,Presentation Binder,"? 1,185.6",5,20%,? 367.8
ORD-5953,25-04-2025,28-04-2025,First Class,CUST-1190,Lakshmi Chandran,Corporate,South,Andhra Pradesh,Visakhapatnam,Office Supplies,Labels,Address Label Pack,"? 2,093.2",5,10%,? 13.7
ORD-6314,20-07-2024,27-07-2024,Second Class,CUST-1165,Ishita Verma,Corporate,WEST,Rajasthan,Udaipur,Office Supplies,Art,Sketch Pen Set,? 273.7,6,0%,-? 4.1
ORD-5553,10-01-2024,11-01-2024,Same Day,CUST-1209,Kiran Krishnan,Corporate,North,Delhi,New Delhi,Furniture,Chairs,Wooden Study Chair,"? 79,764.2",8,40%,"? 18,222.6"
ORD-5734,12-05-2024,17-05-2024,Second Class,CUST-1085,Karthik Prasad,Consumer,South,Tamil Nadu,Trichy,Furniture,Bookcases,Oak Bookcase,"? 1,22,944.1",9,10%,"? 3,817.3"
ORD-6637,19-03-2025,23-03-2025,Same Day,CUST-1087,Revathi Nair,Home Office,North,Haryana,Gurugram,Office Supplies,Labels,Barcode Labels,"? 2,259.0",2,40%,-? 162.6
ORD-5150,04-10-2025,08-10-2025,First Class,CUST-1006,Anitha Prasad,Home Office,East,Jharkhand,Ranchi,Office Supplies,Binders,Clip Binder,"? 2,356.0",6,40%,? 766.0
ORD-6520,04-04-2024,06-04-2024,Standard Class,CUST-1182,Ramesh Raj,Home Office,WEST,Gujarat,Surat,Furniture,Bookcases,Metal Bookrack,"? 15,919.7",3,30%,-? 469.9
ORD-6629,02-08-2024,05-08-2024,Same Day,CUST-1016,Ramesh Raj,Home Office,West,Maharashtra,Pune,Furniture,Furnishings,Wall Clock,"? 34,410.6",2,10%,"? 10,680.7"
ORD-5882,15-02-2025,17-02-2025,Same Day,CUST-1187,Anjali Subramaniam,Home Office,North,Punjab,Amritsar,Office Supplies,Art,Whiteboard Markers,"? 3,880.8",6,20%,? 50.5
ORD-5919,12-08-2024,14-08-2024,Same Day,CUST-1130,Divya Krishnan,Home Office,West,Maharashtra, Nagpur  ,Office Supplies,Art,Highlighter Pack,? 544.9,8,0%,? 100.7
ORD-6471,18-08-2024,22-08-2024,Standard Class,CUST-1067,Priya Verma,Home Office,West,Gujarat,Vadodara,Office Supplies,Storage,File Organizer Tray,"? 1,644.4",5,0%,? 290.1
ORD-6375,30-07-2025,31-07-2025,Same Day,CUST-1198,Ishita Nambiar,Home Office,South,Andhra Pradesh,Vijayawada,Office Supplies,Binders,3-Ring Binder,? 271.6,3,0%,-? 25.9
ORD-5279,04-10-2024,08-10-2024,Standard Class,CUST-1063,Arjun Prasad,Consumer,North,Haryana,Faridabad,Furniture,Chairs,Ergo Mesh Office Chair,"? 26,047.6",2,10%,"-? 1,733.3"
ORD-6598,03-01-2024,05-01-2024,Second Class,CUST-1134,Lakshmi Reddy,Corporate,North,Uttar Pradesh,Lucknow,Office Supplies,Paper,Sticky Notes Pack,"? 11,392.5",9,30%,"? 1,031.7"
ORD-6670,12-01-2025,13-01-2025,Same Day,CUST-1026,Kavya Gowda,Consumer,West,Gujarat,Ahmedabad,Technology,Machines,Label Printer,"? 49,616.6",6,30%,? 347.7
ORD-6257,18-06-2025,23-06-2025,Same Day,CUST-1004,Ganesh Chandran,Consumer,West,Maharashtra,Pune,Office Supplies,Art,Highlighter Pack,"? 7,832.7",6,10%,-? 668.9
ORD-5311,27-07-2024,01-08-2024,Second Class,CUST-1145,Swathi Pillai,Consumer,North,Haryana,Gurugram,Office Supplies,Envelopes,A4 Envelopes (Pack of 50),"? 6,814.1",5,0%,-? 817.3
ORD-5166,14-02-2025,15-02-2025,Same Day,CUST-1077,Rahul Gowda,Corporate,East,Bihar,Patna,Office Supplies,Labels,Barcode Labels,"? 1,615.0",5,0%,? 132.4
ORD-6544,07-07-2024,11-07-2024,Same Day,CUST-1172,Ramesh Krishnan,Corporate,West,Maharashtra,Pune,Office Supplies,Art,Sketch Pen Set,"? 1,351.2",9,0%,? 442.5
ORD-6229,09-03-2024,14-03-2024,Same Day,CUST-1144,Sneha Pillai,Home Office,East,Odisha,Bhubaneswar,Technology,Machines,Label Printer,"? 4,686.0",2,0%,-? 309.0
ORD-6614,29-09-2024,03-10-2024,First Class,CUST-1103,Deepa Mahesh,Corporate,North,Punjab,Ludhiana,Office Supplies,Labels,Barcode Labels,"? 6,015.6",5,30%,? 404.0
ORD-5123,17-01-2025,21-01-2025,Same Day,CUST-1044,Kavya Verma,Consumer,East,Odisha,Bhubaneswar,Office Supplies,Binders,Presentation Binder,"? 6,299.0",7,30%,? 243.0
ORD-5726,26-09-2024,27-09-2024,Standard Class,CUST-1194,Pooja Reddy,Home Office,West,Gujarat,Vadodara,Office Supplies,Storage,Plastic Storage Box,"? 1,028.6",3,20%,-? 12.3
ORD-5091,30-09-2025,07-10-2025,Standard Class,CUST-1094,Priya Iyer,Consumer,South,Karnataka,Bengaluru,Office Supplies,Storage,File Organizer Tray,"? 9,355.0",9,30%,? 935.9
ORD-6617,06-11-2025,09-11-2025,Second Class,CUST-1063,Arjun Prasad,Consumer,East,Bihar,Patna,Office Supplies,Labels,Address Label Pack,? 538.2,3,15%,? 71.5
ORD-6252,11-07-2024,13-07-2024,Standard Class,CUST-1112,Revathi Raj,Home Office,East,West Bengal,Kolkata,Office Supplies,Binders,Presentation Binder,"? 8,343.0",6,0%,"? 2,142.8"
ORD-5079,09-07-2024,13-07-2024,Standard Class,CUST-1033,Sneha Subramaniam,Consumer,East,West Bengal,Howrah,Technology,Copiers,Desktop Copier,"? 2,49,239.7",8,10%,"-? 22,102.9"
ORD-6725,30-12-2024,31-12-2024,Second Class,CUST-1079,Divya Verma,Consumer,North,Uttar Pradesh,Lucknow,Office Supplies,Envelopes,A4 Envelopes (Pack of 50),"? 2,450.2",3,0%,-? 304.9
ORD-5630,20-04-2024,24-04-2024,Standard Class,CUST-1211,Vikram Naidu,Corporate,East,Odisha,Bhubaneswar,Office Supplies,Storage,Filing Cabinet,"? 5,999.9",8,0%,-? 64.9
ORD-5273,10-07-2024,15-07-2024,First Class,CUST-1027,Sneha Pillai,Home Office,North,Punjab,Amritsar,Office Supplies,Labels,Barcode Labels,"? 4,332.7",6,20%,"? 1,200.9"
ORD-6098,27-07-2025,03-08-2025,Same Day,CUST-1065,Arun Iyer,Corporate,East,Bihar,Patna,Furniture,Furnishings,Wall Clock,"? 33,695.2",6,0%,"? 5,220.8"
ORD-5073,13-04-2025,14-04-2025,Second Class,CUST-1160,Sanjay Chandran,Home Office,North,Punjab,Ludhiana,Technology,Phones,Cordless Landline Phone,"? 2,74,227.9",9,40%,"-? 6,401.3"
ORD-5592,22-08-2024,23-08-2024,First Class,CUST-1154,Priya Gowda,Home Office,West,Gujarat,Ahmedabad,Office Supplies,Paper,A4 Copy Paper (500 sheets),? 855.4,1,30%,? 45.9
ORD-5290,26-11-2024,28-11-2024,First Class,CUST-1204,Sneha Varma,Corporate,South,Tamil Nadu,Madurai,Office Supplies,Storage,Plastic Storage Box,? 225.1,2,10%,? 37.5
ORD-5373,12-04-2025,17-04-2025,Same Day,CUST-1062,Arjun Reddy,Home Office,West,Rajasthan,Jaipur,Technology,Phones,Smartphone A12,"? 29,519.5",4,30%,? 551.2
ORD-5460,06-11-2024,11-11-2024,Second Class,CUST-1007,Arun Rao,Consumer,North,Haryana,Faridabad,Furniture,Tables,Compact Study Table,"? 17,621.9",4,0%,-? 799.8
ORD-5875,04-09-2024,08-09-2024,Standard Class,CUST-1118,Nithya Krishnan,Home Office,North,Haryana,Gurugram,Office Supplies,Binders,Presentation Binder,"? 4,359.8",4,20%,-? 558.6
ORD-6644,16-05-2025,21-05-2025,First Class,CUST-1033,Sneha Subramaniam,Consumer,South,Andhra Pradesh,Vijayawada,Furniture,Chairs,Ergo Mesh Office Chair,"? 9,304.2",6,10%,? 6.0
ORD-6673,07-03-2025,09-03-2025,First Class,CUST-1164,Meena Subramaniam,Corporate,East,Jharkhand,Ranchi,Furniture,Tables,Adjustable Laptop Table,"? 25,093.2",4,15%,"? 4,828.1"
ORD-5208,23-02-2025,28-02-2025,Second Class,CUST-1002,Anitha Nair,Home Office,East,Odisha,Bhubaneswar,Technology,Accessories,USB Mouse,"? 6,600.4",1,0%,? 501.8
ORD-5983,31-08-2025,02-09-2025,First Class,CUST-1054,Arjun Subramaniam,Consumer,West,Maharashtra,Pune,Office Supplies,Storage,File Organizer Tray,"? 1,394.5",1,15%,? 349.8
ORD-6189,22-03-2025,26-03-2025,Standard Class,CUST-1038,Swathi Naidu,Home Office,East,Jharkhand,Ranchi,Furniture,Chairs,Executive Recliner,"? 15,136.2",2,10%,"? 5,197.7"
ORD-6694,23-12-2024,30-12-2024,Same Day,CUST-1032,Anjali Rao,Consumer,East,Jharkhand,Ranchi,Furniture,Furnishings,Desk Lamp,"? 82,828.9",7,20%,"? 16,970.7"
ORD-5962,12-04-2024,13-04-2024,First Class,CUST-1123,Sneha Nambiar,Home Office,East,Jharkhand,Ranchi,Furniture,Furnishings,Wall Clock,"? 48,617.1",4,40%,"? 3,321.8"
ORD-6030,25-02-2025,28-02-2025,Standard Class,CUST-1174,Sneha Rao,Corporate,South,Tamil Nadu,Coimbatore,Technology,Machines,Laser Printer,"? 1,02,504.3",8,0%,"-? 13,997.0"
ORD-5949,06-06-2025,08-06-2025,Same Day,CUST-1028,Anjali Krishnan,Home Office,South,Andhra Pradesh,Vijayawada,Office Supplies,Paper,Legal Pad,"? 4,836.4",4,15%,? 257.3
ORD-6466,20-11-2025,21-11-2025,First Class,CUST-1208,Anitha Mahesh,Home Office,West,Maharashtra,Pune,Furniture,Bookcases,Oak Bookcase,"? 52,683.5",4,0%,"? 2,346.8"
ORD-5330,12-01-2025,16-01-2025,Standard Class,CUST-1217,Anjali Iyer,Corporate,SOUTH,Andhra Pradesh,Vijayawada,Office Supplies,Paper,A4 Copy Paper (500 sheets),"? 3,846.9",9,10%,? 761.4
ORD-5176,03-03-2024,04-03-2024,Same Day,CUST-1071,Sneha Mahesh,Home Office,North,Haryana,Gurugram,Office Supplies,Envelopes,A4 Envelopes (Pack of 50),"? 7,969.5",7,20%,? 716.0
ORD-5268,26-01-2025,02-02-2025,First Class,CUST-1211,Vikram Naidu,Corporate,West,Rajasthan,Jaipur,Technology,Copiers,Multi-function Printer,"? 1,11,582.6",4,15%,"-? 11,548.3"
ORD-6356,29-05-2025,05-06-2025,Same Day,CUST-1123,Sneha Nambiar,Home Office,South,Tamil Nadu,Madurai,Office Supplies,Paper,Sticky Notes Pack,"? 3,765.3",6,40%,-? 177.6
ORD-6350,27-03-2025,03-04-2025,First Class,CUST-1096,Anitha Sharma,Consumer,East,West Bengal,Kolkata,Office Supplies,Labels,Address Label Pack,"? 2,401.8",2,40%,-? 343.0
ORD-5302,03-04-2025,07-04-2025,Standard Class,CUST-1213,Rahul Kumar,Consumer,South,Tamil Nadu,Madurai,Office Supplies,Labels,Address Label Pack,"? 1,865.1",4,10%,? 518.2
ORD-6745,06-08-2024,13-08-2024,Second Class,CUST-1177,Priya Iyer,Home Office,North,Uttar Pradesh,Lucknow,Furniture,Bookcases,Metal Bookrack,"? 7,559.8",1,15%,"-? 1,101.8"
ORD-6806,16-01-2025,23-01-2025,Standard Class,CUST-1072,Meena Pillai,Home Office,West,Gujarat,Surat,Office Supplies,Labels,Barcode Labels,"? 2,843.6",3,10%,? 556.9
ORD-5171,20-02-2025,21-02-2025,First Class,CUST-1080,Karthik Subramaniam,Consumer,North,Punjab,Amritsar,Office Supplies,Storage,Plastic Storage Box,"? 1,182.5",1,10%,? 316.9
ORD-5002,09-07-2025,13-07-2025,Same Day,CUST-1071,Sneha Mahesh,Home Office,East,West Bengal,Kolkata,Technology,Copiers,Desktop Copier,"? 12,805.8",1,20%,-? 8.9
ORD-6528,24-08-2024,25-08-2024,First Class,CUST-1148,Arjun Nair,Home Office,West,Gujarat,Ahmedabad,Furniture,Furnishings,Desk Lamp,"? 26,245.0",8,15%,"? 4,744.9"
ORD-5122,02-07-2025,05-07-2025,Standard Class,CUST-1108,Pooja Rao,Home Office,South,Andhra Pradesh,Vijayawada,Furniture,Chairs,Executive Recliner,"? 21,209.5",6,15%,"? 5,248.7"
ORD-5375,06-09-2024,11-09-2024,First Class,CUST-1153,Sanjay Nair,Home Office,SOUTH,Karnataka,Bengaluru,Technology,Copiers,Desktop Copier,"? 2,157.2",3,0%,? 438.7
ORD-5037,15-01-2024,18-01-2024,First Class,CUST-1147,Priya Kumar,Corporate,South,Andhra Pradesh,Visakhapatnam,Office Supplies,Envelopes,Courier Envelopes,"? 2,407.0",2,10%,? 206.4
ORD-6220,14-04-2025,18-04-2025,Same Day,CUST-1149,Ramesh Reddy,Home Office,West,Gujarat,Surat,Furniture,Tables,Adjustable Laptop Table,"? 46,358.6",7,20%,"-? 1,040.7"
ORD-5117,05-05-2025,07-05-2025,Same Day,CUST-1157,Kavya Raj,Corporate,West,Gujarat,Ahmedabad,Office Supplies,Storage,Filing Cabinet,"? 5,212.1",6,40%,? 432.6
ORD-5682,25-02-2024,26-02-2024,Second Class,CUST-1055,Lakshmi Chandran,Consumer,South,Kerala,Kozhikode,Furniture,Chairs,Wooden Study Chair,"? 21,398.9",2,0%,"? 4,296.6"
ORD-6261,08-12-2025,10-12-2025,Second Class,CUST-1205,Karthik Verma,Home Office,West,Maharashtra,Nagpur,Office Supplies,Envelopes,A4 Envelopes (Pack of 50),"? 2,798.2",6,0%,? 583.9
ORD-6498,30-12-2025,03-01-2026,Standard Class,CUST-1031,Naveen Naidu,Corporate,East,Odisha,Bhubaneswar,Technology,Accessories,Power Bank,"? 1,35,085.4",9,30%,"-? 1,100.7"
ORD-5439,07-10-2025,11-10-2025,First Class,CUST-1122,Nithya Krishnan,Corporate,West,Maharashtra,Pune,Office Supplies,Storage,Filing Cabinet,? 550.9,3,30%,? 135.7
ORD-6358,16-03-2025,17-03-2025,Standard Class,CUST-1215,Meena Prasad,Corporate,North,Uttar Pradesh,Noida,Office Supplies,Binders,Presentation Binder,"? 4,826.5",8,0%,? 137.7
ORD-5232,10-12-2025,17-12-2025,First Class,CUST-1043,Sanjay Nambiar,Corporate,South,Andhra Pradesh,Visakhapatnam,Office Supplies,Envelopes,Courier Envelopes,? 417.3,4,40%,? 110.6
ORD-5277,13-08-2025,18-08-2025,Second Class,CUST-1048,Deepa Varma,Consumer,West,Gujarat,Surat,Office Supplies,Labels,Barcode Labels,"? 3,047.1",5,40%,? 505.4
ORD-5785,01-10-2025,04-10-2025,Standard Class,CUST-1157,Kavya Raj,Corporate,East,Jharkhand,Ranchi,Technology,Machines,Laminating Machine,"? 1,21,025.8",9,0%,"? 4,746.0"
ORD-5058,17-04-2025,21-04-2025,Standard Class,CUST-1153,Sanjay Nair,Home Office,South,Tamil Nadu,Madurai,Technology,Phones,Bluetooth Headset,"? 1,77,868.7",9,30%,"? 14,470.7"
ORD-6383,01-08-2025,02-08-2025,Second Class,CUST-1124,Praveen Subramaniam,Corporate,South,Andhra Pradesh,Visakhapatnam,Office Supplies,Labels,Address Label Pack,"? 4,182.8",9,10%,? 194.6
ORD-6546,18-05-2024,25-05-2024,First Class,CUST-1015,Kavya Gowda,Home Office,NORTH,Delhi,New Delhi,Office Supplies,Envelopes,Courier Envelopes,? 212.1,1,30%,? 18.4
ORD-6043,19-12-2024,26-12-2024,Second Class,CUST-1217,Anjali Iyer,Corporate,North,Delhi,New Delhi,Office Supplies,Storage,File Organizer Tray,"? 4,140.3",7,0%,"? 1,030.3"
ORD-5014,26-08-2025,31-08-2025,Second Class,CUST-1035,Manoj Pillai,Consumer,North,Delhi,New Delhi,Office Supplies,Storage,Plastic Storage Box,"? 1,073.7",1,0%,? 136.0
ORD-5478,24-11-2025,29-11-2025,Second Class,CUST-1099,Naveen Verma,Consumer,East,Jharkhand,Ranchi,Office Supplies,Envelopes,Courier Envelopes,"? 7,321.8",7,0%,-? 569.8
ORD-6462,23-02-2024,28-02-2024,Standard Class,CUST-1191,Manoj Menon,Home Office,North,Haryana,Gurugram,Office Supplies,Art,Whiteboard Markers,? 134.8,2,0%,? 29.5
ORD-5033,07-12-2025,10-12-2025,Same Day,CUST-1069,Swathi Krishnan,Home Office,East,Bihar,Patna,Technology,Copiers,Desktop Copier,"? 1,01,655.1",5,0%,"? 34,458.2"
ORD-5776,15-09-2024,19-09-2024,Standard Class,CUST-1008,Vikram Rao,Corporate,North,Uttar Pradesh,Lucknow,Office Supplies,Paper,Sticky Notes Pack,? 65.6,1,0%,? 1.9
ORD-5012,28-10-2024,30-10-2024,Same Day,CUST-1112,Revathi Raj,Home Office,East,Odisha, Bhubaneswar  ,Office Supplies,Storage,Filing Cabinet,"? 4,584.4",9,20%,? 118.8
ORD-5832,15-01-2024,17-01-2024,Same Day,CUST-1110,Vijay Menon,Consumer,South,Karnataka,Bengaluru,Office Supplies,Binders,Presentation Binder,"? 7,960.0",7,40%,"? 2,757.0"
ORD-6287,05-06-2024,12-06-2024,First Class,CUST-1093,Deepa Balan,Home Office,South,Andhra Pradesh,Visakhapatnam,Technology,Phones,Cordless Landline Phone,"? 65,534.3",6,0%,"-? 4,745.8"
ORD-6486,13-07-2024,14-07-2024,Standard Class,CUST-1198,Ishita Nambiar,Home Office,North,Uttar Pradesh,Kanpur,Office Supplies,Storage,Plastic Storage Box,"? 3,153.8",4,0%,? 626.6
ORD-5482,12-09-2025,14-09-2025,Same Day,CUST-1201,Vijay Prasad,Corporate,West,Rajasthan,Udaipur,Technology,Copiers,Desktop Copier,"? 1,78,955.6",7,30%,"-? 6,010.9"
ORD-5898,03-08-2024,04-08-2024,Standard Class,CUST-1150,Naveen Rao,Home Office,South,Andhra Pradesh,Visakhapatnam,Office Supplies,Paper,Sticky Notes Pack,"? 2,835.4",3,40%,-? 16.9
ORD-6476,08-04-2025,12-04-2025,Second Class,CUST-1117,Kiran Reddy,Consumer,West,Rajasthan,Jaipur,Furniture,Bookcases,Oak Bookcase,"? 15,470.6",9,30%,"-? 2,162.5"
ORD-5830,18-08-2024,25-08-2024,Same Day,CUST-1129,Naveen Varma,Home Office,South,Tamil Nadu,Trichy,Office Supplies,Labels,Address Label Pack,"? 1,908.1",5,20%,? 391.6
ORD-5071,10-03-2024,15-03-2024,Standard Class,CUST-1105,Meena Naidu,Consumer,South,Andhra Pradesh, Visakhapatnam  ,Furniture,Furnishings,Office Cushion,"? 31,784.9",6,10%,"? 6,880.5"
ORD-6256,09-09-2024,12-09-2024,Second Class,CUST-1130,Divya Krishnan,Home Office,West,Rajasthan,Udaipur,Technology,Machines,Laminating Machine,"? 14,832.5",3,40%,-? 542.6
ORD-5427,15-08-2025,16-08-2025,First Class,CUST-1084,Karthik Raj,Corporate,North,Uttar Pradesh,Lucknow,Office Supplies,Labels,Barcode Labels,"? 2,612.3",5,15%,? 173.6
ORD-6194,20-07-2025,21-07-2025,Standard Class,CUST-1024,Manoj Pillai,Corporate,North,Punjab,Ludhiana,Technology,Machines,Label Printer,"? 32,126.1",8,40%,-? 148.0
ORD-5434,28-06-2024,30-06-2024,Second Class,CUST-1211,Vikram Naidu,Corporate,North,Haryana,Faridabad,Office Supplies,Labels,Address Label Pack,"? 3,205.4",6,30%,? 280.2
ORD-5357,09-05-2024,14-05-2024,First Class,CUST-1135,Rohit Rao,Home Office,South,Kerala,Thiruvananthapuram,Furniture,Bookcases,Oak Bookcase,"? 46,836.1",3,0%,"? 8,410.7"
ORD-5109,18-05-2024,25-05-2024,Same Day,CUST-1039,Naveen Nair,Corporate,East,Bihar,Patna,Office Supplies,Art,Whiteboard Markers,"? 4,082.4",3,20%,-? 370.2
ORD-6764,01-07-2024,08-07-2024,Standard Class,CUST-1132,Suresh Gowda,Consumer,East,West Bengal,Howrah,Office Supplies,Labels,Barcode Labels,"? 2,666.0",2,0%,? 300.7
ORD-6076,13-08-2024,20-08-2024,Same Day,CUST-1171,Vijay Naidu,Corporate,North,Uttar Pradesh,Lucknow,Technology,Copiers,Multi-function Printer,"? 20,058.2",8,0%,"? 4,272.6"
ORD-5857,13-11-2024,18-11-2024,Standard Class,CUST-1189,Sanjay Menon,Home Office,North,Uttar Pradesh,Lucknow,Office Supplies,Labels,Barcode Labels,"? 4,967.0",6,0%,"? 1,666.2"
ORD-6547,02-06-2025,04-06-2025,First Class,CUST-1087,Revathi Nair,Home Office,East,Jharkhand,Ranchi,Furniture,Chairs,Wooden Study Chair,"? 1,02,874.1",7,10%,"? 25,968.0"
ORD-6606,21-06-2024,24-06-2024,Second Class,CUST-1131,Vijay Prasad,Corporate,SOUTH,Tamil Nadu,Madurai,Technology,Phones,Cordless Landline Phone,"? 53,433.3",5,20%,"? 11,716.2"
ORD-5438,08-03-2025,09-03-2025,Second Class,CUST-1050,Naveen Prasad,Corporate,West,Rajasthan,Udaipur,Office Supplies,Storage,Filing Cabinet,"? 9,820.8",8,0%,"? 2,268.5"
ORD-6840,08-07-2025,15-07-2025,Standard Class,CUST-1107,Lakshmi Chandran,Home Office,West,Gujarat,Vadodara,Office Supplies,Art,Whiteboard Markers,? 506.3,5,30%,? 89.9
ORD-5329,21-04-2024,25-04-2024,First Class,CUST-1151,Deepa Rao,Consumer,West,Maharashtra,Nagpur,Office Supplies,Envelopes,A4 Envelopes (Pack of 50),"? 1,134.0",1,0%,? 265.7
ORD-6122,23-08-2025,30-08-2025,Same Day,CUST-1025,Rahul Gowda,Consumer,North,Delhi,New Delhi,Office Supplies,Art,Whiteboard Markers,"? 4,452.0",4,0%,? 615.6
ORD-5605,07-02-2025,14-02-2025,Standard Class,CUST-1186,Deepa Krishnan,Home Office,West,Maharashtra,Mumbai,Furniture,Tables,Conference Table 6-Seater,"? 1,48,260.6",9,0%,"? 31,636.2"
ORD-5650,04-04-2024,07-04-2024,First Class,CUST-1107,Lakshmi Chandran,Home Office,North,Haryana,Faridabad,Office Supplies,Art,Sketch Pen Set,"? 1,496.5",5,30%,-? 147.5
ORD-5909,11-10-2025,15-10-2025,Second Class,CUST-1168,Anitha Sharma,Corporate,North,Uttar Pradesh,Kanpur,Technology,Accessories,Mechanical Keyboard,"? 78,544.7",4,10%,"? 20,159.4"
ORD-6558,25-10-2024,01-11-2024,Same Day,CUST-1161,Pooja Nair,Consumer,South,Kerala,Kochi,Office Supplies,Storage,Filing Cabinet,"? 1,264.0",5,15%,-? 146.2
ORD-5732,30-01-2024,02-02-2024,Standard Class,CUST-1119,Kiran Verma,Corporate,North,Punjab,Amritsar,Furniture,Bookcases,Oak Bookcase,"? 79,878.6",7,30%,"-? 1,569.6"
ORD-6686,29-01-2025,02-02-2025,First Class,CUST-1125,Vijay Subramaniam,Consumer,North,Punjab,Ludhiana,Furniture,Chairs,Wooden Study Chair,"? 92,028.1",6,10%,"? 3,447.6"
ORD-6835,12-10-2024,15-10-2024,First Class,CUST-1147,Priya Kumar,Corporate,West,Gujarat,Surat,Technology,Machines,Laminating Machine,"? 33,885.0",4,0%,"? 10,803.0"
ORD-5522,06-03-2024,11-03-2024,Same Day,CUST-1122,Nithya Krishnan,Corporate,East,Odisha,Bhubaneswar,Furniture,Furnishings,Wall Clock,"? 1,46,085.3",9,0%,"-? 19,571.1"
ORD-5725,13-01-2025,15-01-2025,Same Day,CUST-1155,Revathi Nair,Corporate,North,Haryana,Faridabad,Office Supplies,Art,Whiteboard Markers,"? 1,910.9",2,40%,? 562.6
ORD-6452,29-04-2025,02-05-2025,Second Class,CUST-1001,Pooja Pillai,Consumer,West,Rajasthan,Udaipur,Office Supplies,Binders,3-Ring Binder,"? 10,397.8",8,10%,"-? 1,422.2"
ORD-6223,15-01-2024,17-01-2024,Same Day,CUST-1013,Arjun Subramaniam,Consumer,South,Tamil Nadu,Trichy,Office Supplies,Paper,A4 Copy Paper (500 sheets),? 261.3,6,40%,? 4.5
ORD-6597,30-12-2024,04-01-2025,First Class,CUST-1018,Anjali Naidu,Consumer,West,Rajasthan,Jaipur,Office Supplies,Art,Whiteboard Markers,? 423.6,1,0%,-? 17.7
ORD-5672,04-11-2024,11-11-2024,Second Class,CUST-1124,Praveen Subramaniam,Corporate,North,Haryana,Gurugram,Office Supplies,Labels,Address Label Pack,"? 1,802.2",3,20%,? 178.3
ORD-5264,03-11-2025,08-11-2025,Same Day,CUST-1124,Praveen Subramaniam,Corporate,North,Punjab,Ludhiana,Technology,Accessories,Mechanical Keyboard,"? 69,294.5",3,0%,"? 24,142.8"
ORD-6312,28-06-2025,30-06-2025,Standard Class,CUST-1086,Ramesh Mahesh,Consumer,South,Kerala,Kozhikode,Office Supplies,Labels,Address Label Pack,"? 8,687.5",7,15%,"? 1,196.1"
ORD-6682,07-07-2025,08-07-2025,First Class,CUST-1105,Meena Naidu,Consumer,West,Rajasthan,Jaipur,Office Supplies,Envelopes,A4 Envelopes (Pack of 50),? 708.1,6,30%,? 30.1
ORD-6595,17-02-2025,18-02-2025,First Class,CUST-1151,Deepa Rao,Consumer,North,Uttar Pradesh,Lucknow,Office Supplies,Paper,A4 Copy Paper (500 sheets),"? 3,630.0",7,20%,? 243.7
ORD-5105,11-01-2025,16-01-2025,Standard Class,CUST-1136,Lakshmi Varma,Home Office,West,Maharashtra,Mumbai,Office Supplies,Art,Highlighter Pack,"? 4,543.4",8,10%,"? 1,049.2"
ORD-5603,31-10-2025,03-11-2025,Same Day,CUST-1113,Sathish Raj,Consumer,West,Gujarat,Ahmedabad,Office Supplies,Paper,Legal Pad,"? 10,033.7",8,10%,"? 2,156.3"
ORD-5231,29-05-2024,30-05-2024,First Class,CUST-1143,Vijay Subramaniam,Consumer,North,Punjab,Ludhiana,Office Supplies,Art,Sketch Pen Set,"? 3,735.6",4,30%,-? 116.6
ORD-5649,12-09-2025,13-09-2025,Second Class,CUST-1135,Rohit Rao,Home Office,South,Karnataka,Bengaluru,Technology,Phones,Smartphone A12,"? 9,680.2",3,15%,-? 127.5
ORD-5353,30-09-2025,02-10-2025,First Class,CUST-1052,Pooja Iyer,Home Office,East,Jharkhand,Ranchi,Office Supplies,Paper,A4 Copy Paper (500 sheets),? 194.2,4,15%,? 10.8
ORD-5261,16-09-2024,19-09-2024,First Class,CUST-1192,Suresh Sharma,Corporate,North,Haryana,Gurugram,Technology,Phones,Bluetooth Headset,"? 64,503.0",2,10%,"? 6,719.4"
ORD-6755,14-11-2025,18-11-2025,Same Day,CUST-1073,Kiran Varma,Corporate,South,Kerala,Thiruvananthapuram,Technology,Copiers,Desktop Copier,"? 40,176.1",5,0%,"-? 4,587.7"
ORD-6323,18-11-2025,22-11-2025,First Class,CUST-1161,Pooja Nair,Consumer,South,Andhra Pradesh,Visakhapatnam,Technology,Phones,Cordless Landline Phone,"? 1,71,268.3",7,30%,"? 24,856.7"
ORD-6700,06-08-2025,07-08-2025,Standard Class,CUST-1159,Divya Gowda,Home Office,North,Haryana,Gurugram,Technology,Copiers,Multi-function Printer,"? 26,346.7",3,0%,"? 7,595.7"
ORD-5291,16-01-2024,18-01-2024,Second Class,CUST-1184,Anjali Rao,Home Office,North,Delhi,New Delhi,Technology,Phones,Smartphone A12,"? 68,385.1",3,20%,"? 16,097.7"
ORD-5694,13-07-2024,15-07-2024,First Class,CUST-1171,Vijay Naidu,Corporate,East,Bihar,Patna,Office Supplies,Labels,Address Label Pack,"? 1,361.5",2,0%,-? 117.6
ORD-6596,23-05-2024,27-05-2024,First Class,CUST-1141,Pooja Rao,Consumer,South,Tamil Nadu,Trichy,Office Supplies,Paper,Sticky Notes Pack,"? 4,743.2",6,30%,"? 1,407.8"
ORD-6639,22-01-2025,27-01-2025,Standard Class,CUST-1091,Divya Iyer,Home Office,East,Odisha,Bhubaneswar,Furniture,Furnishings,Desk Lamp,"? 1,01,491.6",7,30%,"? 12,254.9"
ORD-5098,20-12-2024,24-12-2024,Second Class,CUST-1074,Vijay Rao,Home Office,North,Haryana,Gurugram,Office Supplies,Labels,Barcode Labels,"? 4,098.9",4,10%,-? 510.8
ORD-5937,01-05-2024,05-05-2024,Standard Class,CUST-1099,Naveen Verma,Consumer,North,Haryana,Gurugram,Office Supplies,Storage,Filing Cabinet,"? 2,754.7",8,0%,? 522.2
ORD-5531,30-06-2024,03-07-2024,Standard Class,CUST-1095,Manoj Subramaniam,Consumer,South,Andhra Pradesh,Vijayawada,Furniture,Chairs,Executive Recliner,"? 5,616.9",1,10%,? 399.0
ORD-6837,14-03-2025,18-03-2025,First Class,CUST-1168,Anitha Sharma,Corporate,North,Delhi,New Delhi,Technology,Copiers,Multi-function Printer,"? 1,22,122.6",6,20%,"-? 13,925.5"
ORD-6298,25-10-2024,01-11-2024,Standard Class,CUST-1155,Revathi Nair,Corporate,South,Karnataka,Mangaluru,Furniture,Chairs,Executive Recliner,"? 49,415.7",3,20%,"? 10,753.3"
ORD-6760,15-08-2025,16-08-2025,Same Day,CUST-1117,Kiran Reddy,Consumer,South,Andhra Pradesh,Vijayawada,Furniture,Tables,Conference Table 6-Seater,"? 83,347.9",9,0%,"? 6,099.0"
ORD-5121,11-08-2024,16-08-2024,First Class,CUST-1147,Priya Kumar,Corporate,East,Bihar,Patna,Office Supplies,Envelopes,Courier Envelopes,? 440.8,7,0%,-? 62.4
ORD-6733,01-03-2025,05-03-2025,Second Class,CUST-1125,Vijay Subramaniam,Consumer,West,Maharashtra,Pune,Office Supplies,Binders,3-Ring Binder,"? 5,541.8",6,30%,"? 1,161.4"
ORD-5225,09-04-2024,16-04-2024,Same Day,CUST-1206,Lakshmi Verma,Consumer,West,Maharashtra,Pune,Office Supplies,Envelopes,Courier Envelopes,"? 1,546.7",3,40%,-? 123.4
ORD-5116,20-11-2025,25-11-2025,Standard Class,CUST-1136,Lakshmi Varma,Home Office,South,Tamil Nadu,Coimbatore,Technology,Accessories,Power Bank,"? 10,631.2",1,10%,"? 3,386.9"
ORD-6179,13-01-2024,14-01-2024,First Class,CUST-1091,Divya Iyer,Home Office,South,Tamil Nadu,Trichy,Office Supplies,Labels,Barcode Labels,? 394.7,3,0%,-? 9.1
ORD-6787,13-04-2025,20-04-2025,Same Day,CUST-1165,Ishita Verma,Corporate,South,Andhra Pradesh,Vijayawada,Furniture,Bookcases,Metal Bookrack,"? 32,841.6",4,15%,"? 8,146.7"
ORD-5184,20-06-2024,27-06-2024,Same Day,CUST-1115,Anjali Prasad,Consumer,South,Kerala,Thiruvananthapuram,Furniture,Tables,Compact Study Table,"? 12,845.4",1,0%,? 552.0
ORD-6264,04-05-2024,11-05-2024,Second Class,CUST-1179,Ishita Subramaniam,Corporate,North,Punjab,Ludhiana,Technology,Phones,Smartphone A12,"? 2,00,331.4",9,15%,"? 36,457.3"
ORD-5737,03-10-2024,04-10-2024,Standard Class,CUST-1119,Kiran Verma,Corporate,SOUTH,Tamil Nadu,Trichy,Furniture,Tables,Compact Study Table,"? 63,744.6",5,20%,"? 3,988.9"
ORD-5883,16-05-2024,23-05-2024,Same Day,CUST-1124,Praveen Subramaniam,Corporate,West,Maharashtra,Mumbai,Office Supplies,Labels,Address Label Pack,"? 5,833.3",6,40%,? 723.9
ORD-5186,28-10-2024,29-10-2024,Same Day,CUST-1215,Meena Prasad,Corporate,North,Uttar Pradesh,Lucknow,Furniture,Tables,Conference Table 6-Seater,"? 7,338.0",2,20%,"? 1,078.8"
ORD-5331,21-04-2024,26-04-2024,Same Day,CUST-1150,Naveen Rao,Home Office,SOUTH,Andhra Pradesh,Visakhapatnam,Office Supplies,Storage,Filing Cabinet,"? 3,940.8",3,40%,? 432.9
ORD-5894,24-01-2025,28-01-2025,First Class,CUST-1180,Nithya Prasad,Consumer,South,Kerala,Kozhikode,Office Supplies,Storage,File Organizer Tray,"? 7,108.9",6,0%,"? 2,285.2"
ORD-6590,07-10-2024,14-10-2024,Second Class,CUST-1215,Meena Prasad,Corporate,East,Jharkhand,Ranchi,Office Supplies,Storage,File Organizer Tray,? 750.8,1,0%,? 109.4
ORD-5424,10-09-2024,12-09-2024,Same Day,CUST-1067,Priya Verma,Home Office,North,Delhi,New Delhi,Technology,Phones,Cordless Landline Phone,"? 11,399.3",7,30%,-? 190.3
ORD-5545,19-07-2024,21-07-2024,Standard Class,CUST-1125,Vijay Subramaniam,Consumer,West,Maharashtra,Mumbai,Technology,Machines,Label Printer,"? 77,070.2",6,30%,"? 7,304.4"
ORD-5961,20-02-2025,22-02-2025,Second Class,CUST-1072,Meena Pillai,Home Office,West,Gujarat,Vadodara,Furniture,Tables,Compact Study Table,"? 37,551.8",7,30%,"? 2,744.4"
ORD-5827,27-01-2024,30-01-2024,Standard Class,CUST-1177,Priya Iyer,Home Office,South,Andhra Pradesh,Vijayawada,Technology,Accessories,Power Bank,"? 1,90,336.6",9,0%,"-? 13,497.5"
ORD-6794,07-09-2025,10-09-2025,Standard Class,CUST-1015,Kavya Gowda,Home Office,South,Karnataka,Bengaluru,Technology,Machines,Laser Printer,"? 94,979.6",6,30%,"? 21,797.2"
ORD-5229,19-12-2025,24-12-2025,First Class,CUST-1102,Karthik Verma,Consumer,North,Punjab,Ludhiana,Office Supplies,Envelopes,Courier Envelopes,"? 3,905.5",3,20%,? 801.3
ORD-5257,02-05-2025,07-05-2025,Standard Class,CUST-1012,Ramesh Nair,Consumer,South,Tamil Nadu,Chennai,Office Supplies,Paper,Legal Pad,? 266.0,7,30%,? 9.4
ORD-5457,09-06-2025,10-06-2025,Same Day,CUST-1018,Anjali Naidu,Consumer,East,Jharkhand,Ranchi,Office Supplies,Envelopes,Courier Envelopes,? 894.9,1,0%,? 197.1
ORD-5011,14-12-2024,17-12-2024,Standard Class,CUST-1046,Arjun Raj,Consumer,North,Delhi,New Delhi,Furniture,Furnishings,Office Cushion,"? 74,109.8",8,40%,"? 18,265.6"
ORD-5454,02-12-2025,07-12-2025,Same Day,CUST-1092,Deepa Gowda,Corporate,West,Gujarat,Vadodara,Furniture,Bookcases,Metal Bookrack,"? 20,738.2",5,30%,"-? 2,175.2"
ORD-6024,07-09-2024,14-09-2024,Standard Class,CUST-1067,Priya Verma,Home Office,West,Rajasthan,Udaipur,Technology,Phones,Smartphone A12,"? 1,98,955.6",9,30%,"? 26,655.2"
ORD-6707,21-11-2025,28-11-2025,Second Class,CUST-1131,Vijay Prasad,Corporate,East,West Bengal,Howrah,Technology,Machines,Label Printer,"? 25,412.0",1,20%,"? 7,768.0"
ORD-5908,15-12-2024,22-12-2024,First Class,CUST-1215,Meena Prasad,Corporate,North,Punjab,Amritsar,Office Supplies,Art,Sketch Pen Set,"? 3,376.8",6,10%,"? 1,030.2"
ORD-6478,22-10-2025,26-10-2025,First Class,CUST-1198,Ishita Nambiar,Home Office,West,Maharashtra,Pune,Office Supplies,Binders,Presentation Binder,"? 1,892.6",7,40%,? 578.4
ORD-6549,11-08-2025,16-08-2025,Second Class,CUST-1056,Naveen Kumar,Home Office,North,Delhi,New Delhi,Office Supplies,Envelopes,Courier Envelopes,"? 6,723.2",6,0%,"? 1,905.3"
ORD-6446,20-06-2024,22-06-2024,First Class,CUST-1112,Revathi Raj,Home Office,North,Delhi,New Delhi,Furniture,Bookcases,Metal Bookrack,"? 28,576.3",2,10%,"? 9,849.0"
ORD-6575,31-08-2024,05-09-2024,Same Day,CUST-1027,Sneha Pillai,Home Office,EAST,West Bengal,Kolkata,Furniture,Chairs,Executive Recliner,"? 1,39,278.4",9,0%,"-? 10,119.5"
ORD-5735,09-06-2024,14-06-2024,Standard Class,CUST-1027,Sneha Pillai,Home Office,East,Odisha, Bhubaneswar  ,Technology,Machines,Label Printer,"? 9,080.3",1,0%,"? 2,476.6"
ORD-5134,08-01-2025,09-01-2025,Standard Class,CUST-1010,Ramesh Kumar,Consumer,West,Rajasthan,Jaipur,Office Supplies,Labels,Address Label Pack,"? 5,454.7",8,15%,"? 1,449.0"
ORD-6115,30-11-2024,07-12-2024,First Class,CUST-1106,Manoj Pillai,Corporate,South,Kerala,Kochi,Office Supplies,Paper,A4 Copy Paper (500 sheets),"? 1,996.8",4,0%,? 20.2
ORD-6472,01-09-2025,04-09-2025,Standard Class,CUST-1219,Praveen Rao,Home Office,West,Rajasthan,Udaipur,Office Supplies,Storage,Filing Cabinet,"? 2,091.1",5,10%,? 22.3
ORD-6584,01-11-2024,02-11-2024,Same Day,CUST-1128,Sathish Krishnan,Consumer,South,Andhra Pradesh,Vijayawada,Technology,Machines,Label Printer,"? 43,871.2",2,20%,"? 6,192.2"
ORD-6162,17-11-2024,24-11-2024,Same Day,CUST-1143,Vijay Subramaniam,Consumer,South,Tamil Nadu,Chennai,Office Supplies,Envelopes,A4 Envelopes (Pack of 50),"? 6,074.2",6,10%,"? 1,205.7"
ORD-5590,01-12-2025,03-12-2025,Second Class,CUST-1051,Revathi Kumar,Home Office,South,Kerala,Thiruvananthapuram,Technology,Phones,Cordless Landline Phone,"? 22,748.0",7,10%,"? 3,612.5"
ORD-5600,29-08-2025,05-09-2025,Second Class,CUST-1045,Praveen Mahesh,Consumer,South,Andhra Pradesh,Visakhapatnam,Office Supplies,Paper,Sticky Notes Pack,? 820.8,1,10%,-? 3.4
ORD-6619,30-01-2024,01-02-2024,Same Day,CUST-1063,Arjun Prasad,Consumer,South,Andhra Pradesh,Vijayawada,Office Supplies,Art,Sketch Pen Set,? 282.4,1,0%,-? 3.7
ORD-5315,31-01-2025,01-02-2025,Second Class,CUST-1047,Suresh Reddy,Home Office,North,Punjab, Ludhiana  ,Office Supplies,Art,Highlighter Pack,"? 4,024.5",4,30%,-? 120.0
ORD-5512,21-11-2024,26-11-2024,Same Day,CUST-1012,Ramesh Nair,Consumer,East,Odisha,Bhubaneswar,Technology,Accessories,Laptop Sleeve,"? 11,687.2",5,0%,"? 3,222.8"
ORD-6058,26-06-2025,30-06-2025,Same Day,CUST-1103,Deepa Mahesh,Corporate,North,Delhi,New Delhi,Technology,Copiers,Desktop Copier,"? 2,96,866.8",9,0%,"-? 33,619.9"
ORD-5351,02-10-2025,05-10-2025,Second Class,CUST-1054,Arjun Subramaniam,Consumer,East,Jharkhand,Ranchi,Office Supplies,Paper,Legal Pad,"? 1,327.0",6,30%,-? 96.7
ORD-5729,17-05-2025,22-05-2025,Second Class,CUST-1125,Vijay Subramaniam,Consumer,WEST,Rajasthan,Jaipur,Furniture,Bookcases,Metal Bookrack,"? 60,711.0",8,0%,"? 17,542.1"
ORD-5408,03-03-2025,07-03-2025,First Class,CUST-1206,Lakshmi Verma,Consumer,South,Tamil Nadu,Coimbatore,Technology,Copiers,Multi-function Printer,"? 2,42,699.1",9,20%,"-? 15,507.6"
ORD-5157,23-05-2024,24-05-2024,First Class,CUST-1180,Nithya Prasad,Consumer,East,Bihar,Patna,Office Supplies,Paper,A4 Copy Paper (500 sheets),? 815.0,5,0%,? 223.3
ORD-6385,22-11-2024,25-11-2024,First Class,CUST-1150,Naveen Rao,Home Office,East,Odisha,Bhubaneswar,Office Supplies,Binders,3-Ring Binder,"? 2,264.7",8,0%,? 641.2
ORD-6633,08-02-2024,15-02-2024,Standard Class,CUST-1090,Ishita Chandran,Consumer,East,Bihar,Patna,Office Supplies,Art,Sketch Pen Set,"? 4,494.6",3,0%,? 108.7
ORD-5494,05-07-2025,06-07-2025,Second Class,CUST-1120,Divya Nambiar,Consumer,East,West Bengal,Howrah,Technology,Copiers,Multi-function Printer,"? 28,509.5",1,0%,"? 2,319.1"
ORD-6302,19-06-2024,20-06-2024,Second Class,CUST-1037,Sathish Sharma,Home Office,North,Haryana,Faridabad,Furniture,Bookcases,3-Shelf Bookcase,"? 39,417.9",3,30%,"? 2,505.8"
ORD-5430,11-10-2025,13-10-2025,First Class,CUST-1090,Ishita Chandran,Consumer,East,Bihar, Patna  ,Office Supplies,Storage,File Organizer Tray,"? 2,530.3",4,0%,-? 68.8
ORD-6154,14-04-2024,18-04-2024,Same Day,CUST-1197,Lakshmi Sharma,Corporate,West,Maharashtra,Pune,Office Supplies,Paper,Legal Pad,"? 7,265.3",9,10%,-? 123.8
ORD-6165,27-06-2025,02-07-2025,Same Day,CUST-1072,Meena Pillai,Home Office,North,Punjab,Ludhiana,Office Supplies,Art,Whiteboard Markers,"? 3,603.6",9,30%,? 236.7
ORD-5238,13-05-2025,14-05-2025,Second Class,CUST-1214,Arjun Chandran,Consumer,North,Punjab,Amritsar,Office Supplies,Binders,3-Ring Binder,"? 2,268.0",2,10%,? 420.0
ORD-5196,14-11-2024,17-11-2024,Same Day,CUST-1186,Deepa Krishnan,Home Office,East,West Bengal,Kolkata,Furniture,Furnishings,Office Cushion,"? 20,156.4",4,40%,-? 893.0
ORD-5022,24-11-2024,01-12-2024,First Class,CUST-1208,Anitha Mahesh,Home Office,South,Karnataka,Mysuru,Office Supplies,Art,Whiteboard Markers,? 549.7,1,40%,-? 58.3
ORD-5343,31-12-2025,07-01-2026,Second Class,CUST-1212,Manoj Verma,Consumer,South,Andhra Pradesh,Vijayawada,Furniture,Furnishings,Desk Lamp,"? 62,330.9",8,40%,"-? 2,128.8"
ORD-5271,08-05-2025,11-05-2025,Standard Class,CUST-1046,Arjun Raj,Consumer,North,Haryana,Faridabad,Office Supplies,Labels,Barcode Labels,"? 9,297.7",9,30%,? 829.0
ORD-5241,22-08-2025,23-08-2025,Second Class,CUST-1101,Priya Rao,Consumer,SOUTH,Kerala,Kozhikode,Furniture,Bookcases,Metal Bookrack,"? 18,573.0",7,0%,"? 1,615.7"
ORD-5187,22-12-2025,23-12-2025,First Class,CUST-1158,Vijay Verma,Home Office,East,Odisha,Bhubaneswar,Furniture,Chairs,Wooden Study Chair,"? 39,994.7",9,15%,"? 7,211.0"
ORD-5800,20-06-2025,22-06-2025,Standard Class,CUST-1172,Ramesh Krishnan,Corporate,West,Gujarat,Vadodara,Furniture,Chairs,Wooden Study Chair,"? 87,521.4",9,0%,"? 29,338.8"
ORD-5816,11-10-2025,12-10-2025,Same Day,CUST-1216,Priya Rao,Consumer,South,Tamil Nadu,Chennai,Office Supplies,Labels,Address Label Pack,"? 2,895.7",4,0%,? 676.3
ORD-6625,18-07-2024,20-07-2024,First Class,CUST-1104,Vijay Naidu,Consumer,West,Gujarat,Surat,Office Supplies,Envelopes,Courier Envelopes,"? 4,994.6",5,0%,-? 46.3
ORD-5710,10-10-2024,15-10-2024,Standard Class,CUST-1211,Vikram Naidu,Corporate,North,Delhi,New Delhi,Furniture,Bookcases,Oak Bookcase,"? 47,400.4",3,0%,"-? 1,595.7"
ORD-6658,23-08-2025,25-08-2025,Second Class,CUST-1145,Swathi Pillai,Consumer,South,Kerala,Kozhikode,Technology,Machines,Laser Printer,"? 3,785.1",1,0%,? 523.2
ORD-5820,18-11-2024,20-11-2024,Same Day,CUST-1209,Kiran Krishnan,Corporate,West,Maharashtra,Pune,Furniture,Bookcases,3-Shelf Bookcase,"? 44,694.9",3,40%,"-? 3,953.0"
ORD-5200,15-06-2024,20-06-2024,Second Class,CUST-1063,Arjun Prasad,Consumer,West,Maharashtra,Nagpur,Office Supplies,Paper,Sticky Notes Pack,? 694.7,1,40%,? 212.4
ORD-5851,29-03-2025,30-03-2025,Second Class,CUST-1093,Deepa Balan,Home Office,West,Rajasthan,Jaipur,Office Supplies,Storage,Plastic Storage Box,"? 4,875.4",4,10%,? 342.1
ORD-6036,03-04-2024,08-04-2024,Second Class,CUST-1055,Lakshmi Chandran,Consumer,South,Karnataka,Bengaluru,Office Supplies,Envelopes,A4 Envelopes (Pack of 50),"? 1,848.4",3,0%,? 201.4
ORD-6512,18-11-2024,19-11-2024,Second Class,CUST-1161,Pooja Nair,Consumer,South,Andhra Pradesh,Visakhapatnam,Office Supplies,Labels,Address Label Pack,"? 8,118.4",9,20%,-? 853.1
ORD-5843,05-03-2025,12-03-2025,Same Day,CUST-1161,Pooja Nair,Consumer,North,Uttar Pradesh,Lucknow,Furniture,Furnishings,Desk Lamp,"? 55,205.9",5,0%,"? 19,247.6"
ORD-6158,18-06-2024,21-06-2024,Same Day,CUST-1123,Sneha Nambiar,Home Office,North,Uttar Pradesh,Noida,Furniture,Chairs,Executive Recliner,"? 10,832.3",4,15%,-? 143.0
ORD-6718,20-05-2025,23-05-2025,Standard Class,CUST-1012,Ramesh Nair,Consumer,West,Rajasthan,Jaipur,Office Supplies,Envelopes,Courier Envelopes,"? 1,108.4",4,30%,? 168.9
ORD-5516,22-02-2025,25-02-2025,Standard Class,CUST-1007,Arun Rao,Consumer,East,Bihar,Patna,Office Supplies,Paper,Sticky Notes Pack,"? 1,876.0",2,15%,? 509.0
ORD-5221,19-03-2025,26-03-2025,Second Class,CUST-1110,Vijay Menon,Consumer,West,Gujarat,Surat,Office Supplies,Envelopes,Courier Envelopes,"? 1,246.6",1,0%,? 214.0
ORD-6177,22-07-2025,27-07-2025,Standard Class,CUST-1160,Sanjay Chandran,Home Office,East,Odisha,Bhubaneswar,Technology,Machines,Laminating Machine,"? 51,217.1",2,30%,"? 16,961.0"
ORD-5468,24-12-2025,25-12-2025,First Class,CUST-1111,Priya Nambiar,Home Office,East,Jharkhand,Ranchi,Technology,Phones,Bluetooth Headset,"? 83,594.0",4,20%,"-? 5,975.6"
ORD-6753,25-03-2025,29-03-2025,Standard Class,CUST-1063,Arjun Prasad,Consumer,South,Andhra Pradesh,Vijayawada,Technology,Accessories,Laptop Sleeve,"? 88,454.6",7,40%,"? 10,787.2"
ORD-6105,16-11-2025,19-11-2025,Same Day,CUST-1094,Priya Iyer,Consumer,North,Haryana,Faridabad,Technology,Machines,Laminating Machine,"? 89,100.4",5,0%,"? 29,743.2"
ORD-5836,30-07-2025,04-08-2025,Same Day,CUST-1119,Kiran Verma,Corporate,South,Kerala,Kozhikode,Office Supplies,Labels,Address Label Pack,? 744.8,4,0%,? 89.7
ORD-6799,13-07-2024,17-07-2024,Standard Class,CUST-1160,Sanjay Chandran,Home Office,East,Bihar,Patna,Technology,Accessories,Power Bank,"? 16,138.1",1,15%,"? 4,616.5"
ORD-5383,14-08-2025,19-08-2025,Same Day,CUST-1015,Kavya Gowda,Home Office,West,Maharashtra,Pune,Technology,Copiers,Desktop Copier,"? 68,792.2",7,10%,"-? 1,794.4"
ORD-5031,27-10-2024,30-10-2024,Second Class,CUST-1125,Vijay Subramaniam,Consumer,North,Haryana,Gurugram,Office Supplies,Art,Highlighter Pack,"? 2,056.6",7,0%,? 203.3
ORD-6056,16-07-2025,18-07-2025,Second Class,CUST-1218,Suresh Balan,Home Office,South,Karnataka,Mangaluru,Office Supplies,Art,Highlighter Pack,? 774.0,2,30%,? 238.7
ORD-5852,28-05-2024,29-05-2024,Same Day,CUST-1136,Lakshmi Varma,Home Office,North,Punjab,Ludhiana,Technology,Copiers,Multi-function Printer,"? 1,40,692.7",7,0%,"? 38,543.1"
ORD-5588,23-04-2024,25-04-2024,Same Day,CUST-1158,Vijay Verma,Home Office,North,Delhi,New Delhi,Office Supplies,Envelopes,Courier Envelopes,"? 2,093.8",8,15%,-? 189.7
ORD-5465,14-05-2024,17-05-2024,Same Day,CUST-1153,Sanjay Nair,Home Office,East,Jharkhand,Ranchi,Technology,Accessories,Mechanical Keyboard,"? 70,540.3",3,0%,"-? 3,545.2"
ORD-6169,28-06-2024,30-06-2024,Standard Class,CUST-1134,Lakshmi Reddy,Corporate,North,Punjab,Amritsar,Office Supplies,Art,Highlighter Pack,"? 2,961.0",6,0%,? 133.5
ORD-6331,01-08-2025,03-08-2025,Standard Class,CUST-1202,Ishita Reddy,Home Office,East,Bihar,Patna,Office Supplies,Binders,Presentation Binder,"? 2,419.0",2,40%,-? 166.9
ORD-5683,29-07-2025,05-08-2025,Standard Class,CUST-1113,Sathish Raj,Consumer,East,Odisha,Bhubaneswar,Technology,Accessories,Laptop Sleeve,"? 2,54,608.1",8,10%,"-? 23,588.3"
ORD-5927,28-07-2024,29-07-2024,Same Day,CUST-1102,Karthik Verma,Consumer,South,Andhra Pradesh,Vijayawada,Furniture,Chairs,Executive Recliner,"? 44,218.6",9,15%,-? 661.8
ORD-6400,19-04-2024,24-04-2024,First Class,CUST-1090,Ishita Chandran,Consumer,South,Kerala,Kochi,Furniture,Furnishings,Wall Clock,"? 60,241.1",5,40%,"? 16,426.1"
ORD-6517,01-12-2025,04-12-2025,Second Class,CUST-1192,Suresh Sharma,Corporate,South,Andhra Pradesh,Vijayawada,Furniture,Bookcases,3-Shelf Bookcase,"? 76,314.3",7,15%,"? 14,959.5"
ORD-5399,24-11-2025,01-12-2025,Standard Class,CUST-1171,Vijay Naidu,Corporate,South,Andhra Pradesh,Vijayawada,Office Supplies,Labels,Address Label Pack,"? 3,731.9",7,20%,? 160.7
ORD-5499,18-02-2024,21-02-2024,Second Class,CUST-1158,Vijay Verma,Home Office,East,Jharkhand,Ranchi,Furniture,Tables,Conference Table 6-Seater,"? 9,370.8",4,0%,"? 3,081.9"
ORD-5891,01-10-2025,04-10-2025,Same Day,CUST-1165,Ishita Verma,Corporate,EAST,Odisha,Bhubaneswar,Technology,Accessories,Laptop Sleeve,"? 1,45,922.9",6,40%,"-? 20,724.3"
ORD-5797,07-06-2024,14-06-2024,First Class,CUST-1017,Naveen Rao,Consumer,West,Maharashtra,Nagpur,Office Supplies,Art,Whiteboard Markers,? 404.4,5,0%,? 57.5
ORD-5893,11-12-2024,12-12-2024,Same Day,CUST-1027,Sneha Pillai,Home Office,North,Haryana,Gurugram,Office Supplies,Binders,3-Ring Binder,"? 1,330.1",1,15%,? 53.7
ORD-6750,13-02-2024,14-02-2024,First Class,CUST-1025,Rahul Gowda,Consumer,North,Punjab,Ludhiana,Office Supplies,Envelopes,A4 Envelopes (Pack of 50),"? 11,609.0",8,0%,? 776.1
ORD-5933,05-09-2025,08-09-2025,Standard Class,CUST-1196,Revathi Kumar,Corporate,West,Rajasthan,Jaipur,Technology,Accessories,Power Bank,"? 39,238.7",9,0%,"? 4,307.8"
ORD-5085,30-01-2024,31-01-2024,First Class,CUST-1121,Ganesh Varma,Consumer,South,Kerala,Kozhikode,Office Supplies,Labels,Barcode Labels,? 723.9,9,0%,? 123.7
ORD-6290,22-02-2025,26-02-2025,First Class,CUST-1180,Nithya Prasad,Consumer,East,West Bengal,Kolkata,Office Supplies,Art,Whiteboard Markers,"? 8,617.3",7,0%,"? 2,050.5"
ORD-5165,20-07-2025,27-07-2025,Standard Class,CUST-1118,Nithya Krishnan,Home Office,East,Odisha,Bhubaneswar,Office Supplies,Envelopes,Courier Envelopes,"? 1,383.4",9,0%,-? 83.5
ORD-5895,19-07-2025,21-07-2025,Second Class,CUST-1175,Arun Iyer,Corporate,East,Bihar,Patna,Furniture,Furnishings,Wall Clock,"? 23,621.1",9,0%,"-? 3,271.4"
ORD-5243,04-07-2025,09-07-2025,First Class,CUST-1089,Swathi Verma,Corporate,South,Kerala,Kochi,Technology,Machines,Laser Printer,"? 54,549.2",3,0%,"-? 2,160.5"
ORD-5723,16-03-2025,21-03-2025,First Class,CUST-1035,Manoj Pillai,Consumer,North,Uttar Pradesh,Lucknow,Office Supplies,Paper,A4 Copy Paper (500 sheets),"? 2,150.2",3,15%,? 687.2
ORD-6390,19-06-2025,20-06-2025,First Class,CUST-1086,Ramesh Mahesh,Consumer,North,Delhi,New Delhi,Office Supplies,Storage,File Organizer Tray,"? 2,631.2",3,0%,-? 145.9
ORD-5597,17-03-2024,22-03-2024,First Class,CUST-1035,Manoj Pillai,Consumer,North,Uttar Pradesh,Kanpur,Office Supplies,Paper,Legal Pad,? 893.6,9,15%,? 264.3
ORD-6684,20-07-2024,21-07-2024,Standard Class,CUST-1030,Pooja Verma,Consumer,South,Tamil Nadu,Trichy,Office Supplies,Storage,Filing Cabinet,"? 1,532.5",8,15%,-? 202.2
ORD-6409,26-12-2025,30-12-2025,Standard Class,CUST-1184,Anjali Rao,Home Office,South,Kerala,Kozhikode,Technology,Copiers,Desktop Copier,"? 44,296.3",9,30%,"-? 5,473.4"
ORD-5861,20-06-2025,23-06-2025,First Class,CUST-1216,Priya Rao,Consumer,South,Tamil Nadu,Chennai,Office Supplies,Binders,3-Ring Binder,"? 8,071.5",6,30%,? 25.3
ORD-5985,24-03-2024,26-03-2024,Standard Class,CUST-1146,Karthik Chandran,Corporate,West,Rajasthan,Udaipur,Technology,Phones,Cordless Landline Phone,"? 1,01,530.8",7,0%,"? 5,798.6"
ORD-5087,19-12-2024,23-12-2024,Same Day,CUST-1030,Pooja Verma,Consumer,WEST,Gujarat,Vadodara,Office Supplies,Storage,Plastic Storage Box,? 861.0,2,0%,-? 4.2
ORD-5834,15-06-2025,18-06-2025,First Class,CUST-1112,Revathi Raj,Home Office,South,Kerala,Thiruvananthapuram,Office Supplies,Labels,Address Label Pack,"? 2,795.5",2,15%,-? 242.8
ORD-6485,30-11-2024,03-12-2024,Same Day,CUST-1103,Deepa Mahesh,Corporate,South,Tamil Nadu,Madurai,Office Supplies,Labels,Barcode Labels,"? 2,803.2",2,20%,? 728.2
ORD-5387,29-01-2025,05-02-2025,Standard Class,CUST-1071,Sneha Mahesh,Home Office,North,Delhi,New Delhi,Office Supplies,Storage,File Organizer Tray,"? 1,564.1",2,20%,? 340.8
ORD-6540,21-09-2024,23-09-2024,Second Class,CUST-1087,Revathi Nair,Home Office,East,Jharkhand,Ranchi,Office Supplies,Envelopes,A4 Envelopes (Pack of 50),"? 2,462.9",3,0%,-? 201.2
ORD-6756,02-03-2025,03-03-2025,Same Day,CUST-1192,Suresh Sharma,Corporate,North,Punjab,Ludhiana,Office Supplies,Storage,File Organizer Tray,"? 6,229.2",7,10%,"? 1,828.8"
ORD-5738,05-11-2024,08-11-2024,Second Class,CUST-1021,Vijay Krishnan,Consumer,East,Odisha,Bhubaneswar,Office Supplies,Envelopes,Courier Envelopes,"? 4,459.7",7,15%,? 408.8
ORD-5349,28-06-2025,01-07-2025,Standard Class,CUST-1114,Ganesh Mahesh,Home Office,East,Jharkhand,Ranchi,Office Supplies,Storage,Filing Cabinet,"? 9,036.2",7,20%,"? 3,118.8"
ORD-5762,21-12-2024,28-12-2024,Standard Class,CUST-1050,Naveen Prasad,Corporate,North,Punjab,Amritsar,Office Supplies,Labels,Barcode Labels,"? 8,932.5",8,15%,"-? 1,199.4"
ORD-6245,06-03-2024,10-03-2024,First Class,CUST-1115,Anjali Prasad,Consumer,West,Gujarat,Ahmedabad,Furniture,Bookcases,Oak Bookcase,"? 42,487.8",6,15%,"? 4,419.7"
ORD-6583,04-10-2025,07-10-2025,Same Day,CUST-1038,Swathi Naidu,Home Office,North,Haryana,Faridabad,Office Supplies,Art,Highlighter Pack,? 277.1,4,30%,? 59.0
ORD-6591,02-07-2025,06-07-2025,Second Class,CUST-1194,Pooja Reddy,Home Office,North,Punjab,Ludhiana,Technology,Phones,Smartphone A12,"? 11,376.7",1,30%,"? 2,315.6"
ORD-5689,12-10-2024,19-10-2024,First Class,CUST-1137,Praveen Kumar,Home Office,North,Haryana,Gurugram,Technology,Copiers,Multi-function Printer,"? 57,783.5",9,15%,"-? 4,928.3"
ORD-6095,16-12-2024,19-12-2024,Second Class,CUST-1120,Divya Nambiar,Consumer,North,Uttar Pradesh,Lucknow,Technology,Copiers,Multi-function Printer,"? 63,395.9",5,0%,"? 10,723.5"
ORD-5822,15-06-2024,17-06-2024,Standard Class,CUST-1188,Sathish Iyer,Home Office,South,Andhra Pradesh,Visakhapatnam,Technology,Machines,Label Printer,"? 1,48,330.0",6,40%,"-? 3,316.3"
ORD-6299,20-05-2025,21-05-2025,Second Class,CUST-1064,Nithya Subramaniam,Corporate,West,Maharashtra,Mumbai,Technology,Copiers,Multi-function Printer,"? 6,365.4",1,20%,"? 1,773.3"
ORD-5755,09-02-2024,12-02-2024,First Class,CUST-1130,Divya Krishnan,Home Office,South,Karnataka,Mangaluru,Technology,Accessories,USB Mouse,"? 2,287.6",1,20%,-? 231.7
ORD-5666,08-03-2025,10-03-2025,Second Class,CUST-1072,Meena Pillai,Home Office,North,Punjab,Amritsar,Furniture,Bookcases,Metal Bookrack,"? 11,063.0",1,10%,"? 3,645.1"
ORD-6374,07-08-2025,10-08-2025,First Class,CUST-1070,Arjun Nair,Consumer,West,Gujarat,Vadodara,Office Supplies,Binders,Clip Binder,"? 1,624.8",2,40%,-? 46.0
ORD-5156,11-03-2024,16-03-2024,Standard Class,CUST-1162,Kiran Reddy,Consumer,South,Karnataka,Mysuru,Office Supplies,Paper,Legal Pad,"? 10,732.4",8,10%,"-? 1,144.7"
ORD-6129,16-07-2025,19-07-2025,Same Day,CUST-1068,Karthik Krishnan,Home Office,North,Haryana,Faridabad,Technology,Accessories,Mechanical Keyboard,"? 9,257.2",3,0%,-? 736.7
ORD-6139,17-09-2024,21-09-2024,First Class,CUST-1038,Swathi Naidu,Home Office,East,Jharkhand,Ranchi,Furniture,Chairs,Executive Recliner,"? 5,241.2",1,0%,-? 635.3
ORD-5645,09-04-2025,16-04-2025,First Class,CUST-1024,Manoj Pillai,Corporate,North,Punjab,Ludhiana,Office Supplies,Paper,Sticky Notes Pack,"? 8,470.3",7,15%,"? 1,521.5"
ORD-5481,17-10-2024,19-10-2024,Same Day,CUST-1155,Revathi Nair,Corporate,West,Rajasthan,Udaipur,Furniture,Bookcases,3-Shelf Bookcase,"? 1,18,990.2",8,20%,"? 28,637.9"
ORD-6364,06-08-2025,08-08-2025,Same Day,CUST-1010,Ramesh Kumar,Consumer,West,Rajasthan,Udaipur,Technology,Copiers,Multi-function Printer,"? 47,360.5",4,20%,"? 5,627.3"
ORD-6515,03-01-2024,04-01-2024,Second Class,CUST-1039,Naveen Nair,Corporate,North,Delhi,New Delhi,Technology,Phones,Bluetooth Headset,"? 22,722.1",5,0%,"? 7,889.8"
ORD-5681,31-03-2024,02-04-2024,Same Day,CUST-1008,Vikram Rao,Corporate,North,Punjab,Amritsar,Furniture,Bookcases,3-Shelf Bookcase,"? 12,222.9",1,40%,"? 3,101.4"
ORD-6191,16-03-2025,20-03-2025,Standard Class,CUST-1068,Karthik Krishnan,Home Office,West,Gujarat,Vadodara,Furniture,Furnishings,Desk Lamp,"? 28,120.3",4,30%,"? 3,627.9"
ORD-5739,26-01-2025,27-01-2025,Standard Class,CUST-1035,Manoj Pillai,Consumer,East,Jharkhand,Ranchi,Technology,Phones,Cordless Landline Phone,"? 50,014.0",4,40%,"? 1,746.0"
ORD-5368,04-05-2024,09-05-2024,First Class,CUST-1172,Ramesh Krishnan,Corporate,North,Uttar Pradesh,Kanpur,Office Supplies,Binders,Presentation Binder,"? 5,908.4",6,0%,"? 1,598.8"
ORD-6440,30-03-2025,03-04-2025,First Class,CUST-1059,Anjali Iyer,Home Office,West,Rajasthan,Jaipur,Office Supplies,Labels,Address Label Pack,"? 1,144.1",1,0%,? 332.4
ORD-6192,28-04-2025,03-05-2025,Second Class,CUST-1015,Kavya Gowda,Home Office,East,West Bengal,Howrah,Furniture,Furnishings,Desk Lamp,"? 51,091.3",7,0%,"? 10,044.9"
ORD-6674,21-05-2024,22-05-2024,Standard Class,CUST-1070,Arjun Nair,Consumer,WEST,Rajasthan,Jaipur,Office Supplies,Envelopes,Courier Envelopes,"? 1,371.2",5,40%,? 110.7
ORD-6506,10-12-2024,12-12-2024,First Class,CUST-1130,Divya Krishnan,Home Office,South,Andhra Pradesh,Visakhapatnam,Office Supplies,Binders,Presentation Binder,"? 2,567.1",3,0%,? 448.0
ORD-5095,08-12-2025,10-12-2025,Same Day,CUST-1186,Deepa Krishnan,Home Office,East,Jharkhand,Ranchi,Office Supplies,Labels,Address Label Pack,"? 9,852.0",7,20%,"? 3,234.8"
ORD-6293,16-06-2024,23-06-2024,Standard Class,CUST-1143,Vijay Subramaniam,Consumer,West,Gujarat,Ahmedabad,Technology,Phones,Cordless Landline Phone,"? 1,41,293.1",5,40%,"? 30,353.1"
ORD-6579,14-01-2024,18-01-2024,Standard Class,CUST-1035,Manoj Pillai,Consumer,East,Odisha,Bhubaneswar,Technology,Accessories,USB Mouse,"? 10,419.7",6,40%,"? 1,959.5"
ORD-6200,08-04-2025,10-04-2025,First Class,CUST-1159,Divya Gowda,Home Office,South,Karnataka,Mysuru,Furniture,Bookcases,3-Shelf Bookcase,"? 83,598.3",9,0%,"-? 8,716.5"
ORD-6138,02-09-2025,05-09-2025,Same Day,CUST-1049,Manoj Naidu,Home Office,East,West Bengal,Kolkata,Furniture,Chairs,Wooden Study Chair,"? 16,535.1",4,30%,"-? 1,185.7"
ORD-6112,23-09-2024,30-09-2024,Second Class,CUST-1045,Praveen Mahesh,Consumer,NORTH,Uttar Pradesh,Noida,Furniture,Tables,Adjustable Laptop Table,"? 1,34,861.1",9,40%,"? 5,557.1"
ORD-5628,17-01-2025,18-01-2025,Standard Class,CUST-1198,Ishita Nambiar,Home Office,East,Jharkhand,Ranchi,Technology,Phones,Bluetooth Headset,"? 2,49,978.4",9,0%,"-? 18,178.2"
ORD-6006,13-06-2024,18-06-2024,Same Day,CUST-1034,Anitha Raj,Corporate,West,Gujarat,Vadodara,Office Supplies,Storage,Filing Cabinet,"? 4,558.2",7,10%,-? 301.9
ORD-6079,26-07-2024,29-07-2024,Second Class,CUST-1066,Sanjay Menon,Consumer,EAST,West Bengal,Howrah,Office Supplies,Binders,Clip Binder,"? 3,841.0",3,0%,-? 425.2
ORD-5298,14-01-2024,16-01-2024,First Class,CUST-1131,Vijay Prasad,Corporate,East,West Bengal,Howrah,Technology,Phones,Cordless Landline Phone,"? 89,102.3",6,0%,"? 23,328.9"
ORD-5432,12-05-2025,13-05-2025,Standard Class,CUST-1158,Vijay Verma,Home Office,South,Tamil Nadu,Madurai,Office Supplies,Binders,Clip Binder,"? 7,144.5",7,0%,-? 228.5
ORD-6649,19-02-2024,23-02-2024,Standard Class,CUST-1216,Priya Rao,Consumer,North,Haryana,Faridabad,Office Supplies,Art,Whiteboard Markers,"? 8,068.6",6,0%,? 581.6
ORD-5708,29-11-2025,02-12-2025,First Class,CUST-1201,Vijay Prasad,Corporate,South,Karnataka,Mangaluru,Office Supplies,Labels,Barcode Labels,"? 2,202.2",5,0%,-? 193.5
ORD-6160,18-07-2025,20-07-2025,Same Day,CUST-1053,Sanjay Rao,Corporate,South,Kerala,Kochi,Office Supplies,Art,Highlighter Pack,"? 1,156.2",6,0%,? 357.9
ORD-6359,13-04-2024,17-04-2024,Second Class,CUST-1208,Anitha Mahesh,Home Office,North,Punjab,Amritsar,Technology,Phones,Bluetooth Headset,"? 70,235.6",8,0%,"? 5,511.2"
ORD-6470,12-08-2024,15-08-2024,First Class,CUST-1019,Revathi Menon,Home Office,North,Haryana,Faridabad,Technology,Copiers,Multi-function Printer,"? 4,996.1",6,15%,"? 1,180.9"
ORD-6414,05-09-2025,06-09-2025,Second Class,CUST-1126,Ramesh Naidu,Consumer,West,Gujarat,Ahmedabad,Technology,Phones,Cordless Landline Phone,"? 34,654.8",8,0%,"-? 2,949.5"
ORD-5394,18-02-2024,20-02-2024,Standard Class,CUST-1165,Ishita Verma,Corporate,North,Uttar Pradesh,Noida,Technology,Accessories,Laptop Sleeve,"? 74,789.5",3,0%,"-? 2,322.0"
ORD-5674,28-09-2024,05-10-2024,First Class,CUST-1033,Sneha Subramaniam,Consumer,North,Uttar Pradesh,Noida,Office Supplies,Storage,Filing Cabinet,"? 1,612.7",2,30%,? 399.4
ORD-6600,17-08-2025,19-08-2025,Standard Class,CUST-1123,Sneha Nambiar,Home Office,West,Gujarat,Ahmedabad,Furniture,Furnishings,Wall Clock,"? 19,773.2",2,0%,"? 5,683.3"
ORD-5141,05-01-2024,12-01-2024,First Class,CUST-1195,Ganesh Menon,Corporate,West,Maharashtra,Pune,Technology,Phones,Bluetooth Headset,"? 40,449.7",6,10%,"? 3,186.4"
ORD-5312,14-12-2025,19-12-2025,Same Day,CUST-1161,Pooja Nair,Consumer,North,Delhi,New Delhi,Office Supplies,Binders,3-Ring Binder,"? 2,616.7",6,0%,-? 367.5
ORD-5951,23-10-2025,30-10-2025,Standard Class,CUST-1163,Sanjay Chandran,Consumer,West,Maharashtra,Nagpur,Office Supplies,Art,Sketch Pen Set,? 170.3,2,0%,? 40.3
ORD-6763,19-03-2025,20-03-2025,Same Day,CUST-1195,Ganesh Menon,Corporate,East,Odisha,Bhubaneswar,Office Supplies,Paper,A4 Copy Paper (500 sheets),"? 2,497.9",8,20%,? 665.5
ORD-6284,22-09-2024,29-09-2024,Second Class,CUST-1195,Ganesh Menon,Corporate,North,Haryana,Faridabad,Office Supplies,Binders,3-Ring Binder,"? 3,224.3",4,15%,? 951.6
ORD-6405,03-06-2024,04-06-2024,Standard Class,CUST-1087,Revathi Nair,Home Office,North,Haryana,Faridabad,Office Supplies,Storage,Plastic Storage Box,"? 5,877.8",7,15%,"? 1,472.5"
ORD-6188,18-01-2024,22-01-2024,Standard Class,CUST-1061,Vijay Nair,Corporate,East,Odisha,Bhubaneswar,Office Supplies,Storage,Filing Cabinet,"? 1,690.0",2,20%,-? 237.0
ORD-5782,09-04-2024,11-04-2024,Same Day,CUST-1135,Rohit Rao,Home Office,West,Maharashtra,Nagpur,Office Supplies,Binders,Presentation Binder,"? 7,103.6",7,20%,? 857.6
ORD-5295,29-10-2024,01-11-2024,Same Day,CUST-1105,Meena Naidu,Consumer,North,Haryana,Gurugram,Technology,Copiers,Desktop Copier,"? 49,107.8",4,20%,"? 10,337.3"
ORD-6655,17-10-2025,22-10-2025,Standard Class,CUST-1171,Vijay Naidu,Corporate,West,Rajasthan,Udaipur,Office Supplies,Storage,Plastic Storage Box,? 732.4,3,0%,? 52.2
ORD-6175,17-09-2024,20-09-2024,Same Day,CUST-1028,Anjali Krishnan,Home Office,North,Uttar Pradesh,Kanpur,Office Supplies,Envelopes,A4 Envelopes (Pack of 50),"? 3,708.6",3,10%,-? 270.4
ORD-5544,03-11-2024,08-11-2024,Same Day,CUST-1216,Priya Rao,Consumer,West,Rajasthan,Jaipur,Office Supplies,Art,Whiteboard Markers,"? 1,104.9",2,20%,-? 90.2
ORD-6125,08-11-2025,15-11-2025,Same Day,CUST-1210,Deepa Nambiar,Consumer,East,Odisha,Bhubaneswar,Technology,Accessories,USB Mouse,"? 54,479.1",4,0%,"? 9,815.4"
ORD-5769,27-04-2025,02-05-2025,First Class,CUST-1196,Revathi Kumar,Corporate,East,Odisha,Bhubaneswar,Office Supplies,Art,Highlighter Pack,"? 8,272.5",6,0%,? 413.1
ORD-5761,04-04-2024,08-04-2024,Same Day,CUST-1000,Rahul Iyer,Consumer,North,Uttar Pradesh,Noida,Technology,Copiers,Desktop Copier,"? 1,20,526.2",9,10%,"? 41,807.9"
ORD-6809,16-09-2024,20-09-2024,Second Class,CUST-1200,Naveen Balan,Home Office,North,Punjab,Amritsar,Office Supplies,Storage,Plastic Storage Box,"? 1,035.8",2,0%,? 326.3
ORD-6316,16-06-2024,20-06-2024,Same Day,CUST-1169,Kavya Menon,Consumer,East,Odisha,Bhubaneswar,Furniture,Tables,Adjustable Laptop Table,"? 44,380.0",4,10%,"? 11,418.0"
ORD-6085,10-07-2025,17-07-2025,Standard Class,CUST-1163,Sanjay Chandran,Consumer,North,Haryana,Gurugram,Office Supplies,Labels,Barcode Labels,? 601.7,9,30%,? 30.9
ORD-5133,03-11-2024,06-11-2024,Same Day,CUST-1043,Sanjay Nambiar,Corporate,West,Gujarat,Surat,Furniture,Furnishings,Office Cushion,"? 22,922.2",4,20%,? 871.7
ORD-6046,24-09-2024,01-10-2024,Second Class,CUST-1145,Swathi Pillai,Consumer,North,Punjab,Amritsar,Office Supplies,Paper,Legal Pad,"? 1,981.2",2,30%,-? 31.9
ORD-6418,21-01-2024,25-01-2024,Standard Class,CUST-1003,Divya Rao,Consumer,East,Bihar,Patna,Office Supplies,Envelopes,A4 Envelopes (Pack of 50),"? 7,683.4",6,0%,-? 808.9
ORD-6214,02-02-2024,06-02-2024,First Class,CUST-1145,Swathi Pillai,Consumer,North,Delhi,New Delhi,Furniture,Furnishings,Wall Clock,"? 4,148.4",1,0%,? 846.9
ORD-5185,19-06-2024,23-06-2024,Standard Class,CUST-1067,Priya Verma,Home Office,East,Jharkhand,Ranchi,Office Supplies,Binders,Clip Binder,"? 3,535.8",4,0%,? 267.5
ORD-6752,05-01-2025,08-01-2025,Second Class,CUST-1098,Deepa Reddy,Corporate,North,Haryana,Faridabad,Furniture,Furnishings,Office Cushion,"? 50,127.5",8,30%,"? 4,975.6"
ORD-6536,18-02-2025,23-02-2025,Same Day,CUST-1030,Pooja Verma,Consumer,West,Gujarat,Surat,Office Supplies,Binders,Presentation Binder,"? 10,133.8",8,15%,"? 1,657.9"
ORD-6458,08-07-2025,10-07-2025,Second Class,CUST-1025,Rahul Gowda,Consumer,North,Haryana,Faridabad,Furniture,Tables,Compact Study Table,"? 38,426.0",3,20%,? 98.8
ORD-5177,18-12-2024,23-12-2024,Second Class,CUST-1049,Manoj Naidu,Home Office,North,Haryana,Faridabad,Furniture,Bookcases,Metal Bookrack,"? 4,294.0",1,40%,? 492.6
ORD-6701,21-05-2025,28-05-2025,First Class,CUST-1014,Karthik Naidu,Consumer,West,Rajasthan,Udaipur,Office Supplies,Paper,Legal Pad,"? 1,619.8",3,40%,? 299.5
ORD-5669,23-06-2024,26-06-2024,Standard Class,CUST-1004,Ganesh Chandran,Consumer,South,Karnataka,Bengaluru,Office Supplies,Art,Sketch Pen Set,"? 1,012.4",1,0%,? 341.4
ORD-5810,25-01-2024,28-01-2024,Second Class,CUST-1211,Vikram Naidu,Corporate,East,Jharkhand,Ranchi,Office Supplies,Envelopes,A4 Envelopes (Pack of 50),"? 4,708.2",5,0%,-? 531.0
ORD-6034,21-04-2024,25-04-2024,Same Day,CUST-1052,Pooja Iyer,Home Office,West,Rajasthan,Jaipur,Office Supplies,Labels,Barcode Labels,"? 2,355.4",9,10%,? 769.8
ORD-5700,19-12-2025,23-12-2025,Second Class,CUST-1041,Revathi Rao,Corporate,West,Maharashtra,Pune,Furniture,Bookcases,Oak Bookcase,"? 17,813.0",4,0%,"? 2,570.6"
ORD-6460,21-06-2024,24-06-2024,Standard Class,CUST-1040,Suresh Verma,Home Office,East,Odisha,Bhubaneswar,Office Supplies,Storage,Plastic Storage Box,? 501.5,3,10%,? 156.0
ORD-6761,29-10-2025,30-10-2025,Second Class,CUST-1194,Pooja Reddy,Home Office,East,Bihar,Patna,Office Supplies,Envelopes,Courier Envelopes,"? 5,892.1",8,0%,? 46.3
ORD-6580,01-01-2025,03-01-2025,Standard Class,CUST-1106,Manoj Pillai,Corporate,South,Andhra Pradesh,Vijayawada,Office Supplies,Envelopes,Courier Envelopes,"? 4,315.4",9,10%,-? 421.5
ORD-5517,10-10-2024,12-10-2024,Second Class,CUST-1029,Rahul Reddy,Home Office,South,Tamil Nadu,Chennai,Office Supplies,Labels,Address Label Pack,"? 4,974.4",5,10%,"? 1,008.9"
ORD-5849,26-11-2024,27-11-2024,Same Day,CUST-1148,Arjun Nair,Home Office,South,Karnataka,Mangaluru,Office Supplies,Labels,Barcode Labels,"? 1,602.2",2,10%,-? 165.5
ORD-5602,16-05-2024,20-05-2024,Same Day,CUST-1180,Nithya Prasad,Consumer,NORTH,Uttar Pradesh,Lucknow,Office Supplies,Binders,Clip Binder,"? 1,449.2",1,0%,? 306.2
ORD-6206,24-04-2025,27-04-2025,Same Day,CUST-1109,Vikram Mahesh,Consumer,West,Rajasthan,Udaipur,Office Supplies,Labels,Address Label Pack,"? 1,256.6",1,30%,? 353.1
ORD-6065,07-04-2025,14-04-2025,Second Class,CUST-1185,Pooja Sharma,Corporate,South,Tamil Nadu,Madurai,Technology,Phones,Cordless Landline Phone,"? 7,977.5",8,15%,"? 1,128.4"
ORD-6743,26-04-2024,27-04-2024,Standard Class,CUST-1002,Anitha Nair,Home Office,North,Punjab,Amritsar,Office Supplies,Art,Highlighter Pack,"? 2,409.5",2,20%,? 678.7
ORD-6127,13-08-2025,20-08-2025,Standard Class,CUST-1016,Ramesh Raj,Home Office,North,Punjab,Ludhiana,Office Supplies,Art,Sketch Pen Set,"? 7,004.5",6,20%,"? 1,476.5"
ORD-5511,12-04-2025,14-04-2025,First Class,CUST-1037,Sathish Sharma,Home Office,North,Uttar Pradesh,Kanpur,Furniture,Furnishings,Wall Clock,"? 8,917.6",4,10%,"? 1,036.9"
ORD-5542,14-11-2024,16-11-2024,First Class,CUST-1115,Anjali Prasad,Consumer,West,Maharashtra,Pune,Furniture,Tables,Conference Table 6-Seater,"? 26,373.3",5,40%,"-? 2,900.9"
ORD-5282,15-07-2025,19-07-2025,Same Day,CUST-1114,Ganesh Mahesh,Home Office,WEST,Rajasthan,Jaipur,Office Supplies,Art,Highlighter Pack,"? 11,352.7",9,15%,"? 3,456.5"
ORD-6277,18-09-2025,22-09-2025,First Class,CUST-1146,Karthik Chandran,Corporate,North,Uttar Pradesh,Noida,Office Supplies,Paper,Sticky Notes Pack,"? 5,531.1",5,10%,? 20.4
ORD-5276,02-05-2025,09-05-2025,Second Class,CUST-1188,Sathish Iyer,Home Office,South,Andhra Pradesh,Visakhapatnam,Office Supplies,Storage,File Organizer Tray,"? 8,558.4",7,0%,? 218.6
ORD-5398,01-04-2025,04-04-2025,Same Day,CUST-1020,Nithya Gowda,Home Office,South,Kerala,Kochi,Office Supplies,Paper,Legal Pad,"? 4,722.7",4,0%,-? 511.0
ORD-5443,13-05-2024,17-05-2024,First Class,CUST-1210,Deepa Nambiar,Consumer,West,Rajasthan,Jaipur,Technology,Machines,Laminating Machine,"? 43,782.2",3,0%,-? 214.7
ORD-6529,06-10-2024,13-10-2024,Standard Class,CUST-1169,Kavya Menon,Consumer,West,Maharashtra,Pune,Office Supplies,Labels,Barcode Labels,"? 2,783.1",2,0%,? 358.2
ORD-5441,25-07-2025,01-08-2025,Second Class,CUST-1087,Revathi Nair,Home Office,West,Maharashtra,Pune,Office Supplies,Envelopes,A4 Envelopes (Pack of 50),"? 2,826.9",3,0%,? 930.1
ORD-6793,26-07-2025,27-07-2025,Same Day,CUST-1027,Sneha Pillai,Home Office,East,Odisha,Bhubaneswar,Office Supplies,Paper,A4 Copy Paper (500 sheets),? 431.6,3,40%,? 53.8
ORD-5435,11-10-2024,13-10-2024,Same Day,CUST-1050,Naveen Prasad,Corporate,North,Haryana,Faridabad,Technology,Phones,Bluetooth Headset,"? 28,644.9",1,10%,-? 673.4
ORD-5520,02-08-2024,06-08-2024,Same Day,CUST-1003,Divya Rao,Consumer,East,West Bengal,Howrah,Furniture,Tables,Conference Table 6-Seater,"? 96,152.7",6,20%,"-? 3,582.1"
ORD-5080,07-04-2025,09-04-2025,Second Class,CUST-1016,Ramesh Raj,Home Office,East,West Bengal,Howrah,Office Supplies,Envelopes,A4 Envelopes (Pack of 50),"? 1,391.8",3,0%,? 343.6
ORD-5020,17-12-2025,21-12-2025,First Class,CUST-1100,Naveen Rao,Consumer,North,Haryana,Faridabad,Furniture,Chairs,Wooden Study Chair,"? 54,160.7",4,0%,"? 18,944.7"
ORD-6822,08-10-2025,11-10-2025,Second Class,CUST-1208,Anitha Mahesh,Home Office,East,West Bengal,Kolkata,Furniture,Tables,Compact Study Table,"? 65,062.4",6,40%,"-? 5,546.4"
ORD-5065,27-08-2024,01-09-2024,Same Day,CUST-1218,Suresh Balan,Home Office,West,Gujarat,Surat,Technology,Accessories,Laptop Sleeve,"? 71,437.8",5,30%,"? 7,247.6"
ORD-5182,10-06-2024,17-06-2024,Standard Class,CUST-1153,Sanjay Nair,Home Office,East,Jharkhand,Ranchi,Furniture,Bookcases,3-Shelf Bookcase,"? 61,904.7",5,0%,"-? 3,785.2"
ORD-5030,08-10-2025,15-10-2025,Standard Class,CUST-1071,Sneha Mahesh,Home Office,North,Punjab,Ludhiana,Office Supplies,Binders,Presentation Binder,? 933.7,5,0%,-? 118.6
ORD-6427,28-06-2025,05-07-2025,First Class,CUST-1089,Swathi Verma,Corporate,West,Gujarat,Vadodara,Office Supplies,Paper,A4 Copy Paper (500 sheets),? 488.1,1,0%,? 143.7
ORD-5294,13-07-2024,18-07-2024,Same Day,CUST-1173,Kavya Prasad,Corporate,West,Rajasthan,Udaipur,Office Supplies,Art,Whiteboard Markers,"? 2,742.2",3,0%,? 316.9
ORD-6111,12-06-2024,14-06-2024,First Class,CUST-1122,Nithya Krishnan,Corporate,East,Bihar,Patna,Office Supplies,Art,Whiteboard Markers,? 471.4,3,20%,? 42.4
ORD-6748,05-01-2025,07-01-2025,Standard Class,CUST-1219,Praveen Rao,Home Office,West,Maharashtra,Nagpur,Technology,Phones,Bluetooth Headset,"? 1,86,051.9",7,10%,"? 10,729.2"
ORD-6779,14-11-2025,15-11-2025,Same Day,CUST-1039,Naveen Nair,Corporate,South,Karnataka,Mysuru,Office Supplies,Labels,Barcode Labels,? 883.7,1,0%,-? 25.7
ORD-5977,10-03-2024,13-03-2024,Second Class,CUST-1061,Vijay Nair,Corporate,North,Punjab,Amritsar,Technology,Accessories,USB Mouse,"? 1,25,165.6",5,0%,"-? 17,230.1"
ORD-6496,16-05-2024,23-05-2024,First Class,CUST-1169,Kavya Menon,Consumer,North,Delhi,New Delhi,Office Supplies,Envelopes,Courier Envelopes,"? 8,578.0",8,20%,"? 2,053.9"
ORD-5046,27-02-2025,02-03-2025,Standard Class,CUST-1158,Vijay Verma,Home Office,East,Jharkhand,Ranchi,Office Supplies,Storage,Filing Cabinet,"? 3,297.1",8,0%,-? 344.2
ORD-6108,16-06-2025,21-06-2025,Standard Class,CUST-1036,Vijay Nambiar,Home Office,East,Jharkhand,Ranchi,Furniture,Tables,Conference Table 6-Seater,"? 39,781.9",5,30%,"-? 2,989.5"
ORD-5988,27-04-2025,29-04-2025,First Class,CUST-1008,Vikram Rao,Corporate,South,Karnataka,Mysuru,Technology,Machines,Laminating Machine,"? 25,650.3",2,0%,"-? 1,728.6"
ORD-5992,03-09-2024,07-09-2024,First Class,CUST-1140,Ramesh Iyer,Consumer,West,Rajasthan,Jaipur,Furniture,Chairs,Executive Recliner,"? 47,707.1",3,0%,"? 10,084.6"
ORD-6823,18-07-2025,25-07-2025,Second Class,CUST-1079,Divya Verma,Consumer,East,West Bengal,Kolkata,Furniture,Chairs,Ergo Mesh Office Chair,"? 81,454.5",5,20%,"? 12,857.0"
ORD-5994,07-01-2025,09-01-2025,First Class,CUST-1105,Meena Naidu,Consumer,East,Odisha,Bhubaneswar,Furniture,Chairs,Wooden Study Chair,"? 50,959.4",7,20%,"? 3,812.1"
ORD-6013,12-04-2024,16-04-2024,Standard Class,CUST-1039,Naveen Nair,Corporate,South,Kerala,Thiruvananthapuram,Furniture,Bookcases,Oak Bookcase,"? 13,650.4",1,0%,"? 4,036.4"
ORD-5943,20-01-2025,21-01-2025,Second Class,CUST-1158,Vijay Verma,Home Office,North,Punjab,Ludhiana,Office Supplies,Envelopes,Courier Envelopes,"? 1,378.4",2,0%,-? 93.4
ORD-6842,23-06-2025,27-06-2025,Same Day,CUST-1065,Arun Iyer,Corporate,EAST,Jharkhand,Ranchi,Technology,Machines,Label Printer,"? 33,863.6",3,30%,"-? 4,387.0"
ORD-6423,17-05-2025,22-05-2025,Same Day,CUST-1105,Meena Naidu,Consumer,East,West Bengal,Howrah,Office Supplies,Labels,Barcode Labels,"? 3,470.3",3,0%,"? 1,051.2"
ORD-5636,06-03-2025,13-03-2025,First Class,CUST-1011,Vikram Chandran,Corporate,West,Rajasthan,Udaipur,Office Supplies,Paper,A4 Copy Paper (500 sheets),"? 5,293.1",6,0%,? 5.2
ORD-5461,27-10-2025,29-10-2025,Same Day,CUST-1076,Lakshmi Naidu,Home Office,East,Odisha, Bhubaneswar  ,Office Supplies,Art,Sketch Pen Set,? 189.7,3,40%,? 63.0
ORD-5325,11-10-2025,14-10-2025,Second Class,CUST-1097,Revathi Balan,Consumer,South,Andhra Pradesh,Vijayawada,Office Supplies,Art,Sketch Pen Set,"? 4,115.7",3,0%,"? 1,170.5"
ORD-6187,26-08-2025,31-08-2025,Second Class,CUST-1068,Karthik Krishnan,Home Office,South,Andhra Pradesh,Visakhapatnam,Office Supplies,Labels,Address Label Pack,"? 2,949.7",6,0%,-? 391.0
ORD-6345,30-12-2024,03-01-2025,Standard Class,CUST-1090,Ishita Chandran,Consumer,East,Odisha,Bhubaneswar,Office Supplies,Art,Whiteboard Markers,"? 2,019.2",3,30%,? 291.6
ORD-5450,30-07-2025,06-08-2025,Standard Class,CUST-1170,Anitha Kumar,Home Office,West,Rajasthan,Jaipur,Office Supplies,Labels,Address Label Pack,? 286.1,2,20%,-? 39.2
ORD-6687,31-12-2024,07-01-2025,Same Day,CUST-1122,Nithya Krishnan,Corporate,South,Kerala,Thiruvananthapuram,Office Supplies,Envelopes,A4 Envelopes (Pack of 50),"? 1,602.0",4,0%,-? 14.2
ORD-5115,02-03-2025,07-03-2025,Same Day,CUST-1098,Deepa Reddy,Corporate,West,Gujarat,Ahmedabad,Office Supplies,Storage,File Organizer Tray,"? 6,082.1",9,10%,-? 755.6
ORD-6798,05-06-2025,10-06-2025,First Class,CUST-1020,Nithya Gowda,Home Office,East,Jharkhand,Ranchi,Technology,Machines,Laminating Machine,"? 41,173.1",5,20%,"-? 3,328.1"
ORD-5202,22-04-2025,25-04-2025,First Class,CUST-1030,Pooja Verma,Consumer,East,West Bengal,Kolkata,Office Supplies,Envelopes,Courier Envelopes,"? 1,596.2",2,40%,-? 188.5
ORD-5464,21-05-2025,26-05-2025,Same Day,CUST-1062,Arjun Reddy,Home Office,NORTH,Haryana,Faridabad,Furniture,Bookcases,Metal Bookrack,"? 16,653.0",4,20%,"? 5,176.9"
ORD-5462,21-01-2024,25-01-2024,First Class,CUST-1065,Arun Iyer,Corporate,WEST,Maharashtra,Pune,Office Supplies,Art,Sketch Pen Set,"? 1,209.6",7,30%,? 331.8
ORD-5278,20-06-2024,27-06-2024,Same Day,CUST-1037,Sathish Sharma,Home Office,North,Haryana,Faridabad,Technology,Phones,Smartphone A12,"? 54,589.2",5,15%,"? 8,335.4"
ORD-6712,30-03-2025,04-04-2025,Second Class,CUST-1142,Ramesh Menon,Home Office,South,Karnataka,Mysuru,Office Supplies,Binders,Clip Binder,"? 4,628.7",9,0%,? 379.1
ORD-6545,01-11-2024,08-11-2024,First Class,CUST-1103,Deepa Mahesh,Corporate,EAST,West Bengal,Howrah,Furniture,Bookcases,3-Shelf Bookcase,"? 31,194.5",6,0%,"? 5,052.0"
ORD-6788,15-04-2024,18-04-2024,Standard Class,CUST-1125,Vijay Subramaniam,Consumer,East,Jharkhand,Ranchi,Office Supplies,Envelopes,Courier Envelopes,"? 4,377.7",9,0%,"? 1,408.9"
ORD-5751,29-12-2024,01-01-2025,Same Day,CUST-1005,Arun Krishnan,Consumer,North,Delhi,New Delhi,Technology,Machines,Laminating Machine,"? 78,684.1",5,0%,"? 10,146.5"
ORD-6000,11-02-2024,13-02-2024,First Class,CUST-1191,Manoj Menon,Home Office,East,Odisha,Bhubaneswar,Furniture,Chairs,Ergo Mesh Office Chair,"? 1,20,230.6",9,0%,"-? 17,052.1"
ORD-5562,16-06-2025,23-06-2025,First Class,CUST-1060,Lakshmi Prasad,Home Office,West,Maharashtra,Pune,Furniture,Furnishings,Office Cushion,"? 25,562.1",8,0%,"-? 1,950.1"
ORD-5028,22-05-2025,23-05-2025,First Class,CUST-1182,Ramesh Raj,Home Office,West,Rajasthan,Udaipur,Technology,Copiers,Desktop Copier,"? 1,77,970.2",7,0%,"-? 20,036.9"
ORD-6248,01-03-2025,02-03-2025,Standard Class,CUST-1185,Pooja Sharma,Corporate,NORTH,Uttar Pradesh,Noida,Office Supplies,Binders,Clip Binder,"? 1,444.9",4,0%,? 477.6
ORD-5280,07-04-2024,08-04-2024,First Class,CUST-1076,Lakshmi Naidu,Home Office,East,West Bengal,Kolkata,Technology,Phones,Smartphone A12,"? 1,54,368.2",7,15%,"-? 5,452.6"
ORD-5772,31-01-2025,07-02-2025,Standard Class,CUST-1182,Ramesh Raj,Home Office,East,West Bengal,Howrah,Technology,Copiers,Desktop Copier,"? 2,34,248.2",8,0%,"? 5,421.3"
ORD-6678,09-03-2024,11-03-2024,Second Class,CUST-1135,Rohit Rao,Home Office,West,Maharashtra,Mumbai,Technology,Machines,Laminating Machine,"? 2,50,465.3",9,10%,"-? 11,948.1"
ORD-6623,26-10-2024,31-10-2024,Standard Class,CUST-1138,Rohit Rao,Corporate,East,West Bengal,Howrah,Office Supplies,Envelopes,A4 Envelopes (Pack of 50),"? 7,786.9",6,10%,"? 1,168.4"
ORD-6653,06-09-2025,07-09-2025,Second Class,CUST-1068,Karthik Krishnan,Home Office,North,Uttar Pradesh,Noida,Office Supplies,Labels,Address Label Pack,"? 8,804.5",7,0%,-? 606.8
ORD-6696,04-06-2024,06-06-2024,Standard Class,CUST-1048,Deepa Varma,Consumer,North,Punjab,Amritsar,Office Supplies,Storage,Plastic Storage Box,"? 2,853.8",3,0%,? 767.4
ORD-6007,23-08-2025,30-08-2025,Standard Class,CUST-1208,Anitha Mahesh,Home Office,South,Karnataka,Mangaluru,Technology,Copiers,Multi-function Printer,"? 7,369.4",1,0%,? 563.4
ORD-5794,14-03-2025,15-03-2025,Standard Class,CUST-1108,Pooja Rao,Home Office,South,Karnataka,Mysuru,Technology,Phones,Bluetooth Headset,"? 43,029.5",4,40%,"-? 1,934.5"
ORD-5416,19-11-2025,20-11-2025,Second Class,CUST-1060,Lakshmi Prasad,Home Office,East,Jharkhand,Ranchi,Furniture,Furnishings,Office Cushion,"? 38,629.9",3,0%,"? 1,230.6"
ORD-5199,31-08-2025,04-09-2025,Standard Class,CUST-1098,Deepa Reddy,Corporate,West,Gujarat,Vadodara,Office Supplies,Storage,Plastic Storage Box,? 797.7,2,15%,-? 108.7
ORD-5996,09-06-2025,14-06-2025,Same Day,CUST-1027,Sneha Pillai,Home Office,EAST,Bihar,Patna,Office Supplies,Art,Sketch Pen Set,"? 5,425.9",6,20%,-? 806.5
ORD-6207,09-02-2024,16-02-2024,Second Class,CUST-1130,Divya Krishnan,Home Office,East,Jharkhand,Ranchi,Office Supplies,Paper,Legal Pad,"? 11,705.7",9,10%,"? 1,446.6"
ORD-6831,05-01-2025,07-01-2025,First Class,CUST-1043,Sanjay Nambiar,Corporate,North,Haryana,Gurugram,Office Supplies,Labels,Barcode Labels,"? 5,750.7",4,0%,"? 1,495.4"
ORD-5867,16-09-2025,20-09-2025,Standard Class,CUST-1021,Vijay Krishnan,Consumer,North,Haryana,Faridabad,Technology,Phones,Bluetooth Headset,"? 32,192.7",9,0%,"? 5,487.8"
ORD-6311,10-08-2024,13-08-2024,First Class,CUST-1062,Arjun Reddy,Home Office,West,Maharashtra,Nagpur,Furniture,Furnishings,Desk Lamp,"? 8,415.9",2,0%,-? 66.0
ORD-6343,09-06-2025,13-06-2025,Standard Class,CUST-1170,Anitha Kumar,Home Office,West,Rajasthan,Jaipur,Office Supplies,Paper,Sticky Notes Pack,"? 2,674.8",9,30%,-? 155.2
ORD-5161,13-11-2024,20-11-2024,Second Class,CUST-1189,Sanjay Menon,Home Office,East,Odisha,Bhubaneswar,Office Supplies,Art,Sketch Pen Set,"? 2,786.7",3,0%,-? 400.4
ORD-5489,09-09-2024,14-09-2024,Same Day,CUST-1024,Manoj Pillai,Corporate,West,Gujarat,Vadodara,Office Supplies,Binders,Presentation Binder,"? 10,647.1",9,0%,"? 2,566.1"
ORD-5648,01-11-2024,02-11-2024,Second Class,CUST-1054,Arjun Subramaniam,Consumer,West,Rajasthan,Jaipur,Furniture,Bookcases,Oak Bookcase,"? 26,729.6",3,15%,"? 8,374.2"
ORD-5053,08-01-2024,12-01-2024,Standard Class,CUST-1045,Praveen Mahesh,Consumer,East,Odisha,Bhubaneswar,Office Supplies,Envelopes,A4 Envelopes (Pack of 50),"? 2,287.2",2,30%,? 642.4
ORD-5407,27-05-2024,28-05-2024,Standard Class,CUST-1170,Anitha Kumar,Home Office,West,Rajasthan,Udaipur,Office Supplies,Art,Whiteboard Markers,"? 3,986.0",3,10%,"? 1,059.4"
ORD-5813,29-07-2025,30-07-2025,First Class,CUST-1046,Arjun Raj,Consumer,East,Odisha,Bhubaneswar,Office Supplies,Envelopes,Courier Envelopes,"? 3,699.8",3,0%,"? 1,055.8"
ORD-5744,23-05-2024,30-05-2024,Second Class,CUST-1080,Karthik Subramaniam,Consumer,East,Jharkhand,Ranchi,Office Supplies,Art,Whiteboard Markers,"? 7,473.7",6,20%,? 985.8
ORD-6026,01-10-2025,03-10-2025,Standard Class,CUST-1043,Sanjay Nambiar,Corporate,West,Gujarat,Ahmedabad,Technology,Machines,Label Printer,"? 1,22,595.9",7,0%,"? 23,889.6"
ORD-5239,02-12-2025,06-12-2025,Standard Class,CUST-1128,Sathish Krishnan,Consumer,South,Karnataka,Mangaluru,Technology,Copiers,Desktop Copier,"? 98,059.6",6,0%,"-? 10,417.8"
ORD-6392,18-02-2025,22-02-2025,Second Class,CUST-1080,Karthik Subramaniam,Consumer,East,Odisha,Bhubaneswar,Furniture,Tables,Conference Table 6-Seater,"? 1,44,042.7",9,0%,"? 27,996.0"
ORD-5163,09-12-2024,13-12-2024,Standard Class,CUST-1213,Rahul Kumar,Consumer,North,Delhi,New Delhi,Office Supplies,Labels,Address Label Pack,"? 2,215.8",3,20%,-? 158.1
ORD-5496,07-02-2024,10-02-2024,Second Class,CUST-1160,Sanjay Chandran,Home Office,East,Odisha,Bhubaneswar,Office Supplies,Envelopes,Courier Envelopes,"? 1,294.7",3,10%,? 233.0
ORD-5440,07-04-2025,11-04-2025,Standard Class,CUST-1122,Nithya Krishnan,Corporate,West,Gujarat,Ahmedabad,Office Supplies,Storage,Filing Cabinet,"? 4,380.7",7,10%,-? 611.7
ORD-5911,09-03-2024,13-03-2024,First Class,CUST-1130,Divya Krishnan,Home Office,East,Odisha,Bhubaneswar,Office Supplies,Storage,Plastic Storage Box,"? 1,932.8",6,40%,? 253.1
ORD-5259,26-08-2024,27-08-2024,Standard Class,CUST-1015,Kavya Gowda,Home Office,North,Haryana,Faridabad,Office Supplies,Envelopes,A4 Envelopes (Pack of 50),? 797.2,4,20%,? 43.4
ORD-5521,03-12-2025,07-12-2025,Same Day,CUST-1091,Divya Iyer,Home Office,North,Uttar Pradesh,Kanpur,Furniture,Chairs,Ergo Mesh Office Chair,"? 24,091.4",7,30%,"-? 1,153.9"
ORD-6618,22-09-2025,27-09-2025,Standard Class,CUST-1205,Karthik Verma,Home Office,South,Andhra Pradesh,Vijayawada,Office Supplies,Paper,Legal Pad,"? 1,411.0",9,10%,? 278.4
ORD-6770,18-04-2024,25-04-2024,Second Class,CUST-1001,Pooja Pillai,Consumer,West,Rajasthan,Jaipur,Office Supplies,Binders,3-Ring Binder,"? 2,899.6",5,20%,-? 60.6
ORD-5890,23-08-2025,30-08-2025,Second Class,CUST-1027,Sneha Pillai,Home Office,North,Haryana,Gurugram,Office Supplies,Binders,Clip Binder,"? 1,630.9",2,20%,-? 188.5
ORD-5212,14-05-2024,16-05-2024,Standard Class,CUST-1102,Karthik Verma,Consumer,South,Karnataka,Bengaluru,Office Supplies,Envelopes,A4 Envelopes (Pack of 50),? 974.9,1,0%,? 176.4
ORD-5629,24-10-2024,28-10-2024,Second Class,CUST-1119,Kiran Verma,Corporate,West,Rajasthan,Udaipur,Technology,Accessories,Power Bank,"? 88,270.1",8,40%,"-? 8,424.5"
ORD-5378,10-10-2024,11-10-2024,First Class,CUST-1142,Ramesh Menon,Home Office,West,Maharashtra,Mumbai,Office Supplies,Art,Whiteboard Markers,"? 5,835.5",6,15%,-? 263.8
ORD-6258,13-03-2025,14-03-2025,Second Class,CUST-1100,Naveen Rao,Consumer,North,Delhi,New Delhi,Office Supplies,Binders,Presentation Binder,? 852.2,8,0%,? 197.9
ORD-6411,29-04-2024,01-05-2024,First Class,CUST-1185,Pooja Sharma,Corporate,South,Andhra Pradesh,Vijayawada,Office Supplies,Art,Highlighter Pack,? 745.9,7,0%,? 171.8
ORD-5922,02-05-2024,09-05-2024,First Class,CUST-1129,Naveen Varma,Home Office,North,Haryana,Gurugram,Office Supplies,Envelopes,Courier Envelopes,? 396.8,2,10%,-? 19.8
ORD-5560,17-08-2024,22-08-2024,Second Class,CUST-1003,Divya Rao,Consumer,South,Kerala,Thiruvananthapuram,Technology,Copiers,Multi-function Printer,"? 8,982.6",2,0%,-? 947.0
ORD-5607,10-01-2024,11-01-2024,Standard Class,CUST-1071,Sneha Mahesh,Home Office,North,Delhi,New Delhi,Furniture,Furnishings,Desk Lamp,"? 54,699.2",9,15%,"? 8,956.6"
ORD-6783,21-10-2024,23-10-2024,Standard Class,CUST-1179,Ishita Subramaniam,Corporate,North,Punjab,Ludhiana,Office Supplies,Labels,Address Label Pack,"? 2,036.2",4,20%,? 530.6
ORD-5881,14-10-2025,21-10-2025,Second Class,CUST-1119,Kiran Verma,Corporate,WEST,Gujarat,Surat,Technology,Machines,Laminating Machine,"? 39,803.0",8,30%,"? 8,173.3"
ORD-5390,08-04-2025,12-04-2025,Same Day,CUST-1168,Anitha Sharma,Corporate,South,Andhra Pradesh,Visakhapatnam,Office Supplies,Storage,File Organizer Tray,"? 2,368.4",2,10%,? 700.9
ORD-6324,05-03-2024,09-03-2024,Standard Class,CUST-1111,Priya Nambiar,Home Office,East,Jharkhand,Ranchi,Office Supplies,Labels,Barcode Labels,"? 5,915.6",6,15%,? 312.4
ORD-6453,06-11-2025,13-11-2025,Standard Class,CUST-1135,Rohit Rao,Home Office,North,Uttar Pradesh,Lucknow,Office Supplies,Paper,A4 Copy Paper (500 sheets),? 742.7,6,20%,-? 107.7
ORD-5270,04-09-2024,07-09-2024,Standard Class,CUST-1070,Arjun Nair,Consumer,West,Maharashtra,Mumbai,Technology,Machines,Laser Printer,"? 25,662.6",8,0%,"? 5,956.9"
ORD-6072,12-03-2025,13-03-2025,First Class,CUST-1161,Pooja Nair,Consumer,West,Maharashtra,Nagpur,Office Supplies,Storage,Plastic Storage Box,"? 2,883.4",9,0%,-? 85.6
ORD-5525,11-06-2024,16-06-2024,Same Day,CUST-1124,Praveen Subramaniam,Corporate,North,Punjab,Amritsar,Office Supplies,Binders,3-Ring Binder,"? 4,677.0",4,20%,"? 1,427.2"
ORD-6751,28-07-2025,31-07-2025,First Class,CUST-1165,Ishita Verma,Corporate,South,Kerala,Kochi,Office Supplies,Art,Sketch Pen Set,? 302.1,2,15%,? 75.3
ORD-5910,15-05-2025,20-05-2025,First Class,CUST-1003,Divya Rao,Consumer,East,West Bengal,Howrah,Office Supplies,Binders,Clip Binder,"? 6,691.3",8,40%,"? 1,012.4"
ORD-5160,09-03-2025,16-03-2025,Standard Class,CUST-1081,Ganesh Rao,Consumer,East,West Bengal,Kolkata,Office Supplies,Storage,Plastic Storage Box,"? 2,848.2",9,20%,? 129.2
ORD-5633,07-07-2024,08-07-2024,Same Day,CUST-1194,Pooja Reddy,Home Office,South,Andhra Pradesh,Visakhapatnam,Technology,Machines,Laser Printer,"? 1,54,044.6",9,0%,"? 51,265.3"
ORD-5415,04-12-2025,08-12-2025,Same Day,CUST-1195,Ganesh Menon,Corporate,West,Rajasthan,Udaipur,Office Supplies,Art,Sketch Pen Set,"? 8,078.1",6,0%,"-? 1,160.1"
ORD-5235,17-05-2025,22-05-2025,Second Class,CUST-1143,Vijay Subramaniam,Consumer,North,Delhi,New Delhi,Office Supplies,Paper,Legal Pad,"? 6,367.8",9,30%,-? 662.4
ORD-5228,11-05-2024,12-05-2024,First Class,CUST-1100,Naveen Rao,Consumer,East,Bihar,Patna,Office Supplies,Labels,Address Label Pack,"? 11,574.8",8,0%,-? 936.5
ORD-6663,06-03-2025,13-03-2025,First Class,CUST-1113,Sathish Raj,Consumer,East,Bihar,Patna,Office Supplies,Envelopes,Courier Envelopes,"? 1,149.1",1,0%,? 145.8
ORD-6398,04-08-2025,11-08-2025,Same Day,CUST-1179,Ishita Subramaniam,Corporate,East,West Bengal,Howrah,Furniture,Chairs,Executive Recliner,"? 14,427.4",1,40%,"? 3,141.1"
ORD-5113,07-11-2025,12-11-2025,First Class,CUST-1161,Pooja Nair,Consumer,West,Gujarat,Surat,Office Supplies,Labels,Address Label Pack,"? 3,623.9",6,30%,? 880.3
ORD-5484,16-07-2024,21-07-2024,Same Day,CUST-1004,Ganesh Chandran,Consumer,South,Karnataka,Mysuru,Office Supplies,Binders,3-Ring Binder,"? 3,960.1",5,10%,-? 108.3
ORD-5094,22-02-2024,27-02-2024,Same Day,CUST-1081,Ganesh Rao,Consumer,East,Odisha,Bhubaneswar,Furniture,Tables,Compact Study Table,"? 81,360.2",8,20%,"? 4,832.0"
ORD-6211,07-04-2024,12-04-2024,First Class,CUST-1181,Manoj Nambiar,Consumer,South,Karnataka,Mysuru,Technology,Copiers,Multi-function Printer,"? 5,735.3",1,30%,"? 1,196.1"
ORD-6212,27-08-2024,30-08-2024,Same Day,CUST-1190,Lakshmi Chandran,Corporate,North,Delhi,New Delhi,Technology,Phones,Bluetooth Headset,"? 67,945.6",6,0%,"-? 9,832.6"
ORD-5947,25-08-2024,27-08-2024,Standard Class,CUST-1120,Divya Nambiar,Consumer,West,Gujarat,Ahmedabad,Technology,Copiers,Desktop Copier,"? 7,904.9",9,15%,"? 1,128.7"
ORD-6463,11-08-2025,13-08-2025,Standard Class,CUST-1034,Anitha Raj,Corporate,West,Gujarat,Ahmedabad,Office Supplies,Paper,A4 Copy Paper (500 sheets),"? 4,590.3",4,30%,"? 1,267.3"
ORD-5201,07-09-2025,08-09-2025,Second Class,CUST-1117,Kiran Reddy,Consumer,West,Gujarat,Vadodara,Technology,Machines,Laminating Machine,"? 99,498.4",7,20%,"? 7,910.0"
ORD-5066,14-06-2024,16-06-2024,Second Class,CUST-1101,Priya Rao,Consumer,West,Gujarat,Ahmedabad,Office Supplies,Storage,File Organizer Tray,"? 2,060.2",2,15%,-? 222.6
ORD-5078,11-09-2025,13-09-2025,Standard Class,CUST-1082,Ganesh Verma,Consumer,East,Bihar,Patna,Office Supplies,Binders,Presentation Binder,"? 2,792.4",5,10%,? 922.2
ORD-5539,02-12-2024,04-12-2024,First Class,CUST-1159,Divya Gowda,Home Office,North,Uttar Pradesh,Kanpur,Technology,Phones,Bluetooth Headset,"? 27,682.4",1,10%,"? 7,570.2"
ORD-5581,08-11-2024,12-11-2024,Standard Class,CUST-1093,Deepa Balan,Home Office,North,Delhi,New Delhi,Furniture,Tables,Compact Study Table,"? 31,473.3",9,40%,"? 7,999.7"
ORD-6762,19-04-2024,23-04-2024,Standard Class,CUST-1134,Lakshmi Reddy,Corporate,South,Tamil Nadu,Madurai,Office Supplies,Art,Whiteboard Markers,"? 5,037.1",9,0%,"? 1,750.2"
ORD-5993,06-12-2024,13-12-2024,Standard Class,CUST-1036,Vijay Nambiar,Home Office,North,Punjab,Amritsar,Office Supplies,Binders,Presentation Binder,"? 4,949.9",5,10%,"? 1,474.1"
ORD-6352,15-10-2025,16-10-2025,First Class,CUST-1216,Priya Rao,Consumer,West,Rajasthan,Udaipur,Technology,Phones,Smartphone A12,"? 3,10,603.3",9,0%,"-? 3,866.7"
ORD-6525,07-01-2024,09-01-2024,Standard Class,CUST-1088,Anjali Nambiar,Home Office,East,Jharkhand,Ranchi,Office Supplies,Binders,Clip Binder,? 581.4,1,20%,-? 74.4
ORD-6554,14-02-2025,17-02-2025,Second Class,CUST-1053,Sanjay Rao,Corporate,East,Bihar,Patna,Furniture,Bookcases,Metal Bookrack,"? 57,014.3",7,10%,"? 16,636.6"
ORD-5303,07-12-2025,10-12-2025,Same Day,CUST-1113,Sathish Raj,Consumer,West,Maharashtra,Mumbai,Office Supplies,Paper,A4 Copy Paper (500 sheets),"? 6,393.0",5,15%,-? 665.2
ORD-5215,26-09-2024,01-10-2024,Standard Class,CUST-1177,Priya Iyer,Home Office,West,Gujarat,Vadodara,Office Supplies,Paper,A4 Copy Paper (500 sheets),"? 10,295.8",8,20%,-? 337.2
ORD-6360,11-07-2025,16-07-2025,Same Day,CUST-1165,Ishita Verma,Corporate,East,Jharkhand,Ranchi,Furniture,Tables,Conference Table 6-Seater,"? 20,875.5",5,0%,"? 5,396.3"
ORD-5651,18-06-2024,20-06-2024,First Class,CUST-1045,Praveen Mahesh,Consumer,East,Jharkhand,Ranchi,Office Supplies,Envelopes,Courier Envelopes,"? 6,446.8",7,10%,? 861.1
ORD-5665,26-12-2024,29-12-2024,Same Day,CUST-1080,Karthik Subramaniam,Consumer,South,Tamil Nadu,Madurai,Office Supplies,Paper,Sticky Notes Pack,"? 3,673.4",5,20%,-? 371.4
ORD-5747,31-08-2025,02-09-2025,Same Day,CUST-1053,Sanjay Rao,Corporate,South,Kerala,Kozhikode,Office Supplies,Paper,Sticky Notes Pack,"? 9,323.6",7,15%,? 313.6
ORD-5230,29-07-2025,02-08-2025,First Class,CUST-1093,Deepa Balan,Home Office,East,Bihar,Patna,Technology,Phones,Smartphone A12,"? 12,264.3",5,0%,"? 4,191.5"
ORD-6267,01-01-2025,03-01-2025,Standard Class,CUST-1054,Arjun Subramaniam,Consumer,South,Andhra Pradesh,Vijayawada,Technology,Phones,Cordless Landline Phone,"? 41,359.8",2,40%,"-? 4,216.8"
ORD-6180,24-09-2024,27-09-2024,First Class,CUST-1134,Lakshmi Reddy,Corporate,East,West Bengal,Kolkata,Technology,Machines,Laminating Machine,"? 72,016.0",9,0%,"-? 10,241.8"
ORD-5826,25-06-2024,27-06-2024,Standard Class,CUST-1036,Vijay Nambiar,Home Office,West,Rajasthan,Jaipur,Office Supplies,Binders,3-Ring Binder,"? 1,936.5",6,15%,? 311.7
ORD-6136,27-03-2024,29-03-2024,First Class,CUST-1070,Arjun Nair,Consumer,South,Andhra Pradesh,Visakhapatnam,Furniture,Chairs,Wooden Study Chair,"? 61,908.6",5,20%,"? 20,738.4"
ORD-5493,17-01-2024,24-01-2024,Standard Class,CUST-1099,Naveen Verma,Consumer,West,Rajasthan,Jaipur,Office Supplies,Binders,3-Ring Binder,"? 4,682.6",8,30%,? 557.5
ORD-6039,16-04-2025,18-04-2025,Standard Class,CUST-1102,Karthik Verma,Consumer,North,Uttar Pradesh,Lucknow,Furniture,Chairs,Ergo Mesh Office Chair,"? 14,225.1",1,0%,? 160.0
ORD-6388,02-12-2025,06-12-2025,Same Day,CUST-1189,Sanjay Menon,Home Office,West,Gujarat,Vadodara,Technology,Copiers,Desktop Copier,"? 1,28,952.0",5,0%,"? 41,445.4"
ORD-5528,15-12-2025,22-12-2025,First Class,CUST-1113,Sathish Raj,Consumer,West,Gujarat,Surat,Technology,Phones,Cordless Landline Phone,"? 1,47,123.0",6,30%,"? 11,103.1"
ORD-5955,13-07-2024,20-07-2024,Same Day,CUST-1113,Sathish Raj,Consumer,North,Uttar Pradesh,Lucknow,Technology,Accessories,USB Mouse,"? 84,718.6",4,20%,"-? 4,952.7"
ORD-6171,20-04-2024,24-04-2024,Standard Class,CUST-1031,Naveen Naidu,Corporate,East,Jharkhand,Ranchi,Technology,Accessories,Mechanical Keyboard,"? 1,11,120.7",6,40%,"? 35,043.3"
ORD-5203,17-10-2025,20-10-2025,Second Class,CUST-1041,Revathi Rao,Corporate,North,Uttar Pradesh,Kanpur,Office Supplies,Envelopes,Courier Envelopes,? 723.7,1,30%,? 130.5
ORD-6295,06-06-2024,13-06-2024,First Class,CUST-1177,Priya Iyer,Home Office,East,Odisha,Bhubaneswar,Office Supplies,Binders,3-Ring Binder,"? 4,991.8",6,0%,? 235.1
ORD-5971,04-09-2024,09-09-2024,Second Class,CUST-1046,Arjun Raj,Consumer,North,Uttar Pradesh,Noida,Office Supplies,Paper,Legal Pad,? 402.4,1,0%,? 137.4
ORD-6307,16-08-2024,23-08-2024,Second Class,CUST-1197,Lakshmi Sharma,Corporate,South,Tamil Nadu,Madurai,Office Supplies,Paper,Legal Pad,? 401.3,3,0%,-? 41.3
ORD-5043,09-05-2024,16-05-2024,Standard Class,CUST-1075,Vikram Sharma,Home Office,East,West Bengal,Kolkata,Office Supplies,Storage,File Organizer Tray,? 668.4,1,15%,? 52.8
ORD-6038,13-03-2025,17-03-2025,First Class,CUST-1026,Kavya Gowda,Consumer,West,Maharashtra,Mumbai,Office Supplies,Binders,Presentation Binder,"? 6,172.5",9,0%,"? 1,351.0"
ORD-5704,17-06-2025,19-06-2025,Standard Class,CUST-1024,Manoj Pillai,Corporate,North,Punjab,Ludhiana,Office Supplies,Paper,A4 Copy Paper (500 sheets),"? 8,476.6",8,0%,"-? 1,181.3"
ORD-6548,11-10-2025,15-10-2025,Same Day,CUST-1218,Suresh Balan,Home Office,North,Haryana,Gurugram,Office Supplies,Art,Whiteboard Markers,"? 1,453.3",2,10%,? 494.8
ORD-6695,24-12-2024,28-12-2024,First Class,CUST-1178,Deepa Gowda,Home Office,East,Jharkhand,Ranchi,Office Supplies,Labels,Barcode Labels,"? 1,912.1",5,0%,-? 270.1
ORD-5884,18-01-2025,25-01-2025,First Class,CUST-1128,Sathish Krishnan,Consumer,North,Punjab,Amritsar,Furniture,Chairs,Executive Recliner,"? 85,103.1",7,0%,"-? 4,280.3"
ORD-6704,02-11-2025,04-11-2025,Standard Class,CUST-1008,Vikram Rao,Corporate,East,Odisha,Bhubaneswar,Furniture,Chairs,Ergo Mesh Office Chair,"? 53,344.1",4,0%,"? 6,749.2"
ORD-5458,02-07-2024,04-07-2024,Second Class,CUST-1183,Deepa Kumar,Home Office,East,West Bengal,Kolkata,Office Supplies,Envelopes,Courier Envelopes,"? 8,382.4",8,15%,? 173.2
ORD-5589,17-07-2025,21-07-2025,Standard Class,CUST-1004,Ganesh Chandran,Consumer,West,Gujarat,Surat,Office Supplies,Envelopes,Courier Envelopes,"? 4,314.6",3,0%,? 95.2
ORD-6150,21-11-2025,26-11-2025,First Class,CUST-1026,Kavya Gowda,Consumer,North,Punjab,Amritsar,Office Supplies,Labels,Address Label Pack,"? 9,105.2",8,0%,-? 149.6
ORD-5112,25-03-2025,27-03-2025,Second Class,CUST-1166,Meena Iyer,Corporate,West,Maharashtra,Mumbai,Office Supplies,Storage,Plastic Storage Box,"? 6,448.7",6,10%,? 5.7
ORD-6338,02-07-2025,09-07-2025,First Class,CUST-1117,Kiran Reddy,Consumer,West,Rajasthan,Udaipur,Office Supplies,Envelopes,Courier Envelopes,"? 1,448.1",5,0%,? 276.1
ORD-6117,14-08-2025,18-08-2025,Same Day,CUST-1053,Sanjay Rao,Corporate,South,Karnataka,Mysuru,Office Supplies,Labels,Barcode Labels,"? 2,621.2",3,0%,? 40.8
ORD-6272,12-05-2025,16-05-2025,First Class,CUST-1135,Rohit Rao,Home Office,North,Uttar Pradesh,Kanpur,Office Supplies,Storage,Filing Cabinet,? 894.3,9,40%,? 42.8
ORD-5017,31-10-2024,05-11-2024,Standard Class,CUST-1201,Vijay Prasad,Corporate,East,Bihar,Patna,Office Supplies,Envelopes,A4 Envelopes (Pack of 50),? 686.7,2,0%,-? 20.7
ORD-6121,29-08-2024,02-09-2024,Second Class,CUST-1016,Ramesh Raj,Home Office,South,Kerala,Kochi,Office Supplies,Storage,Plastic Storage Box,"? 2,626.3",2,0%,? 628.9
ORD-6552,24-05-2025,27-05-2025,Second Class,CUST-1112,Revathi Raj,Home Office,West,Rajasthan,Jaipur,Office Supplies,Envelopes,Courier Envelopes,"? 9,506.5",9,0%,"? 2,894.7"
ORD-5107,03-04-2024,08-04-2024,Standard Class,CUST-1101,Priya Rao,Consumer,East,West Bengal,Howrah,Furniture,Furnishings,Office Cushion,"? 53,368.5",5,0%,"? 2,560.3"
ORD-5001,26-03-2025,27-03-2025,First Class,CUST-1085,Karthik Prasad,Consumer,North,Punjab,Amritsar,Office Supplies,Labels,Address Label Pack,"? 1,510.6",4,0%,? 86.8
ORD-6275,23-09-2025,25-09-2025,Standard Class,CUST-1162,Kiran Reddy,Consumer,East,Jharkhand,Ranchi,Furniture,Bookcases,3-Shelf Bookcase,"? 10,118.5",1,20%,"? 1,485.2"
ORD-5269,18-03-2024,23-03-2024,Second Class,CUST-1110,Vijay Menon,Consumer,West,Gujarat,Surat,Office Supplies,Labels,Barcode Labels,"? 3,975.5",4,40%,? 868.9
ORD-5207,24-02-2024,02-03-2024,First Class,CUST-1075,Vikram Sharma,Home Office,South,Andhra Pradesh,Vijayawada,Office Supplies,Envelopes,Courier Envelopes,"? 1,929.4",3,0%,? 667.9
ORD-6589,14-01-2024,16-01-2024,First Class,CUST-1183,Deepa Kumar,Home Office,West,Maharashtra,Nagpur,Office Supplies,Art,Highlighter Pack,"? 1,906.0",2,10%,? 464.8
ORD-5870,06-12-2025,07-12-2025,Second Class,CUST-1210,Deepa Nambiar,Consumer,North,Delhi,New Delhi,Office Supplies,Storage,Plastic Storage Box,"? 8,727.6",7,0%,-? 628.7
ORD-5193,30-03-2024,03-04-2024,Standard Class,CUST-1091,Divya Iyer,Home Office,East,Bihar,Patna,Office Supplies,Binders,Presentation Binder,"? 5,620.6",7,0%,-? 426.6
ORD-6775,03-03-2024,07-03-2024,First Class,CUST-1149,Ramesh Reddy,Home Office,West,Maharashtra,Nagpur,Office Supplies,Storage,Filing Cabinet,? 847.3,5,15%,-? 13.4
ORD-6088,17-04-2024,24-04-2024,First Class,CUST-1012,Ramesh Nair,Consumer,North,Haryana,Gurugram,Technology,Accessories,USB Mouse,"? 1,60,731.3",8,0%,"? 20,696.3"
ORD-6425,13-06-2024,15-06-2024,Same Day,CUST-1155,Revathi Nair,Corporate,East,West Bengal,Kolkata,Office Supplies,Storage,Filing Cabinet,"? 5,779.2",5,30%,"? 1,367.3"
ORD-5472,17-06-2024,21-06-2024,First Class,CUST-1137,Praveen Kumar,Home Office,South,Andhra Pradesh,Vijayawada,Office Supplies,Envelopes,A4 Envelopes (Pack of 50),"? 1,069.2",9,15%,? 63.8
ORD-5604,12-01-2025,14-01-2025,Second Class,CUST-1061,Vijay Nair,Corporate,East,West Bengal,Howrah,Office Supplies,Paper,A4 Copy Paper (500 sheets),"? 3,780.8",5,0%,? 19.2
ORD-6407,27-05-2025,01-06-2025,Standard Class,CUST-1082,Ganesh Verma,Consumer,West,Rajasthan,Jaipur,Office Supplies,Storage,File Organizer Tray,"? 5,507.0",7,15%,"? 1,559.0"
ORD-6601,23-10-2024,24-10-2024,Standard Class,CUST-1159,Divya Gowda,Home Office,North,Uttar Pradesh,Lucknow,Office Supplies,Envelopes,Courier Envelopes,"? 6,685.1",9,20%,? 675.4
ORD-5591,12-09-2024,15-09-2024,Second Class,CUST-1071,Sneha Mahesh,Home Office,South,Kerala, Kozhikode  ,Office Supplies,Art,Sketch Pen Set,"? 10,644.9",9,0%,-? 592.6
ORD-5705,03-10-2024,06-10-2024,Same Day,CUST-1182,Ramesh Raj,Home Office,East,Bihar,Patna,Furniture,Furnishings,Office Cushion,"? 5,884.6",4,10%,? 233.4
ORD-6391,11-11-2025,12-11-2025,First Class,CUST-1093,Deepa Balan,Home Office,South,Kerala,Kochi,Office Supplies,Paper,Sticky Notes Pack,? 400.0,5,15%,? 56.4
ORD-6381,14-05-2024,15-05-2024,Same Day,CUST-1030,Pooja Verma,Consumer,South,Tamil Nadu,Madurai,Technology,Phones,Smartphone A12,"? 65,787.6",5,30%,"-? 1,470.4"
ORD-6724,05-01-2024,10-01-2024,Standard Class,CUST-1076,Lakshmi Naidu,Home Office,North,Punjab,Ludhiana,Technology,Copiers,Desktop Copier,"? 71,566.9",7,20%,"? 20,272.1"
ORD-5668,22-05-2025,24-05-2025,Second Class,CUST-1143,Vijay Subramaniam,Consumer,West,Maharashtra,Pune,Office Supplies,Envelopes,Courier Envelopes,"? 1,356.8",8,15%,? 374.9
ORD-5954,02-09-2024,07-09-2024,First Class,CUST-1062,Arjun Reddy,Home Office,West,Gujarat,Surat,Office Supplies,Storage,File Organizer Tray,"? 1,786.6",4,0%,? 448.7
ORD-6368,24-01-2024,26-01-2024,First Class,CUST-1178,Deepa Gowda,Home Office,West,Gujarat,Ahmedabad,Office Supplies,Paper,A4 Copy Paper (500 sheets),? 556.1,4,0%,? 86.5
ORD-5316,12-03-2025,15-03-2025,Second Class,CUST-1025,Rahul Gowda,Consumer,North,Haryana,Gurugram,Office Supplies,Paper,Legal Pad,"? 6,040.8",5,0%,? 392.8
ORD-5743,19-01-2025,21-01-2025,Same Day,CUST-1115,Anjali Prasad,Consumer,South,Karnataka,Mangaluru,Technology,Accessories,Mechanical Keyboard,"? 11,381.5",7,40%,-? 735.7
ORD-5803,28-03-2025,29-03-2025,Second Class,CUST-1105,Meena Naidu,Consumer,East,Odisha,Bhubaneswar,Office Supplies,Paper,Legal Pad,"? 1,533.4",2,40%,? 366.0
ORD-6286,16-08-2025,20-08-2025,Standard Class,CUST-1175,Arun Iyer,Corporate,East,West Bengal,Kolkata,Office Supplies,Envelopes,Courier Envelopes,"? 6,142.0",5,30%,"? 1,392.0"
ORD-6461,21-10-2024,26-10-2024,First Class,CUST-1102,Karthik Verma,Consumer,West,Rajasthan,Jaipur,Technology,Copiers,Multi-function Printer,"? 11,922.3",7,30%,"-? 1,786.9"
ORD-6679,09-03-2025,13-03-2025,First Class,CUST-1188,Sathish Iyer,Home Office,East,West Bengal,Kolkata,Technology,Copiers,Multi-function Printer,"? 1,71,900.8",7,0%,"? 47,429.3"
ORD-5254,10-08-2025,15-08-2025,First Class,CUST-1002,Anitha Nair,Home Office,West,Maharashtra,Nagpur,Office Supplies,Labels,Address Label Pack,"? 2,919.4",7,0%,? 844.5
ORD-6176,19-10-2024,24-10-2024,Second Class,CUST-1055,Lakshmi Chandran,Consumer,EAST,West Bengal,Howrah,Office Supplies,Art,Sketch Pen Set,"? 1,236.8",3,40%,-? 80.6
ORD-6539,03-08-2024,08-08-2024,Second Class,CUST-1116,Priya Prasad,Consumer,East,Bihar,Patna,Furniture,Tables,Conference Table 6-Seater,"? 38,097.9",8,30%,"? 6,044.5"
ORD-5701,26-02-2025,05-03-2025,Second Class,CUST-1149,Ramesh Reddy,Home Office,SOUTH,Tamil Nadu,Coimbatore,Technology,Phones,Smartphone A12,"? 11,688.4",6,10%,"? 4,079.8"
ORD-5306,30-11-2024,05-12-2024,Second Class,CUST-1049,Manoj Naidu,Home Office,West,Maharashtra,Mumbai,Office Supplies,Art,Whiteboard Markers,"? 5,881.9",7,15%,"? 1,430.4"
ORD-5266,19-08-2024,24-08-2024,First Class,CUST-1107,Lakshmi Chandran,Home Office,West,Gujarat,Surat,Office Supplies,Storage,Plastic Storage Box,? 918.6,5,20%,? 297.2
ORD-6578,17-02-2024,19-02-2024,Same Day,CUST-1167,Kiran Raj,Corporate,North,Delhi,New Delhi,Office Supplies,Art,Highlighter Pack,"? 5,039.7",4,10%,? 96.6
ORD-5809,03-03-2025,04-03-2025,First Class,CUST-1056,Naveen Kumar,Home Office,East,West Bengal,Howrah,Office Supplies,Paper,Sticky Notes Pack,? 261.4,4,15%,-? 0.7
ORD-6781,15-09-2025,22-09-2025,Second Class,CUST-1189,Sanjay Menon,Home Office,South,Karnataka,Mysuru,Furniture,Tables,Conference Table 6-Seater,"? 4,725.2",4,15%,? 260.2
ORD-6193,09-05-2024,10-05-2024,Standard Class,CUST-1138,Rohit Rao,Corporate,South,Karnataka,Mysuru,Technology,Machines,Label Printer,"? 55,739.2",3,30%,"-? 7,951.4"
ORD-6174,10-06-2025,12-06-2025,Same Day,CUST-1131,Vijay Prasad,Corporate,North,Punjab,Ludhiana,Office Supplies,Envelopes,A4 Envelopes (Pack of 50),"? 6,614.1",5,0%,-? 888.2
ORD-6720,22-05-2024,25-05-2024,First Class,CUST-1132,Suresh Gowda,Consumer,East,Bihar,Patna,Office Supplies,Envelopes,Courier Envelopes,"? 2,020.9",2,15%,? 5.1
ORD-5935,12-08-2024,17-08-2024,Standard Class,CUST-1201,Vijay Prasad,Corporate,NORTH,Haryana,Gurugram,Office Supplies,Envelopes,Courier Envelopes,"? 1,053.2",1,0%,? 102.8
ORD-6436,28-02-2024,02-03-2024,Standard Class,CUST-1199,Rahul Subramaniam,Corporate,West,Rajasthan,Udaipur,Furniture,Bookcases,Metal Bookrack,"? 23,969.1",3,0%,"? 6,418.3"
ORD-5403,17-08-2024,18-08-2024,Second Class,CUST-1217,Anjali Iyer,Corporate,SOUTH,Karnataka,Mysuru,Office Supplies,Envelopes,Courier Envelopes,"? 2,672.3",3,40%,? 810.8
ORD-5248,18-08-2025,23-08-2025,Standard Class,CUST-1058,Arjun Reddy,Home Office,East,Odisha,Bhubaneswar,Office Supplies,Labels,Barcode Labels,"? 1,285.0",5,0%,? 105.8
ORD-6555,04-01-2024,09-01-2024,Second Class,CUST-1124,Praveen Subramaniam,Corporate,East,Odisha,Bhubaneswar,Office Supplies,Binders,3-Ring Binder,? 886.6,7,0%,? 37.3
ORD-6827,28-07-2024,29-07-2024,Same Day,CUST-1000,Rahul Iyer,Consumer,South,Andhra Pradesh,Visakhapatnam,Office Supplies,Storage,Filing Cabinet,"? 2,867.2",9,40%,? 613.6
ORD-5190,13-01-2025,15-01-2025,Same Day,CUST-1125,Vijay Subramaniam,Consumer,East,West Bengal,Howrah,Office Supplies,Storage,Plastic Storage Box,"? 1,727.6",2,0%,? 318.0
ORD-6326,21-08-2025,26-08-2025,Standard Class,CUST-1084,Karthik Raj,Corporate,South,Kerala,Thiruvananthapuram,Office Supplies,Labels,Address Label Pack,? 744.1,1,20%,? 247.4
ORD-5240,01-07-2024,04-07-2024,Standard Class,CUST-1138,Rohit Rao,Corporate,South,Karnataka,Mysuru,Office Supplies,Art,Highlighter Pack,"? 1,003.9",2,0%,? 171.4
ORD-6249,31-01-2024,05-02-2024,Second Class,CUST-1124,Praveen Subramaniam,Corporate,South,Andhra Pradesh,Visakhapatnam,Technology,Accessories,USB Mouse,"? 1,36,736.8",9,15%,"? 1,253.6"
ORD-5900,21-08-2024,23-08-2024,First Class,CUST-1068,Karthik Krishnan,Home Office,East,Bihar,Patna,Office Supplies,Storage,Plastic Storage Box,"? 11,193.5",9,0%,"? 1,986.0"
ORD-5799,15-01-2024,22-01-2024,Standard Class,CUST-1035,Manoj Pillai,Consumer,South,Kerala,Kochi,Office Supplies,Paper,A4 Copy Paper (500 sheets),"? 4,421.4",4,20%,? 439.5
ORD-5566,17-08-2025,18-08-2025,Standard Class,CUST-1051,Revathi Kumar,Home Office,North,Haryana,Gurugram,Office Supplies,Art,Highlighter Pack,"? 5,399.8",4,0%,? 168.0
ORD-5575,23-09-2024,27-09-2024,Second Class,CUST-1016,Ramesh Raj,Home Office,West,Gujarat,Surat,Furniture,Bookcases,Metal Bookrack,"? 15,940.4",2,15%,"? 5,542.2"
ORD-6353,13-08-2025,14-08-2025,First Class,CUST-1160,Sanjay Chandran,Home Office,South,Karnataka,Bengaluru,Office Supplies,Labels,Address Label Pack,"? 1,736.9",7,10%,-? 68.6
ORD-5712,06-09-2025,08-09-2025,First Class,CUST-1109,Vikram Mahesh,Consumer,North,Delhi,New Delhi,Office Supplies,Binders,Presentation Binder,"? 2,365.3",7,0%,? 404.3
ORD-5587,02-11-2024,05-11-2024,Second Class,CUST-1011,Vikram Chandran,Corporate,East,Odisha,Bhubaneswar,Furniture,Furnishings,Wall Clock,"? 1,07,108.4",7,0%,"? 3,172.4"
ORD-6093,12-05-2024,15-05-2024,First Class,CUST-1130,Divya Krishnan,Home Office,West,Gujarat,Vadodara,Furniture,Bookcases,Metal Bookrack,"? 37,636.5",4,20%,"-? 4,669.3"
ORD-6438,03-03-2024,07-03-2024,Standard Class,CUST-1000,Rahul Iyer,Consumer,South,Tamil Nadu,Trichy,Office Supplies,Binders,3-Ring Binder,"? 1,258.9",8,0%,? 370.2
ORD-6749,31-08-2024,05-09-2024,Standard Class,CUST-1163,Sanjay Chandran,Consumer,South,Andhra Pradesh,Vijayawada,Technology,Phones,Cordless Landline Phone,"? 80,559.4",8,30%,"? 7,336.7"
ORD-5470,15-12-2024,18-12-2024,Second Class,CUST-1094,Priya Iyer,Consumer,West,Maharashtra,Pune,Office Supplies,Art,Whiteboard Markers,"? 3,262.6",9,30%,? 794.8
ORD-6490,07-09-2025,11-09-2025,Second Class,CUST-1178,Deepa Gowda,Home Office,West,Rajasthan,Udaipur,Technology,Machines,Laser Printer,"? 47,224.0",9,20%,"? 15,381.1"
ORD-6765,05-02-2025,10-02-2025,Second Class,CUST-1192,Suresh Sharma,Corporate,West,Rajasthan,Jaipur,Furniture,Tables,Adjustable Laptop Table,"? 1,13,036.2",8,20%,"-? 6,300.4"
ORD-5986,07-12-2024,10-12-2024,Second Class,CUST-1100,Naveen Rao,Consumer,South,Kerala,Kochi,Office Supplies,Art,Whiteboard Markers,"? 3,064.1",5,10%,? 475.8
ORD-5384,16-08-2025,18-08-2025,Standard Class,CUST-1080,Karthik Subramaniam,Consumer,West,Rajasthan,Jaipur,Office Supplies,Binders,3-Ring Binder,"? 7,076.3",7,30%,? 634.3
ORD-5614,05-01-2025,06-01-2025,Same Day,CUST-1127,Sneha Menon,Corporate,West,Maharashtra,Pune,Office Supplies,Paper,A4 Copy Paper (500 sheets),"? 1,575.9",3,15%,? 126.4
ORD-5818,07-01-2024,12-01-2024,Second Class,CUST-1095,Manoj Subramaniam,Consumer,East,West Bengal,Kolkata,Office Supplies,Art,Sketch Pen Set,"? 1,929.4",6,40%,? 341.1
ORD-5963,25-11-2024,26-11-2024,Second Class,CUST-1095,Manoj Subramaniam,Consumer,East,Jharkhand,Ranchi,Office Supplies,Storage,Plastic Storage Box,"? 6,421.8",7,0%,"? 1,567.1"
ORD-5878,23-02-2025,28-02-2025,Same Day,CUST-1098,Deepa Reddy,Corporate,South,Karnataka,Mangaluru,Technology,Machines,Laser Printer,"? 59,929.4",7,0%,"? 7,872.1"
ORD-6413,14-12-2024,16-12-2024,Same Day,CUST-1207,Suresh Kumar,Consumer,North,Punjab,Ludhiana,Furniture,Tables,Adjustable Laptop Table,"? 8,869.1",1,40%,-? 720.2
ORD-6246,08-07-2024,12-07-2024,First Class,CUST-1016,Ramesh Raj,Home Office,West,Gujarat,Surat,Office Supplies,Art,Whiteboard Markers,"? 1,221.3",4,0%,? 93.6
ORD-5706,29-06-2025,30-06-2025,Standard Class,CUST-1186,Deepa Krishnan,Home Office,North,Delhi,New Delhi,Technology,Machines,Label Printer,"? 1,45,373.6",6,30%,"? 41,122.0"
ORD-6513,04-11-2025,06-11-2025,Standard Class,CUST-1199,Rahul Subramaniam,Corporate,North,Delhi,New Delhi,Office Supplies,Paper,Sticky Notes Pack,"? 7,370.1",6,0%,? 163.3
ORD-5686,23-10-2024,30-10-2024,Same Day,CUST-1198,Ishita Nambiar,Home Office,South,Andhra Pradesh,Visakhapatnam,Office Supplies,Art,Whiteboard Markers,"? 1,377.0",7,0%,-? 187.3
ORD-5300,25-07-2025,01-08-2025,Same Day,CUST-1043,Sanjay Nambiar,Corporate,East,West Bengal,Howrah,Office Supplies,Envelopes,Courier Envelopes,"? 1,865.7",7,20%,? 333.5
ORD-6078,26-09-2024,27-09-2024,Second Class,CUST-1195,Ganesh Menon,Corporate,East,Bihar,Patna,Technology,Accessories,Mechanical Keyboard,"? 28,634.1",6,20%,"? 5,940.4"
ORD-5930,30-07-2025,03-08-2025,Second Class,CUST-1112,Revathi Raj,Home Office,East,Odisha,Bhubaneswar,Office Supplies,Binders,Presentation Binder,"? 6,983.7",6,20%,"? 1,488.2"
ORD-5340,16-10-2025,18-10-2025,Standard Class,CUST-1063,Arjun Prasad,Consumer,North,Punjab,Ludhiana,Office Supplies,Labels,Barcode Labels,"? 2,921.8",3,15%,-? 271.1
ORD-6602,12-04-2024,19-04-2024,Second Class,CUST-1045,Praveen Mahesh,Consumer,East,Odisha,Bhubaneswar,Office Supplies,Labels,Address Label Pack,"? 8,685.3",7,40%,"? 1,019.9"
ORD-5646,25-03-2024,27-03-2024,First Class,CUST-1129,Naveen Varma,Home Office,South,Tamil Nadu,Chennai,Office Supplies,Labels,Address Label Pack,? 904.8,2,0%,? 87.9
ORD-5045,25-01-2025,30-01-2025,Second Class,CUST-1212,Manoj Verma,Consumer,North,Haryana,Faridabad,Furniture,Chairs,Executive Recliner,"? 44,172.9",4,30%,"? 3,347.3"
ORD-6092,08-10-2024,12-10-2024,Second Class,CUST-1059,Anjali Iyer,Home Office,South,Tamil Nadu,Trichy,Office Supplies,Labels,Barcode Labels,"? 1,594.7",7,40%,? 333.7
ORD-6029,18-09-2025,19-09-2025,Second Class,CUST-1021,Vijay Krishnan,Consumer,South,Kerala,Kozhikode,Office Supplies,Envelopes,A4 Envelopes (Pack of 50),? 920.4,1,40%,? 238.0
ORD-6719,11-10-2025,16-10-2025,Same Day,CUST-1053,Sanjay Rao,Corporate,South,Andhra Pradesh,Vijayawada,Technology,Phones,Cordless Landline Phone,"? 25,977.5",5,0%,"? 7,854.3"
ORD-6104,04-12-2024,09-12-2024,First Class,CUST-1112,Revathi Raj,Home Office,East,Jharkhand,Ranchi,Technology,Copiers,Multi-function Printer,"? 79,884.9",3,40%,"? 16,220.7"
ORD-5652,09-10-2025,10-10-2025,Standard Class,CUST-1084,Karthik Raj,Corporate,East,Odisha,Bhubaneswar,Technology,Machines,Laminating Machine,"? 2,60,273.6",9,20%,"? 12,793.3"
ORD-5821,27-01-2024,31-01-2024,Standard Class,CUST-1039,Naveen Nair,Corporate,WEST,Gujarat,Ahmedabad,Office Supplies,Art,Sketch Pen Set,"? 1,191.1",2,0%,? 123.1
ORD-5663,26-12-2025,30-12-2025,First Class,CUST-1028,Anjali Krishnan,Home Office,West,Rajasthan,Jaipur,Technology,Accessories,Laptop Sleeve,"? 79,739.6",4,30%,"-? 4,467.3"
ORD-6339,23-05-2024,30-05-2024,Standard Class,CUST-1154,Priya Gowda,Home Office,North,Delhi,New Delhi,Furniture,Bookcases,Oak Bookcase,"? 44,318.9",6,0%,"? 5,076.6"
ORD-6270,16-04-2025,19-04-2025,Standard Class,CUST-1089,Swathi Verma,Corporate,East,Jharkhand,Ranchi,Office Supplies,Envelopes,A4 Envelopes (Pack of 50),"? 5,044.0",5,10%,-? 465.9
ORD-5226,19-04-2024,22-04-2024,Standard Class,CUST-1121,Ganesh Varma,Consumer,West,Maharashtra,Mumbai,Technology,Copiers,Desktop Copier,"? 45,917.1",2,30%,"-? 5,820.0"
ORD-6113,14-04-2024,18-04-2024,Second Class,CUST-1212,Manoj Verma,Consumer,South,Karnataka,Mangaluru,Office Supplies,Binders,Presentation Binder,? 466.2,4,40%,? 113.6
ORD-5181,01-03-2024,02-03-2024,Second Class,CUST-1196,Revathi Kumar,Corporate,West,Rajasthan, Jaipur  ,Technology,Machines,Laser Printer,"? 26,598.3",2,20%,? 23.5
ORD-6746,06-10-2024,10-10-2024,Second Class,CUST-1200,Naveen Balan,Home Office,East,Bihar,Patna,Office Supplies,Labels,Address Label Pack,? 659.0,1,0%,? 194.0
ORD-5541,12-03-2024,14-03-2024,Same Day,CUST-1150,Naveen Rao,Home Office,South,Karnataka,Bengaluru,Furniture,Tables,Adjustable Laptop Table,"? 93,785.7",9,0%,"? 5,919.7"
ORD-5108,11-08-2024,16-08-2024,Second Class,CUST-1089,Swathi Verma,Corporate,SOUTH,Tamil Nadu,Trichy,Office Supplies,Binders,Presentation Binder,"? 11,235.9",8,0%,-? 72.5
ORD-6819,03-09-2025,08-09-2025,Standard Class,CUST-1148,Arjun Nair,Home Office,South,Karnataka,Mysuru,Technology,Machines,Label Printer,"? 48,226.1",2,0%,"? 2,877.9"
ORD-6735,10-03-2025,15-03-2025,Same Day,CUST-1157,Kavya Raj,Corporate,West,Maharashtra,Nagpur,Technology,Accessories,USB Mouse,"? 1,31,022.6",6,0%,"? 8,898.2"
ORD-6467,21-10-2024,22-10-2024,Second Class,CUST-1174,Sneha Rao,Corporate,West,Gujarat,Ahmedabad,Office Supplies,Envelopes,Courier Envelopes,? 669.6,1,0%,? 187.0
ORD-6447,02-12-2024,09-12-2024,First Class,CUST-1092,Deepa Gowda,Corporate,South,Karnataka,Mysuru,Office Supplies,Labels,Barcode Labels,"? 1,334.3",4,10%,? 383.7
ORD-6767,13-11-2024,20-11-2024,Same Day,CUST-1079,Divya Verma,Consumer,South,Karnataka,Mysuru,Office Supplies,Labels,Barcode Labels,"? 5,085.2",9,10%,? 106.1
ORD-5180,02-04-2024,03-04-2024,First Class,CUST-1040,Suresh Verma,Home Office,West,Rajasthan,Jaipur,Furniture,Furnishings,Desk Lamp,"? 40,638.8",6,0%,"? 12,573.3"
ORD-6016,19-09-2025,26-09-2025,Same Day,CUST-1145,Swathi Pillai,Consumer,East,Odisha,Bhubaneswar,Office Supplies,Art,Highlighter Pack,"? 1,609.5",2,30%,-? 36.2
ORD-5569,08-10-2024,15-10-2024,Standard Class,CUST-1023,Karthik Verma,Consumer,East,Bihar,Patna,Furniture,Chairs,Ergo Mesh Office Chair,"? 8,288.6",1,40%,-? 108.9
ORD-5063,15-07-2024,17-07-2024,Second Class,CUST-1167,Kiran Raj,Corporate,West,Maharashtra,Mumbai,Office Supplies,Binders,Presentation Binder,"? 1,183.7",1,20%,? 341.1
ORD-5719,25-01-2024,01-02-2024,Standard Class,CUST-1217,Anjali Iyer,Corporate,West,Maharashtra,Mumbai,Office Supplies,Labels,Barcode Labels,"? 4,865.9",9,10%,"? 1,002.3"
ORD-5615,05-09-2024,07-09-2024,Standard Class,CUST-1212,Manoj Verma,Consumer,West,Maharashtra,Nagpur,Furniture,Tables,Conference Table 6-Seater,"? 13,515.8",1,0%,"? 2,451.4"
ORD-6341,24-04-2024,28-04-2024,Same Day,CUST-1111,Priya Nambiar,Home Office,South,Kerala,Kozhikode,Office Supplies,Labels,Barcode Labels,"? 1,850.0",4,0%,? 30.9
ORD-6161,28-09-2024,03-10-2024,First Class,CUST-1185,Pooja Sharma,Corporate,East,Odisha,Bhubaneswar,Office Supplies,Labels,Barcode Labels,"? 1,466.1",2,20%,? 29.5
ORD-5332,19-05-2025,21-05-2025,First Class,CUST-1121,Ganesh Varma,Consumer,West,Rajasthan,Udaipur,Technology,Phones,Smartphone A12,"? 16,629.1",4,30%,? 948.2
ORD-5405,22-09-2024,24-09-2024,Standard Class,CUST-1156,Suresh Raj,Corporate,South,Karnataka,Mysuru,Office Supplies,Envelopes,A4 Envelopes (Pack of 50),? 703.3,6,0%,-? 3.6
ORD-5635,31-05-2024,04-06-2024,Second Class,CUST-1168,Anitha Sharma,Corporate,North,Delhi,New Delhi,Office Supplies,Envelopes,A4 Envelopes (Pack of 50),"? 11,338.0",8,0%,"-? 1,493.9"
ORD-6699,10-12-2024,15-12-2024,Same Day,CUST-1211,Vikram Naidu,Corporate,East,Odisha,Bhubaneswar,Office Supplies,Labels,Address Label Pack,"? 2,570.6",2,15%,? 347.6
ORD-5345,05-05-2025,09-05-2025,Same Day,CUST-1096,Anitha Sharma,Consumer,West,Gujarat,Surat,Office Supplies,Paper,Legal Pad,"? 7,401.8",6,0%,"? 1,822.4"
ORD-6396,20-12-2024,25-12-2024,Same Day,CUST-1023,Karthik Verma,Consumer,South,Kerala,Kozhikode,Technology,Copiers,Desktop Copier,"? 85,022.9",4,0%,"-? 1,509.1"
ORD-6071,19-02-2025,24-02-2025,Same Day,CUST-1117,Kiran Reddy,Consumer,North,Punjab,Amritsar,Office Supplies,Binders,Presentation Binder,"? 1,149.1",2,10%,-? 163.8
ORD-5904,08-04-2025,10-04-2025,Same Day,CUST-1031,Naveen Naidu,Corporate,West,Rajasthan,Udaipur,Office Supplies,Binders,3-Ring Binder,"? 1,629.6",3,30%,? 53.5
ORD-5676,16-01-2024,20-01-2024,First Class,CUST-1187,Anjali Subramaniam,Home Office,South,Karnataka,Mysuru,Technology,Phones,Smartphone A12,"? 12,652.8",1,0%,-? 307.3
ORD-6816,29-10-2024,30-10-2024,First Class,CUST-1215,Meena Prasad,Corporate,South,Kerala,Kozhikode,Office Supplies,Paper,A4 Copy Paper (500 sheets),"? 5,314.7",4,0%,"? 1,733.3"
ORD-5612,14-08-2025,18-08-2025,First Class,CUST-1215,Meena Prasad,Corporate,North,Punjab,Ludhiana,Office Supplies,Paper,A4 Copy Paper (500 sheets),"? 4,039.0",8,30%,? 609.4
ORD-6372,28-09-2024,05-10-2024,Standard Class,CUST-1055,Lakshmi Chandran,Consumer,West,Maharashtra,Pune,Furniture,Chairs,Ergo Mesh Office Chair,"? 30,097.6",7,10%,"-? 3,758.3"
ORD-6454,04-10-2024,06-10-2024,First Class,CUST-1077,Rahul Gowda,Corporate,West,Maharashtra,Nagpur,Office Supplies,Storage,Plastic Storage Box,? 789.0,8,40%,? 133.2
ORD-5936,12-12-2025,15-12-2025,Same Day,CUST-1053,Sanjay Rao,Corporate,West,Gujarat,Surat,Technology,Phones,Smartphone A12,"? 14,031.3",3,0%,"-? 1,634.5"
ORD-6070,04-11-2025,09-11-2025,Second Class,CUST-1180,Nithya Prasad,Consumer,South,Kerala,Kochi,Technology,Copiers,Desktop Copier,"? 1,31,838.5",7,20%,"-? 17,802.2"
ORD-5968,17-06-2025,18-06-2025,Second Class,CUST-1158,Vijay Verma,Home Office,West,Maharashtra,Nagpur,Furniture,Tables,Conference Table 6-Seater,"? 41,621.5",4,0%,"? 10,566.2"
ORD-6023,22-04-2024,25-04-2024,First Class,CUST-1003,Divya Rao,Consumer,North,Uttar Pradesh,Kanpur,Furniture,Bookcases,Metal Bookrack,"? 15,485.9",2,10%,"? 4,636.3"
ORD-6791,14-03-2024,18-03-2024,Same Day,CUST-1188,Sathish Iyer,Home Office,West,Gujarat,Surat,Furniture,Chairs,Ergo Mesh Office Chair,"? 25,385.1",4,20%,"? 7,251.2"
ORD-5557,05-11-2025,12-11-2025,Standard Class,CUST-1137,Praveen Kumar,Home Office,South,Andhra Pradesh,Visakhapatnam,Office Supplies,Envelopes,A4 Envelopes (Pack of 50),"? 11,873.7",9,0%,"-? 1,022.0"
ORD-6402,07-02-2025,11-02-2025,Same Day,CUST-1010,Ramesh Kumar,Consumer,South,Andhra Pradesh,Visakhapatnam,Office Supplies,Art,Whiteboard Markers,"? 3,390.5",3,15%,"? 1,158.8"
ORD-5096,29-06-2025,02-07-2025,Same Day,CUST-1072,Meena Pillai,Home Office,North,Uttar Pradesh,Kanpur,Office Supplies,Paper,Sticky Notes Pack,"? 1,758.7",5,15%,? 356.0
ORD-6697,21-09-2024,23-09-2024,Standard Class,CUST-1040,Suresh Verma,Home Office,South,Andhra Pradesh,Vijayawada,Office Supplies,Storage,Filing Cabinet,"? 3,459.2",6,40%,? 845.1
ORD-5255,28-03-2024,30-03-2024,First Class,CUST-1143,Vijay Subramaniam,Consumer,East,Jharkhand,Ranchi,Furniture,Furnishings,Wall Clock,"? 30,921.1",9,15%,"-? 2,045.1"
ORD-6250,06-01-2025,13-01-2025,Second Class,CUST-1028,Anjali Krishnan,Home Office,North,Punjab,Amritsar,Technology,Copiers,Multi-function Printer,"? 2,49,721.0",8,0%,"-? 23,420.3"
ORD-5205,03-12-2025,08-12-2025,First Class,CUST-1079,Divya Verma,Consumer,East,Bihar,Patna,Technology,Accessories,Laptop Sleeve,"? 84,811.4",9,0%,"? 27,433.2"
ORD-5763,13-06-2025,20-06-2025,Standard Class,CUST-1115,Anjali Prasad,Consumer,West,Gujarat,Ahmedabad,Office Supplies,Storage,Filing Cabinet,"? 6,006.8",6,0%,? 989.5
ORD-6714,24-07-2025,27-07-2025,Second Class,CUST-1212,Manoj Verma,Consumer,South,Kerala,Kochi,Technology,Machines,Laser Printer,"? 2,18,319.4",7,20%,"? 19,959.4"
ORD-6713,21-11-2024,26-11-2024,Second Class,CUST-1172,Ramesh Krishnan,Corporate,South,Karnataka,Mysuru,Office Supplies,Art,Whiteboard Markers,"? 4,902.3",8,30%,-? 8.9
ORD-5237,03-09-2024,10-09-2024,Same Day,CUST-1102,Karthik Verma,Consumer,West,Maharashtra,Nagpur,Technology,Copiers,Desktop Copier,"? 86,779.3",9,20%,"? 9,298.8"
ORD-5008,01-12-2025,06-12-2025,First Class,CUST-1209,Kiran Krishnan,Corporate,South,Tamil Nadu,Madurai,Office Supplies,Envelopes,Courier Envelopes,"? 6,070.2",7,40%,-? 590.2
ORD-5337,27-02-2025,28-02-2025,Same Day,CUST-1045,Praveen Mahesh,Consumer,East,Odisha,Bhubaneswar,Office Supplies,Storage,Plastic Storage Box,? 286.7,1,10%,? 87.9
ORD-6263,09-03-2024,16-03-2024,First Class,CUST-1164,Meena Subramaniam,Corporate,South,Tamil Nadu,Madurai,Office Supplies,Art,Whiteboard Markers,"? 2,240.8",6,10%,? 623.8
ORD-5678,25-11-2025,02-12-2025,Second Class,CUST-1058,Arjun Reddy,Home Office,East,Jharkhand,Ranchi,Technology,Phones,Cordless Landline Phone,"? 42,631.3",7,20%,"? 10,751.2"
ORD-5765,30-08-2025,04-09-2025,Second Class,CUST-1159,Divya Gowda,Home Office,East,Jharkhand,Ranchi,Technology,Machines,Laminating Machine,"? 1,19,550.9",5,0%,"? 40,095.3"
ORD-5752,29-10-2025,01-11-2025,Standard Class,CUST-1128,Sathish Krishnan,Consumer,West,Maharashtra,Pune,Technology,Machines,Laminating Machine,"? 1,11,865.1",4,30%,"? 4,150.5"
ORD-6060,10-01-2025,17-01-2025,Same Day,CUST-1020,Nithya Gowda,Home Office,South,Kerala,Kochi,Office Supplies,Art,Whiteboard Markers,"? 2,388.9",2,0%,? 533.1
ORD-5480,08-08-2025,11-08-2025,First Class,CUST-1170,Anitha Kumar,Home Office,South,Karnataka,Bengaluru,Office Supplies,Storage,Filing Cabinet,? 565.9,7,0%,? 180.2
ORD-6238,06-11-2024,11-11-2024,First Class,CUST-1027,Sneha Pillai,Home Office,North,Uttar Pradesh,Noida,Office Supplies,Art,Whiteboard Markers,"? 1,267.5",4,10%,? 169.6
ORD-5274,06-04-2025,08-04-2025,Second Class,CUST-1039,Naveen Nair,Corporate,West,Rajasthan,Jaipur,Technology,Machines,Laser Printer,"? 19,177.4",3,40%,"? 4,848.7"
ORD-6508,08-08-2025,11-08-2025,Standard Class,CUST-1213,Rahul Kumar,Consumer,EAST,Odisha,Bhubaneswar,Technology,Phones,Cordless Landline Phone,"? 34,861.9",2,0%,? 313.5
ORD-6378,14-05-2024,16-05-2024,Standard Class,CUST-1098,Deepa Reddy,Corporate,North,Punjab,Ludhiana,Office Supplies,Binders,3-Ring Binder,? 706.9,2,0%,? 231.3
ORD-6766,27-04-2024,01-05-2024,Standard Class,CUST-1147,Priya Kumar,Corporate,West,Rajasthan,Jaipur,Office Supplies,Binders,3-Ring Binder,"? 4,681.6",5,0%,"? 1,063.5"
ORD-6159,15-02-2025,16-02-2025,Same Day,CUST-1189,Sanjay Menon,Home Office,East,Jharkhand,Ranchi,Technology,Accessories,Laptop Sleeve,"? 19,358.4",1,0%,"? 5,481.3"
ORD-6830,03-12-2024,04-12-2024,Standard Class,CUST-1211,Vikram Naidu,Corporate,North,Uttar Pradesh,Kanpur,Office Supplies,Paper,Legal Pad,? 935.4,2,15%,? 74.7
ORD-5350,18-09-2025,23-09-2025,Same Day,CUST-1059,Anjali Iyer,Home Office,East,Odisha,Bhubaneswar,Furniture,Chairs,Ergo Mesh Office Chair,"? 65,081.8",5,0%,"-? 2,107.3"
ORD-5707,21-04-2024,26-04-2024,First Class,CUST-1146,Karthik Chandran,Corporate,East,Bihar,Patna,Office Supplies,Envelopes,Courier Envelopes,"? 2,386.7",4,0%,? 725.2
ORD-6593,07-02-2025,09-02-2025,Second Class,CUST-1188,Sathish Iyer,Home Office,North,Punjab,Ludhiana,Furniture,Tables,Compact Study Table,"? 1,13,623.5",9,0%,"-? 12,932.0"
ORD-5344,27-05-2024,01-06-2024,First Class,CUST-1018,Anjali Naidu,Consumer,North,Uttar Pradesh,Noida,Office Supplies,Envelopes,Courier Envelopes,"? 1,328.3",1,0%,? 116.5
ORD-5153,27-10-2025,30-10-2025,Second Class,CUST-1093,Deepa Balan,Home Office,West,Gujarat,Ahmedabad,Office Supplies,Storage,Plastic Storage Box,"? 9,088.6",7,15%,"? 1,935.8"
ORD-6037,09-05-2024,11-05-2024,Standard Class,CUST-1219,Praveen Rao,Home Office,South,Tamil Nadu,Coimbatore,Office Supplies,Binders,Clip Binder,"? 1,589.1",9,0%,? 419.6
ORD-5576,16-01-2025,21-01-2025,Same Day,CUST-1020,Nithya Gowda,Home Office,West,Gujarat,Ahmedabad,Office Supplies,Art,Whiteboard Markers,"? 1,842.5",2,0%,? 353.8
ORD-5397,30-04-2025,03-05-2025,Second Class,CUST-1004,Ganesh Chandran,Consumer,West,Rajasthan,Udaipur,Office Supplies,Binders,Presentation Binder,? 188.2,2,15%,-? 25.9
ORD-5367,04-06-2024,11-06-2024,Same Day,CUST-1158,Vijay Verma,Home Office,North,Haryana,Gurugram,Office Supplies,Art,Whiteboard Markers,"? 2,468.3",2,10%,-? 366.2
ORD-6163,12-12-2025,13-12-2025,First Class,CUST-1138,Rohit Rao,Corporate,North,Delhi,New Delhi,Office Supplies,Art,Highlighter Pack,"? 3,042.8",9,30%,-? 141.3
ORD-6849,19-08-2025,20-08-2025,Same Day,CUST-1217,Anjali Iyer,Corporate,East,West Bengal,Howrah,Office Supplies,Envelopes,Courier Envelopes,"? 5,209.9",5,10%,"? 1,781.8"
ORD-6790,27-11-2024,28-11-2024,Same Day,CUST-1026,Kavya Gowda,Consumer,North,Haryana,Faridabad,Technology,Accessories,Power Bank,"? 1,44,782.1",5,0%,"? 35,862.9"
ORD-6049,25-10-2024,01-11-2024,Second Class,CUST-1025,Rahul Gowda,Consumer,East,Odisha,Bhubaneswar,Technology,Machines,Label Printer,"? 54,193.4",4,20%,"? 1,082.0"
ORD-6581,14-11-2024,15-11-2024,Same Day,CUST-1186,Deepa Krishnan,Home Office,North,Haryana,Gurugram,Office Supplies,Envelopes,A4 Envelopes (Pack of 50),"? 8,441.2",6,0%,-? 428.6
ORD-5812,09-10-2024,14-10-2024,Second Class,CUST-1153,Sanjay Nair,Home Office,North,Haryana,Faridabad,Furniture,Tables,Adjustable Laptop Table,"? 7,329.0",3,0%,"? 1,062.0"
ORD-5158,29-07-2024,03-08-2024,First Class,CUST-1142,Ramesh Menon,Home Office,West,Rajasthan,Udaipur,Office Supplies,Binders,3-Ring Binder,? 409.2,2,0%,? 140.5
ORD-5565,23-01-2024,28-01-2024,First Class,CUST-1111,Priya Nambiar,Home Office,East,Bihar,Patna,Office Supplies,Storage,Filing Cabinet,"? 2,950.8",4,30%,-? 299.0
ORD-6503,09-03-2024,12-03-2024,Standard Class,CUST-1206,Lakshmi Verma,Consumer,North,Delhi,New Delhi,Technology,Accessories,USB Mouse,"? 91,984.7",4,0%,"? 26,248.5"
ORD-5013,04-10-2024,07-10-2024,First Class,CUST-1191,Manoj Menon,Home Office,North,Punjab,Ludhiana,Office Supplies,Storage,Plastic Storage Box,"? 5,541.7",4,10%,"? 1,215.3"
ORD-5010,29-03-2024,01-04-2024,First Class,CUST-1050,Naveen Prasad,Corporate,East,Odisha,Bhubaneswar,Office Supplies,Envelopes,Courier Envelopes,"? 5,910.7",8,10%,? 162.0
ORD-5905,08-11-2025,10-11-2025,First Class,CUST-1156,Suresh Raj,Corporate,West,Rajasthan,Jaipur,Office Supplies,Binders,Clip Binder,"? 3,170.4",8,30%,-? 224.6
ORD-5972,01-01-2024,04-01-2024,Same Day,CUST-1001,Pooja Pillai,Consumer,East,Jharkhand,Ranchi,Office Supplies,Envelopes,Courier Envelopes,"? 6,101.9",9,20%,"? 1,483.9"
ORD-5348,12-03-2024,17-03-2024,Same Day,CUST-1182,Ramesh Raj,Home Office,South,Andhra Pradesh,Visakhapatnam,Office Supplies,Envelopes,A4 Envelopes (Pack of 50),"? 1,232.9",1,0%,? 222.5
ORD-5789,25-09-2025,27-09-2025,Standard Class,CUST-1014,Karthik Naidu,Consumer,West,Rajasthan,Jaipur,Office Supplies,Envelopes,Courier Envelopes,"? 4,116.2",8,0%,"? 1,341.6"
ORD-6523,23-10-2024,27-10-2024,Second Class,CUST-1213,Rahul Kumar,Consumer,South,Kerala,Kozhikode,Office Supplies,Storage,Filing Cabinet,"? 5,246.1",7,0%,"? 1,502.4"
ORD-5945,12-10-2024,16-10-2024,Standard Class,CUST-1105,Meena Naidu,Consumer,East,West Bengal,Kolkata,Furniture,Bookcases,Oak Bookcase,"? 23,826.9",3,0%,"-? 3,286.8"
ORD-6608,07-07-2024,14-07-2024,Second Class,CUST-1110,Vijay Menon,Consumer,West,Maharashtra,Pune,Office Supplies,Envelopes,A4 Envelopes (Pack of 50),"? 1,008.4",1,0%,-? 93.8
ORD-5759,21-11-2024,26-11-2024,Same Day,CUST-1081,Ganesh Rao,Consumer,South,Karnataka,Bengaluru,Office Supplies,Storage,Filing Cabinet,"? 4,389.8",4,0%,? 23.0
ORD-6804,17-11-2024,18-11-2024,Same Day,CUST-1099,Naveen Verma,Consumer,South,Tamil Nadu,Madurai,Office Supplies,Envelopes,Courier Envelopes,"? 2,119.9",5,15%,? 180.6
ORD-5032,25-08-2024,29-08-2024,Same Day,CUST-1098,Deepa Reddy,Corporate,North,Haryana,Faridabad,Office Supplies,Art,Whiteboard Markers,"? 1,550.8",6,15%,? 262.8
ORD-6728,03-11-2024,06-11-2024,Same Day,CUST-1105,Meena Naidu,Consumer,South,Karnataka,Mangaluru,Furniture,Tables,Conference Table 6-Seater,"? 24,314.0",5,10%,"? 6,374.7"
ORD-5023,27-11-2024,28-11-2024,Second Class,CUST-1004,Ganesh Chandran,Consumer,East,West Bengal,Howrah,Office Supplies,Paper,Legal Pad,"? 1,110.1",1,10%,-? 18.3
ORD-6247,19-05-2024,21-05-2024,Second Class,CUST-1064,Nithya Subramaniam,Corporate,North,Delhi,New Delhi,Office Supplies,Binders,Clip Binder,"? 8,859.5",9,10%,-? 231.2
ORD-6202,24-02-2024,29-02-2024,Standard Class,CUST-1197,Lakshmi Sharma,Corporate,West,Maharashtra,Mumbai,Furniture,Chairs,Wooden Study Chair,"? 85,364.0",8,15%,"? 25,867.5"
ORD-5366,28-03-2025,04-04-2025,First Class,CUST-1026,Kavya Gowda,Consumer,North,Delhi,New Delhi,Furniture,Bookcases,Oak Bookcase,"? 1,515.3",1,0%,? 276.2
ORD-6053,14-04-2024,15-04-2024,Second Class,CUST-1168,Anitha Sharma,Corporate,South,Andhra Pradesh,Visakhapatnam,Office Supplies,Binders,Presentation Binder,"? 2,840.9",2,10%,? 273.6
ORD-6101,30-11-2024,03-12-2024,Same Day,CUST-1016,Ramesh Raj,Home Office,West,Maharashtra,Mumbai,Office Supplies,Storage,File Organizer Tray,"? 11,102.5",9,0%,-? 343.4
ORD-6638,16-05-2024,23-05-2024,Standard Class,CUST-1141,Pooja Rao,Consumer,North,Haryana,Faridabad,Furniture,Furnishings,Desk Lamp,"? 46,018.5",5,0%,"? 12,398.1"
ORD-5634,29-12-2024,05-01-2025,Same Day,CUST-1038,Swathi Naidu,Home Office,East,West Bengal,Kolkata,Furniture,Tables,Conference Table 6-Seater,"? 74,137.5",6,0%,"-? 5,541.6"
ORD-5627,27-10-2025,29-10-2025,First Class,CUST-1037,Sathish Sharma,Home Office,South,Andhra Pradesh,Vijayawada,Office Supplies,Storage,Filing Cabinet,"? 7,104.4",8,20%,? 754.8
ORD-5072,18-08-2025,25-08-2025,Standard Class,CUST-1040,Suresh Verma,Home Office,North,Punjab,Ludhiana,Office Supplies,Storage,File Organizer Tray,"? 9,420.4",8,0%,"? 2,409.3"
ORD-5975,17-01-2024,19-01-2024,Standard Class,CUST-1002,Anitha Nair,Home Office,East,Bihar,Patna,Office Supplies,Envelopes,Courier Envelopes,? 328.7,1,10%,? 106.5
ORD-5041,06-09-2024,08-09-2024,Second Class,CUST-1001,Pooja Pillai,Consumer,West,Maharashtra,Nagpur,Office Supplies,Paper,A4 Copy Paper (500 sheets),? 243.9,1,15%,? 68.1
ORD-5362,16-11-2024,21-11-2024,Standard Class,CUST-1137,Praveen Kumar,Home Office,South,Tamil Nadu,Chennai,Furniture,Chairs,Executive Recliner,"? 14,065.4",5,15%,-? 751.9
ORD-6717,03-10-2025,05-10-2025,Standard Class,CUST-1127,Sneha Menon,Corporate,South,Karnataka,Mangaluru,Office Supplies,Binders,3-Ring Binder,? 471.2,2,30%,? 126.2
ORD-6233,06-09-2024,09-09-2024,Second Class,CUST-1158,Vijay Verma,Home Office,West,Maharashtra,Mumbai,Office Supplies,Art,Whiteboard Markers,? 634.5,1,0%,? 14.1
ORD-5135,22-02-2025,01-03-2025,Same Day,CUST-1047,Suresh Reddy,Home Office,East,Odisha,Bhubaneswar,Office Supplies,Envelopes,A4 Envelopes (Pack of 50),"? 8,678.1",8,30%,"? 1,016.9"
ORD-6199,12-10-2024,16-10-2024,First Class,CUST-1160,Sanjay Chandran,Home Office,West,Rajasthan,Jaipur,Technology,Machines,Laminating Machine,"? 20,121.4",8,0%,"-? 1,399.3"
ORD-6800,06-05-2025,10-05-2025,Second Class,CUST-1142,Ramesh Menon,Home Office,East,Bihar,Patna,Office Supplies,Art,Whiteboard Markers,"? 1,310.4",8,10%,? 230.5
ORD-6723,07-10-2025,09-10-2025,Same Day,CUST-1205,Karthik Verma,Home Office,East,Jharkhand,Ranchi,Office Supplies,Art,Whiteboard Markers,"? 2,751.9",8,40%,? 89.3
ORD-5188,31-08-2024,01-09-2024,Second Class,CUST-1119,Kiran Verma,Corporate,South,Andhra Pradesh,Visakhapatnam,Furniture,Bookcases,3-Shelf Bookcase,"? 65,058.1",8,10%,"-? 6,603.8"
ORD-6130,25-02-2024,29-02-2024,Standard Class,CUST-1003,Divya Rao,Consumer,South,Kerala,Kozhikode,Furniture,Tables,Adjustable Laptop Table,"? 8,372.0",1,40%,"? 1,753.3"
ORD-6424,03-12-2024,04-12-2024,Same Day,CUST-1160,Sanjay Chandran,Home Office,WEST,Maharashtra,Nagpur,Office Supplies,Labels,Barcode Labels,"? 3,768.8",7,0%,? 871.4
ORD-6232,10-05-2024,11-05-2024,Standard Class,CUST-1116,Priya Prasad,Consumer,West,Maharashtra,Pune,Technology,Accessories,Mechanical Keyboard,"? 93,853.7",6,0%,"? 18,557.3"
ORD-6342,06-06-2025,11-06-2025,Standard Class,CUST-1118,Nithya Krishnan,Home Office,South,Karnataka,Bengaluru,Furniture,Tables,Conference Table 6-Seater,"? 10,387.4",4,0%,? 660.2
ORD-5805,15-12-2024,18-12-2024,Same Day,CUST-1206,Lakshmi Verma,Consumer,North,Haryana,Gurugram,Technology,Accessories,Power Bank,"? 1,44,635.2",8,0%,"-? 8,765.2"
ORD-6145,18-06-2024,22-06-2024,Second Class,CUST-1187,Anjali Subramaniam,Home Office,West,Maharashtra,Mumbai,Office Supplies,Labels,Barcode Labels,"? 1,509.2",2,30%,-? 184.9
ORD-6236,26-09-2024,28-09-2024,Standard Class,CUST-1002,Anitha Nair,Home Office,North,Delhi,New Delhi,Office Supplies,Paper,Legal Pad,"? 8,058.6",7,40%,"-? 1,152.4"
ORD-6744,17-09-2024,20-09-2024,Standard Class,CUST-1206,Lakshmi Verma,Consumer,North,Delhi,New Delhi,Technology,Accessories,USB Mouse,"? 2,27,965.1",9,10%,"? 29,688.1"
ORD-6075,23-03-2024,26-03-2024,First Class,CUST-1196,Revathi Kumar,Corporate,South,Kerala,Kochi,Office Supplies,Paper,Legal Pad,"? 9,190.2",7,0%,"-? 1,147.4"
ORD-5476,04-04-2025,07-04-2025,Second Class,CUST-1081,Ganesh Rao,Consumer,South,Andhra Pradesh,Visakhapatnam,Technology,Accessories,Laptop Sleeve,"? 78,133.2",3,30%,"? 8,581.6"
ORD-6123,25-03-2024,27-03-2024,Second Class,CUST-1153,Sanjay Nair,Home Office,East,West Bengal,Kolkata,Furniture,Chairs,Executive Recliner,"? 6,574.8",2,40%,? 362.0
ORD-6190,02-04-2025,07-04-2025,Second Class,CUST-1055,Lakshmi Chandran,Consumer,North,Delhi,New Delhi,Office Supplies,Labels,Barcode Labels,? 681.9,1,20%,? 161.3
ORD-5103,28-06-2024,03-07-2024,Same Day,CUST-1154,Priya Gowda,Home Office,East,Jharkhand,Ranchi,Furniture,Chairs,Ergo Mesh Office Chair,"? 16,896.2",1,15%,? 706.0
ORD-6334,17-09-2025,22-09-2025,First Class,CUST-1035,Manoj Pillai,Consumer,East,Jharkhand,Ranchi,Office Supplies,Art,Sketch Pen Set,"? 1,211.2",1,20%,-? 38.8
ORD-6420,15-10-2024,17-10-2024,Standard Class,CUST-1074,Vijay Rao,Home Office,South,Karnataka,Mangaluru,Furniture,Bookcases,Metal Bookrack,"? 4,200.7",2,30%,? 631.6
ORD-5839,04-02-2025,09-02-2025,First Class,CUST-1195,Ganesh Menon,Corporate,West,Maharashtra,Pune,Furniture,Bookcases,3-Shelf Bookcase,"? 47,131.3",3,10%,"? 3,378.9"
ORD-5299,25-06-2025,26-06-2025,Second Class,CUST-1145,Swathi Pillai,Consumer,South,Kerala,Kochi,Technology,Phones,Smartphone A12,"? 61,427.6",9,10%,"? 8,293.6"
ORD-6369,06-04-2025,10-04-2025,Second Class,CUST-1077,Rahul Gowda,Corporate,West,Maharashtra,Pune,Technology,Phones,Smartphone A12,"? 1,21,433.1",5,0%,"? 16,091.5"
ORD-5967,04-04-2024,09-04-2024,Second Class,CUST-1173,Kavya Prasad,Corporate,South,Kerala,Kochi,Office Supplies,Storage,Filing Cabinet,? 718.2,3,10%,? 39.3
ORD-5640,18-07-2025,22-07-2025,Second Class,CUST-1102,Karthik Verma,Consumer,South,Karnataka,Mysuru,Technology,Machines,Label Printer,"? 1,73,476.1",7,0%,"? 55,479.1"
ORD-5753,19-07-2024,23-07-2024,First Class,CUST-1074,Vijay Rao,Home Office,North,Punjab,Ludhiana,Office Supplies,Storage,Plastic Storage Box,"? 1,315.1",1,15%,-? 175.2
ORD-5183,19-12-2025,24-12-2025,First Class,CUST-1215,Meena Prasad,Corporate,East,West Bengal,Kolkata,Office Supplies,Labels,Address Label Pack,"? 1,152.0",6,0%,-? 35.7
ORD-5385,08-04-2025,12-04-2025,First Class,CUST-1024,Manoj Pillai,Corporate,West,Maharashtra,Nagpur,Technology,Copiers,Desktop Copier,"? 45,687.2",2,0%,"? 4,106.9"
ORD-5915,18-01-2024,19-01-2024,First Class,CUST-1043,Sanjay Nambiar,Corporate,South,Kerala, Kozhikode  ,Office Supplies,Paper,Sticky Notes Pack,"? 3,866.0",7,20%,? 184.7
ORD-5532,12-10-2025,17-10-2025,Second Class,CUST-1026,Kavya Gowda,Consumer,South,Andhra Pradesh,Visakhapatnam,Office Supplies,Labels,Address Label Pack,"? 2,222.2",4,20%,? 676.4
ORD-5792,07-09-2024,11-09-2024,Standard Class,CUST-1040,Suresh Verma,Home Office,South,Tamil Nadu,Chennai,Office Supplies,Art,Highlighter Pack,"? 8,682.3",7,15%,"? 2,532.4"
ORD-6672,10-11-2024,14-11-2024,Standard Class,CUST-1052,Pooja Iyer,Home Office,West,Gujarat,Ahmedabad,Technology,Accessories,Power Bank,"? 24,032.4",2,0%,"? 6,229.5"
ORD-5675,22-10-2024,23-10-2024,First Class,CUST-1215,Meena Prasad,Corporate,South,Andhra Pradesh,Vijayawada,Office Supplies,Paper,Legal Pad,"? 4,183.3",5,40%,-? 24.6
ORD-6632,14-12-2025,15-12-2025,Standard Class,CUST-1123,Sneha Nambiar,Home Office,West,Gujarat,Surat,Technology,Machines,Label Printer,"? 13,520.9",2,10%,"? 1,717.9"
ORD-5173,06-04-2024,10-04-2024,Standard Class,CUST-1154,Priya Gowda,Home Office,South,Karnataka,Bengaluru,Furniture,Tables,Compact Study Table,"? 8,649.7",2,15%,"? 2,670.3"
ORD-6155,29-06-2025,06-07-2025,Standard Class,CUST-1068,Karthik Krishnan,Home Office,West,Rajasthan,Jaipur,Technology,Accessories,Laptop Sleeve,"? 2,73,790.8",9,40%,"? 41,334.5"
ORD-5483,13-12-2024,18-12-2024,Standard Class,CUST-1047,Suresh Reddy,Home Office,South,Andhra Pradesh,Visakhapatnam,Office Supplies,Paper,Legal Pad,"? 4,799.8",5,0%,? 825.4
ORD-5530,30-11-2024,07-12-2024,Standard Class,CUST-1155,Revathi Nair,Corporate,East,Jharkhand,Ranchi,Furniture,Tables,Adjustable Laptop Table,"? 51,480.9",3,0%,"? 13,861.1"
ORD-5358,28-06-2024,01-07-2024,Same Day,CUST-1161,Pooja Nair,Consumer,West,Gujarat,Ahmedabad,Technology,Phones,Cordless Landline Phone,"? 55,562.2",3,40%,"? 12,578.2"
ORD-5655,21-11-2024,24-11-2024,Second Class,CUST-1000,Rahul Iyer,Consumer,West,Maharashtra,Mumbai,Technology,Copiers,Desktop Copier,"? 13,483.0",3,20%,"? 1,962.9"
ORD-5365,21-09-2024,24-09-2024,Standard Class,CUST-1024,Manoj Pillai,Corporate,West,Gujarat,Ahmedabad,Office Supplies,Paper,Legal Pad,"? 8,045.9",9,30%,-? 328.3
ORD-5902,22-11-2024,27-11-2024,Second Class,CUST-1065,Arun Iyer,Corporate,North,Delhi,New Delhi,Office Supplies,Storage,Filing Cabinet,"? 5,385.6",5,40%,? 36.3
ORD-5720,10-12-2024,13-12-2024,Second Class,CUST-1079,Divya Verma,Consumer,South,Tamil Nadu,Chennai,Technology,Machines,Label Printer,"? 1,74,171.4",7,15%,"? 39,855.7"
ORD-5806,20-11-2025,23-11-2025,Same Day,CUST-1132,Suresh Gowda,Consumer,South,Andhra Pradesh,Visakhapatnam,Office Supplies,Labels,Address Label Pack,? 948.9,5,15%,? 9.5
ORD-5409,30-01-2024,06-02-2024,Same Day,CUST-1165,Ishita Verma,Corporate,South,Karnataka,Bengaluru,Technology,Accessories,Mechanical Keyboard,"? 2,40,438.0",7,0%,"-? 26,720.4"
ORD-6773,02-12-2024,09-12-2024,Second Class,CUST-1066,Sanjay Menon,Consumer,South,Andhra Pradesh,Visakhapatnam,Office Supplies,Binders,3-Ring Binder,"? 5,837.7",7,40%,-? 791.6
ORD-6631,18-05-2024,21-05-2024,Same Day,CUST-1170,Anitha Kumar,Home Office,East,West Bengal,Kolkata,Technology,Phones,Cordless Landline Phone,"? 88,876.1",5,20%,"-? 7,256.0"
ORD-5533,03-04-2024,04-04-2024,Standard Class,CUST-1131,Vijay Prasad,Corporate,East,West Bengal,Kolkata,Office Supplies,Paper,Legal Pad,"? 1,086.1",3,0%,-? 139.0
ORD-6683,18-03-2024,25-03-2024,Standard Class,CUST-1051,Revathi Kumar,Home Office,West,Gujarat,Ahmedabad,Office Supplies,Envelopes,A4 Envelopes (Pack of 50),"? 7,390.4",8,20%,? 193.1
ORD-6273,11-07-2025,18-07-2025,First Class,CUST-1137,Praveen Kumar,Home Office,East,Jharkhand,Ranchi,Office Supplies,Art,Highlighter Pack,"? 3,339.9",7,10%,? 143.0
ORD-5445,03-09-2025,06-09-2025,Same Day,CUST-1087,Revathi Nair,Home Office,South,Tamil Nadu,Chennai,Furniture,Tables,Conference Table 6-Seater,"? 16,458.2",1,0%,-? 381.4
ORD-5252,12-06-2025,16-06-2025,Second Class,CUST-1033,Sneha Subramaniam,Consumer,North,Uttar Pradesh,Noida,Technology,Phones,Bluetooth Headset,"? 72,496.1",9,15%,"-? 3,207.3"
ORD-6782,03-11-2024,10-11-2024,First Class,CUST-1198,Ishita Nambiar,Home Office,West,Maharashtra,Pune,Office Supplies,Storage,Plastic Storage Box,"? 5,584.3",5,0%,? 580.0
ORD-6315,17-07-2025,24-07-2025,Same Day,CUST-1025,Rahul Gowda,Consumer,South,Kerala,Kozhikode,Office Supplies,Art,Highlighter Pack,"? 1,176.4",1,0%,? 88.9
ORD-5426,07-01-2025,11-01-2025,Standard Class,CUST-1151,Deepa Rao,Consumer,West,Gujarat,Vadodara,Technology,Phones,Bluetooth Headset,"? 73,043.8",7,10%,"? 11,854.0"
ORD-5887,22-01-2024,23-01-2024,First Class,CUST-1124,Praveen Subramaniam,Corporate,South,Kerala,Kochi,Office Supplies,Storage,Plastic Storage Box,"? 2,704.6",2,20%,? 437.1
ORD-5838,01-08-2024,08-08-2024,Same Day,CUST-1013,Arjun Subramaniam,Consumer,South,Tamil Nadu,Trichy,Furniture,Furnishings,Desk Lamp,"? 51,124.4",4,30%,"? 12,431.2"
ORD-6568,15-07-2025,19-07-2025,Same Day,CUST-1065,Arun Iyer,Corporate,North,Punjab,Amritsar,Office Supplies,Art,Whiteboard Markers,"? 2,687.2",8,10%,? 537.2
ORD-6366,05-02-2024,07-02-2024,Second Class,CUST-1062,Arjun Reddy,Home Office,North,Punjab,Ludhiana,Office Supplies,Paper,Legal Pad,"? 8,658.2",9,10%,"? 1,871.5"
ORD-5417,12-12-2024,14-12-2024,Same Day,CUST-1013,Arjun Subramaniam,Consumer,East,West Bengal,Kolkata,Technology,Copiers,Multi-function Printer,"? 1,38,054.5",7,20%,"? 12,136.8"
ORD-6239,09-01-2024,12-01-2024,Same Day,CUST-1065,Arun Iyer,Corporate,East,Odisha,Bhubaneswar,Office Supplies,Paper,Sticky Notes Pack,"? 6,639.1",5,0%,-? 147.0
ORD-6613,14-01-2025,17-01-2025,Standard Class,CUST-1012,Ramesh Nair,Consumer,South,Kerala,Thiruvananthapuram,Technology,Copiers,Desktop Copier,"? 20,534.6",1,30%,"? 1,196.0"
ORD-5659,12-01-2025,17-01-2025,Second Class,CUST-1205,Karthik Verma,Home Office,South,Tamil Nadu,Madurai,Technology,Phones,Smartphone A12,"? 64,166.6",7,15%,"? 12,790.5"
ORD-5573,11-09-2024,14-09-2024,Standard Class,CUST-1045,Praveen Mahesh,Consumer,South,Kerala,Kozhikode,Office Supplies,Paper,Legal Pad,"? 2,891.9",6,10%,? 560.9
ORD-6665,09-10-2025,13-10-2025,First Class,CUST-1177,Priya Iyer,Home Office,West,Gujarat,Ahmedabad,Furniture,Tables,Adjustable Laptop Table,"? 18,739.5",2,0%,? 736.0
ORD-6300,27-05-2024,28-05-2024,Standard Class,CUST-1158,Vijay Verma,Home Office,East,Odisha,Bhubaneswar,Office Supplies,Envelopes,Courier Envelopes,"? 3,814.9",4,10%,? 839.4
ORD-5625,05-06-2024,10-06-2024,Second Class,CUST-1018,Anjali Naidu,Consumer,EAST,West Bengal,Kolkata,Furniture,Bookcases,Metal Bookrack,"? 1,26,196.5",8,0%,"? 9,768.1"
ORD-5724,12-09-2025,13-09-2025,Standard Class,CUST-1046,Arjun Raj,Consumer,West,Rajasthan,Udaipur,Furniture,Tables,Adjustable Laptop Table,"? 14,832.9",1,10%,"-? 2,175.5"
ORD-6573,11-07-2025,16-07-2025,Same Day,CUST-1070,Arjun Nair,Consumer,South,Andhra Pradesh,Vijayawada,Office Supplies,Binders,Clip Binder,"? 4,364.5",9,15%,? 151.9
ORD-5714,28-08-2025,29-08-2025,Standard Class,CUST-1066,Sanjay Menon,Consumer,South,Karnataka,Mysuru,Office Supplies,Envelopes,Courier Envelopes,"? 1,619.2",3,30%,? 374.5
ORD-5808,31-10-2025,05-11-2025,Same Day,CUST-1120,Divya Nambiar,Consumer,East,Bihar,Patna,Technology,Copiers,Multi-function Printer,"? 1,35,017.4",6,40%,? 541.2
ORD-5998,10-04-2025,17-04-2025,Second Class,CUST-1180,Nithya Prasad,Consumer,North,Haryana,Gurugram,Office Supplies,Binders,Clip Binder,"? 8,926.0",7,40%,"? 2,740.8"
ORD-6654,12-01-2025,16-01-2025,First Class,CUST-1065,Arun Iyer,Corporate,South,Karnataka,Bengaluru,Office Supplies,Paper,Legal Pad,"? 2,987.0",3,10%,? 818.9
ORD-5601,11-10-2024,13-10-2024,First Class,CUST-1116,Priya Prasad,Consumer,North,Delhi,New Delhi,Technology,Accessories,USB Mouse,"? 1,20,571.9",6,20%,"-? 13,067.2"
ORD-5647,31-07-2024,04-08-2024,Second Class,CUST-1219,Praveen Rao,Home Office,South,Andhra Pradesh,Vijayawada,Office Supplies,Art,Highlighter Pack,"? 5,509.7",6,40%,"? 1,401.0"
ORD-6435,28-06-2024,05-07-2024,Second Class,CUST-1161,Pooja Nair,Consumer,West,Gujarat,Ahmedabad,Furniture,Chairs,Wooden Study Chair,"? 26,657.4",2,40%,"-? 2,577.7"
ORD-6443,25-08-2025,29-08-2025,Same Day,CUST-1207,Suresh Kumar,Consumer,North,Uttar Pradesh,Lucknow,Office Supplies,Binders,Presentation Binder,"? 4,157.3",7,40%,"? 1,442.0"
ORD-5695,13-04-2024,14-04-2024,Standard Class,CUST-1056,Naveen Kumar,Home Office,East,Odisha,Bhubaneswar,Office Supplies,Storage,Plastic Storage Box,"? 6,430.5",5,30%,"? 1,296.6"
ORD-5823,12-04-2025,13-04-2025,Standard Class,CUST-1066,Sanjay Menon,Consumer,South,Andhra Pradesh,Visakhapatnam,Office Supplies,Binders,Clip Binder,"? 2,389.0",5,10%,? 835.8
ORD-6253,26-01-2024,29-01-2024,Second Class,CUST-1194,Pooja Reddy,Home Office,North,Delhi,New Delhi,Furniture,Tables,Conference Table 6-Seater,"? 77,932.1",5,0%,? 771.1
ORD-6119,17-05-2024,20-05-2024,Second Class,CUST-1092,Deepa Gowda,Corporate,East,West Bengal,Kolkata,Furniture,Chairs,Wooden Study Chair,"? 98,452.6",8,40%,"? 2,427.5"
ORD-6620,08-05-2025,13-05-2025,Same Day,CUST-1077,Rahul Gowda,Corporate,South,Karnataka,Mysuru,Technology,Accessories,USB Mouse,"? 39,532.8",4,15%,"? 9,547.1"
ORD-5211,01-11-2024,04-11-2024,Second Class,CUST-1111,Priya Nambiar,Home Office,East,Bihar,Patna,Technology,Accessories,Laptop Sleeve,"? 72,014.6",3,30%,"-? 10,113.6"
ORD-5361,09-04-2024,14-04-2024,Second Class,CUST-1107,Lakshmi Chandran,Home Office,North,Haryana,Faridabad,Office Supplies,Storage,Plastic Storage Box,"? 3,464.4",4,10%,? 381.0
ORD-6301,09-12-2025,14-12-2025,Standard Class,CUST-1177,Priya Iyer,Home Office,West,Maharashtra,Pune,Office Supplies,Art,Sketch Pen Set,"? 7,603.8",6,0%,-? 110.4
ORD-5301,26-12-2024,29-12-2024,Same Day,CUST-1153,Sanjay Nair,Home Office,North,Uttar Pradesh,Noida,Technology,Copiers,Multi-function Printer,"? 67,733.1",9,15%,"? 2,032.3"
ORD-5354,04-02-2024,05-02-2024,Standard Class,CUST-1200,Naveen Balan,Home Office,East,Bihar,Patna,Office Supplies,Envelopes,A4 Envelopes (Pack of 50),"? 4,873.8",5,40%,? 528.7
ORD-5696,10-06-2024,13-06-2024,Standard Class,CUST-1151,Deepa Rao,Consumer,South,Karnataka,Mangaluru,Technology,Machines,Label Printer,"? 2,38,882.9",8,15%,"? 42,190.5"
ORD-5721,06-07-2024,13-07-2024,Standard Class,CUST-1004,Ganesh Chandran,Consumer,South,Karnataka,Bengaluru,Office Supplies,Storage,File Organizer Tray,"? 5,104.5",9,15%,"? 1,645.6"
ORD-5845,21-12-2024,28-12-2024,Same Day,CUST-1083,Karthik Raj,Consumer,East,Jharkhand,Ranchi,Technology,Copiers,Desktop Copier,"? 1,33,517.9",6,0%,-? 515.6
ORD-5369,25-10-2025,27-10-2025,Same Day,CUST-1112,Revathi Raj,Home Office,West,Rajasthan,Jaipur,Technology,Accessories,Laptop Sleeve,"? 1,17,513.2",6,40%,"-? 12,640.8"
ORD-6505,21-10-2025,24-10-2025,Second Class,CUST-1152,Divya Krishnan,Home Office,East,Bihar,Patna,Technology,Accessories,Laptop Sleeve,"? 1,01,855.8",3,0%,"? 11,132.3"
ORD-5218,02-12-2024,05-12-2024,Second Class,CUST-1142,Ramesh Menon,Home Office,East,Bihar,Patna,Office Supplies,Storage,Plastic Storage Box,"? 3,846.1",7,40%,? 961.3
ORD-6077,18-11-2025,20-11-2025,Standard Class,CUST-1112,Revathi Raj,Home Office,West,Gujarat,Ahmedabad,Office Supplies,Binders,Presentation Binder,"? 7,689.4",7,0%,"? 2,622.0"
ORD-5780,06-11-2024,11-11-2024,Standard Class,CUST-1213,Rahul Kumar,Consumer,West,Rajasthan,Jaipur,Office Supplies,Art,Sketch Pen Set,"? 1,942.3",3,15%,? 195.8
ORD-6351,17-08-2025,22-08-2025,Second Class,CUST-1021,Vijay Krishnan,Consumer,North,Uttar Pradesh,Noida,Technology,Machines,Laser Printer,"? 42,110.1",7,0%,"-? 4,568.9"
ORD-5048,26-12-2024,27-12-2024,Standard Class,CUST-1219,Praveen Rao,Home Office,WEST,Maharashtra,Nagpur,Office Supplies,Binders,Clip Binder,"? 2,099.0",4,30%,? 572.1
ORD-6291,18-11-2024,20-11-2024,Second Class,CUST-1168,Anitha Sharma,Corporate,South,Karnataka,Mysuru,Office Supplies,Paper,A4 Copy Paper (500 sheets),"? 11,681.7",9,15%,"? 3,014.3"
ORD-5948,06-11-2024,08-11-2024,Second Class,CUST-1146,Karthik Chandran,Corporate,North,Punjab,Amritsar,Technology,Accessories,Power Bank,"? 58,035.8",9,0%,"-? 4,465.5"
ORD-6514,07-04-2024,10-04-2024,Same Day,CUST-1067,Priya Verma,Home Office,East,Bihar,Patna,Office Supplies,Labels,Barcode Labels,"? 2,823.5",7,0%,? 489.3
ORD-5853,04-10-2025,09-10-2025,Second Class,CUST-1186,Deepa Krishnan,Home Office,East,Bihar,Patna,Technology,Machines,Label Printer,"? 1,85,126.3",6,20%,"-? 20,637.8"
ORD-6243,20-03-2024,21-03-2024,Same Day,CUST-1213,Rahul Kumar,Consumer,North,Haryana,Faridabad,Furniture,Bookcases,Oak Bookcase,"? 69,114.9",5,40%,"? 1,065.2"
ORD-6014,25-04-2025,28-04-2025,Second Class,CUST-1042,Pooja Nambiar,Corporate,East,West Bengal,Howrah,Furniture,Tables,Compact Study Table,"? 13,624.5",2,0%,"? 1,160.2"
ORD-6493,14-10-2024,17-10-2024,Standard Class,CUST-1208,Anitha Mahesh,Home Office,WEST,Gujarat,Vadodara,Office Supplies,Envelopes,A4 Envelopes (Pack of 50),"? 4,221.2",8,0%,-? 461.8
ORD-5154,15-03-2025,22-03-2025,Same Day,CUST-1145,Swathi Pillai,Consumer,South,Tamil Nadu,Chennai,Office Supplies,Binders,3-Ring Binder,? 750.5,1,20%,? 194.0
ORD-5585,20-10-2025,25-10-2025,Standard Class,CUST-1074,Vijay Rao,Home Office,South,Andhra Pradesh,Visakhapatnam,Furniture,Chairs,Executive Recliner,"? 53,603.7",6,0%,"? 2,735.6"
ORD-5819,11-08-2025,14-08-2025,First Class,CUST-1146,Karthik Chandran,Corporate,West,Maharashtra,Mumbai,Office Supplies,Paper,A4 Copy Paper (500 sheets),"? 2,591.0",3,20%,? 848.1
ORD-5824,28-10-2025,04-11-2025,Second Class,CUST-1004,Ganesh Chandran,Consumer,East,Jharkhand,Ranchi,Technology,Machines,Laminating Machine,"? 21,421.5",4,0%,"? 2,833.9"
ORD-6469,21-05-2025,26-05-2025,Second Class,CUST-1076,Lakshmi Naidu,Home Office,West,Maharashtra,Pune,Office Supplies,Binders,3-Ring Binder,"? 1,800.1",5,0%,? 421.8
ORD-6532,03-04-2025,04-04-2025,First Class,CUST-1094,Priya Iyer,Consumer,North,Haryana,Gurugram,Technology,Copiers,Desktop Copier,"? 1,96,291.9",6,20%,"-? 26,776.9"
ORD-5007,16-06-2024,19-06-2024,First Class,CUST-1052,Pooja Iyer,Home Office,South,Tamil Nadu,Madurai,Office Supplies,Art,Whiteboard Markers,"? 1,318.3",4,0%,? 261.8
ORD-6811,10-01-2025,11-01-2025,First Class,CUST-1027,Sneha Pillai,Home Office,West,Maharashtra,Mumbai,Office Supplies,Storage,Plastic Storage Box,"? 8,515.4",6,0%,? 209.7
ORD-6384,21-07-2024,24-07-2024,Same Day,CUST-1062,Arjun Reddy,Home Office,West,Gujarat,Vadodara,Office Supplies,Art,Whiteboard Markers,"? 2,770.0",2,10%,? 379.6
ORD-6367,18-02-2025,21-02-2025,Same Day,CUST-1214,Arjun Chandran,Consumer,East,Jharkhand,Ranchi,Technology,Phones,Smartphone A12,"? 41,327.6",2,20%,"-? 2,211.0"
ORD-5420,27-10-2024,03-11-2024,Same Day,CUST-1188,Sathish Iyer,Home Office,East,Jharkhand,Ranchi,Office Supplies,Labels,Address Label Pack,? 156.8,2,30%,? 11.8
ORD-6422,31-12-2025,02-01-2026,Second Class,CUST-1198,Ishita Nambiar,Home Office,West,Rajasthan,Udaipur,Office Supplies,Labels,Address Label Pack,"? 2,269.3",5,40%,? 136.9
ORD-5138,09-05-2025,10-05-2025,Same Day,CUST-1084,Karthik Raj,Corporate,North,Haryana,Gurugram,Furniture,Tables,Conference Table 6-Seater,"? 48,427.0",8,20%,"? 4,265.5"
ORD-5540,16-12-2024,18-12-2024,Same Day,CUST-1104,Vijay Naidu,Consumer,West,Rajasthan,Jaipur,Technology,Accessories,Mechanical Keyboard,"? 92,771.8",8,0%,"-? 10,918.5"
ORD-5018,09-06-2024,10-06-2024,Second Class,CUST-1044,Kavya Verma,Consumer,East,Jharkhand,Ranchi,Office Supplies,Paper,Sticky Notes Pack,"? 4,073.5",4,15%,? 993.6
ORD-6622,22-05-2024,29-05-2024,Same Day,CUST-1120,Divya Nambiar,Consumer,North,Delhi,New Delhi,Office Supplies,Labels,Barcode Labels,"? 2,021.6",2,0%,? 345.7
ORD-5323,19-09-2025,20-09-2025,First Class,CUST-1183,Deepa Kumar,Home Office,West,Gujarat,Vadodara,Office Supplies,Envelopes,A4 Envelopes (Pack of 50),"? 8,052.8",9,0%,? 374.7
ORD-5082,22-06-2025,26-06-2025,Second Class,CUST-1207,Suresh Kumar,Consumer,East,West Bengal,Kolkata,Technology,Phones,Cordless Landline Phone,"? 44,347.9",9,0%,"? 10,372.6"
ORD-6610,09-12-2024,13-12-2024,Second Class,CUST-1121,Ganesh Varma,Consumer,North,Uttar Pradesh,Lucknow,Office Supplies,Paper,Legal Pad,"? 8,502.1",8,30%,"? 2,096.0"
ORD-6468,14-09-2024,19-09-2024,Standard Class,CUST-1194,Pooja Reddy,Home Office,North,Punjab,Ludhiana,Technology,Copiers,Desktop Copier,"? 31,307.7",9,40%,"-? 4,386.6"
ORD-5355,08-09-2024,12-09-2024,First Class,CUST-1176,Meena Nambiar,Corporate,South,Kerala,Kozhikode,Furniture,Bookcases,Metal Bookrack,"? 1,07,380.0",8,0%,"? 6,497.4"
ORD-5829,20-09-2024,22-09-2024,Second Class,CUST-1151,Deepa Rao,Consumer,North,Uttar Pradesh,Kanpur,Office Supplies,Binders,Clip Binder,"? 3,647.4",3,10%,? 391.6
ORD-5692,20-04-2024,27-04-2024,Second Class,CUST-1176,Meena Nambiar,Corporate,East,Jharkhand,Ranchi,Technology,Accessories,Mechanical Keyboard,"? 41,480.3",4,0%,"? 2,780.5"
ORD-6442,01-11-2024,06-11-2024,Second Class,CUST-1187,Anjali Subramaniam,Home Office,East,West Bengal,Kolkata,Technology,Copiers,Multi-function Printer,"? 18,398.4",3,15%,? 514.2
ORD-6431,18-11-2025,25-11-2025,Standard Class,CUST-1105,Meena Naidu,Consumer,South,Kerala,Kozhikode,Technology,Copiers,Desktop Copier,"? 1,04,728.9",4,15%,"-? 15,393.8"
ORD-5623,29-05-2025,31-05-2025,Second Class,CUST-1010,Ramesh Kumar,Consumer,South,Andhra Pradesh,Visakhapatnam,Office Supplies,Binders,Clip Binder,"? 2,010.4",2,10%,? 587.4
ORD-5889,17-12-2025,20-12-2025,Standard Class,CUST-1047,Suresh Reddy,Home Office,West,Maharashtra,Nagpur,Technology,Copiers,Desktop Copier,"? 84,039.3",7,0%,"-? 5,443.3"
ORD-5866,16-10-2024,19-10-2024,Same Day,CUST-1180,Nithya Prasad,Consumer,West,Gujarat,Ahmedabad,Office Supplies,Envelopes,Courier Envelopes,"? 4,724.1",8,0%,? 50.8
ORD-5471,15-03-2025,19-03-2025,Same Day,CUST-1215,Meena Prasad,Corporate,East,Jharkhand,Ranchi,Technology,Copiers,Desktop Copier,"? 36,697.1",2,0%,? 702.8
ORD-5624,13-06-2024,18-06-2024,Standard Class,CUST-1029,Rahul Reddy,Home Office,North,Haryana,Gurugram,Office Supplies,Storage,File Organizer Tray,"? 4,543.3",7,10%,-? 207.1
ORD-6063,03-10-2025,07-10-2025,Same Day,CUST-1153,Sanjay Nair,Home Office,East,Odisha,Bhubaneswar,Technology,Machines,Label Printer,"? 79,672.1",9,0%,"? 19,671.5"
ORD-6797,02-04-2025,05-04-2025,Standard Class,CUST-1069,Swathi Krishnan,Home Office,North,Uttar Pradesh,Noida,Office Supplies,Art,Sketch Pen Set,"? 8,252.4",7,40%,? 982.8
ORD-5661,09-05-2025,11-05-2025,Same Day,CUST-1043,Sanjay Nambiar,Corporate,South,Kerala,Thiruvananthapuram,Office Supplies,Storage,File Organizer Tray,"? 1,575.5",4,0%,-? 177.1
ORD-5842,31-03-2024,07-04-2024,First Class,CUST-1213,Rahul Kumar,Consumer,North,Punjab,Amritsar,Technology,Copiers,Multi-function Printer,"? 1,29,226.4",5,15%,"? 21,985.6"
ORD-6553,28-07-2024,01-08-2024,First Class,CUST-1179,Ishita Subramaniam,Corporate,East,West Bengal,Howrah,Office Supplies,Storage,Plastic Storage Box,? 428.7,4,15%,? 59.1
ORD-6511,27-10-2024,30-10-2024,Second Class,CUST-1190,Lakshmi Chandran,Corporate,North,Haryana,Faridabad,Office Supplies,Binders,Clip Binder,? 634.6,9,30%,? 179.6
ORD-5249,10-02-2025,13-02-2025,Standard Class,CUST-1020,Nithya Gowda,Home Office,South,Karnataka,Mangaluru,Office Supplies,Labels,Address Label Pack,? 796.1,3,40%,? 254.4
ORD-6004,02-09-2024,03-09-2024,First Class,CUST-1089,Swathi Verma,Corporate,North,Punjab,Ludhiana,Technology,Machines,Laser Printer,"? 1,70,490.8",9,0%,"? 15,450.0"
ORD-5561,28-04-2024,03-05-2024,Second Class,CUST-1169,Kavya Menon,Consumer,North,Punjab,Amritsar,Technology,Phones,Cordless Landline Phone,"? 1,95,594.4",7,20%,"? 46,090.0"
ORD-6521,24-04-2024,29-04-2024,First Class,CUST-1136,Lakshmi Varma,Home Office,East,West Bengal,Howrah,Technology,Accessories,Mechanical Keyboard,"? 27,915.3",1,40%,"? 2,476.2"
ORD-5118,23-11-2024,25-11-2024,First Class,CUST-1174,Sneha Rao,Corporate,North,Uttar Pradesh,Noida,Furniture,Tables,Adjustable Laptop Table,"? 24,410.3",7,15%,"-? 1,801.3"
ORD-5509,31-01-2024,05-02-2024,Second Class,CUST-1006,Anitha Prasad,Home Office,South,Karnataka,Mysuru,Office Supplies,Envelopes,Courier Envelopes,? 242.5,3,10%,? 71.0
ORD-6817,16-08-2024,17-08-2024,First Class,CUST-1154,Priya Gowda,Home Office,West,Maharashtra,Pune,Office Supplies,Art,Whiteboard Markers,? 928.9,1,30%,? 28.1
ORD-6807,03-07-2024,08-07-2024,Second Class,CUST-1040,Suresh Verma,Home Office,West,Gujarat,Surat,Technology,Phones,Cordless Landline Phone,"? 72,464.6",9,30%,"-? 4,538.6"
ORD-5452,28-11-2024,05-12-2024,Second Class,CUST-1097,Revathi Balan,Consumer,West,Maharashtra,Mumbai,Technology,Machines,Label Printer,"? 1,35,638.2",7,0%,"? 6,704.5"
ORD-5886,03-06-2024,07-06-2024,Standard Class,CUST-1010,Ramesh Kumar,Consumer,North,Haryana,Gurugram,Technology,Accessories,Power Bank,"? 21,625.2",1,0%,"? 5,265.3"
ORD-5236,06-08-2024,13-08-2024,Same Day,CUST-1059,Anjali Iyer,Home Office,North,Uttar Pradesh,Noida,Office Supplies,Labels,Barcode Labels,"? 1,242.6",1,0%,? 229.2
ORD-5126,15-06-2024,20-06-2024,Same Day,CUST-1029,Rahul Reddy,Home Office,West,Rajasthan,Udaipur,Office Supplies,Labels,Barcode Labels,"? 2,105.7",2,20%,-? 259.3
ORD-5422,06-11-2025,11-11-2025,Standard Class,CUST-1158,Vijay Verma,Home Office,East,Jharkhand,Ranchi,Office Supplies,Art,Whiteboard Markers,"? 8,351.3",6,15%,? 85.5
ORD-5346,14-02-2025,19-02-2025,First Class,CUST-1024,Manoj Pillai,Corporate,East,Odisha,Bhubaneswar,Office Supplies,Art,Whiteboard Markers,"? 2,191.5",7,30%,? 292.8
ORD-5392,27-10-2024,31-10-2024,First Class,CUST-1018,Anjali Naidu,Consumer,West,Gujarat,Surat,Office Supplies,Envelopes,A4 Envelopes (Pack of 50),? 496.0,4,20%,? 27.7
ORD-5220,09-05-2025,13-05-2025,Standard Class,CUST-1167,Kiran Raj,Corporate,South,Andhra Pradesh,Visakhapatnam,Furniture,Bookcases,Metal Bookrack,"? 24,361.8",4,20%,"? 2,668.8"
ORD-5766,03-06-2025,04-06-2025,Second Class,CUST-1085,Karthik Prasad,Consumer,East,Jharkhand,Ranchi,Technology,Copiers,Desktop Copier,"? 94,896.0",9,10%,"? 30,912.1"
ORD-5913,09-03-2025,16-03-2025,Second Class,CUST-1079,Divya Verma,Consumer,South,Kerala,Thiruvananthapuram,Office Supplies,Storage,Plastic Storage Box,"? 5,175.6",6,40%,"? 1,231.3"
ORD-5114,14-12-2025,18-12-2025,Same Day,CUST-1207,Suresh Kumar,Consumer,East,Odisha,Bhubaneswar,Office Supplies,Labels,Barcode Labels,? 974.2,3,40%,? 299.4
ORD-5716,24-08-2024,28-08-2024,Same Day,CUST-1062,Arjun Reddy,Home Office,North,Delhi,New Delhi,Office Supplies,Art,Whiteboard Markers,"? 4,531.7",6,40%,? 691.6
ORD-6417,06-08-2024,10-08-2024,Same Day,CUST-1057,Sanjay Pillai,Home Office,West,Maharashtra,Mumbai,Office Supplies,Binders,Clip Binder,"? 8,821.1",8,15%,? 434.0
ORD-5247,13-05-2025,18-05-2025,Standard Class,CUST-1083,Karthik Raj,Consumer,South,Karnataka,Mangaluru,Office Supplies,Storage,Plastic Storage Box,? 653.6,2,0%,? 193.5
ORD-5275,07-03-2025,11-03-2025,First Class,CUST-1075,Vikram Sharma,Home Office,West,Rajasthan,Udaipur,Technology,Machines,Label Printer,"? 42,734.6",3,0%,"-? 1,806.2"
ORD-5309,24-11-2024,27-11-2024,Standard Class,CUST-1117,Kiran Reddy,Consumer,South,Kerala,Kochi,Technology,Copiers,Desktop Copier,"? 51,332.4",6,0%,"? 11,748.3"
ORD-5027,12-07-2024,19-07-2024,Second Class,CUST-1171,Vijay Naidu,Corporate,West,Rajasthan,Udaipur,Office Supplies,Art,Sketch Pen Set,"? 4,653.6",7,30%,"? 1,601.8"
ORD-5579,04-07-2024,07-07-2024,First Class,CUST-1001,Pooja Pillai,Consumer,East,Jharkhand,Ranchi,Office Supplies,Envelopes,A4 Envelopes (Pack of 50),"? 1,241.5",5,0%,? 383.9
ORD-5159,15-05-2024,19-05-2024,Same Day,CUST-1086,Ramesh Mahesh,Consumer,East,Bihar,Patna,Technology,Phones,Smartphone A12,"? 7,228.3",1,30%,? 746.7
ORD-6285,21-02-2025,23-02-2025,Same Day,CUST-1164,Meena Subramaniam,Corporate,West,Maharashtra,Mumbai,Office Supplies,Art,Whiteboard Markers,? 605.1,1,15%,-? 20.6
ORD-5740,20-10-2025,23-10-2025,Same Day,CUST-1111,Priya Nambiar,Home Office,North,Punjab,Ludhiana,Furniture,Tables,Compact Study Table,"? 42,940.5",3,30%,"? 6,795.1"
ORD-5442,03-08-2025,04-08-2025,Same Day,CUST-1021,Vijay Krishnan,Consumer,South,Andhra Pradesh,Visakhapatnam,Technology,Copiers,Desktop Copier,"? 1,58,237.8",5,15%,"? 35,322.1"
ORD-5448,17-06-2024,20-06-2024,Same Day,CUST-1174,Sneha Rao,Corporate,East,Odisha,Bhubaneswar,Furniture,Tables,Compact Study Table,"? 36,848.9",8,30%,"-? 3,389.7"
ORD-6641,23-05-2024,25-05-2024,First Class,CUST-1081,Ganesh Rao,Consumer,West,Rajasthan,Jaipur,Office Supplies,Labels,Address Label Pack,"? 2,393.9",3,10%,? 69.3
ORD-5781,11-09-2025,15-09-2025,First Class,CUST-1037,Sathish Sharma,Home Office,West,Rajasthan,Udaipur,Office Supplies,Art,Sketch Pen Set,"? 2,837.6",5,40%,? 424.3
ORD-5786,09-04-2024,13-04-2024,Second Class,CUST-1203,Karthik Menon,Home Office,West,Maharashtra,Mumbai,Office Supplies,Paper,A4 Copy Paper (500 sheets),"? 12,098.3",9,30%,? 314.7
ORD-5317,02-11-2025,07-11-2025,Same Day,CUST-1197,Lakshmi Sharma,Corporate,West,Gujarat,Ahmedabad,Office Supplies,Envelopes,A4 Envelopes (Pack of 50),"? 1,189.8",1,20%,? 345.1
ORD-5414,06-05-2024,10-05-2024,First Class,CUST-1030,Pooja Verma,Consumer,South,Karnataka,Mysuru,Technology,Machines,Laminating Machine,"? 1,17,208.7",7,15%,"? 9,197.7"
ORD-5217,12-04-2024,14-04-2024,Second Class,CUST-1017,Naveen Rao,Consumer,South,Kerala,Thiruvananthapuram,Technology,Machines,Label Printer,"? 26,658.0",1,0%,"? 7,357.6"
ORD-6524,11-09-2024,14-09-2024,Same Day,CUST-1172,Ramesh Krishnan,Corporate,East,West Bengal,Howrah,Office Supplies,Binders,3-Ring Binder,? 147.6,1,0%,? 5.5
ORD-5164,10-08-2025,17-08-2025,Standard Class,CUST-1130,Divya Krishnan,Home Office,South,Karnataka,Mangaluru,Office Supplies,Binders,3-Ring Binder,"? 2,186.3",3,0%,? 690.0
ORD-6289,30-09-2025,02-10-2025,First Class,CUST-1076,Lakshmi Naidu,Home Office,South,Karnataka,Bengaluru,Furniture,Furnishings,Wall Clock,"? 71,429.2",4,0%,"-? 2,876.5"
ORD-5006,21-01-2024,26-01-2024,Standard Class,CUST-1124,Praveen Subramaniam,Corporate,West,Maharashtra,Mumbai,Office Supplies,Binders,Presentation Binder,"? 4,313.7",6,0%,? 659.8
ORD-6504,10-08-2024,13-08-2024,Same Day,CUST-1026,Kavya Gowda,Consumer,South,Tamil Nadu,Coimbatore,Office Supplies,Labels,Barcode Labels,"? 10,845.2",8,0%,"-? 1,446.9"
ORD-5388,11-06-2025,18-06-2025,First Class,CUST-1013,Arjun Subramaniam,Consumer,North,Delhi,New Delhi,Office Supplies,Art,Highlighter Pack,"? 1,115.5",2,10%,-? 90.1
ORD-6107,29-11-2024,02-12-2024,First Class,CUST-1198,Ishita Nambiar,Home Office,South,Karnataka,Bengaluru,Office Supplies,Art,Sketch Pen Set,"? 2,894.4",3,0%,-? 23.3
ORD-6833,30-08-2025,01-09-2025,First Class,CUST-1191,Manoj Menon,Home Office,North,Punjab,Ludhiana,Office Supplies,Paper,Legal Pad,? 369.7,9,10%,-? 26.9
ORD-6677,14-05-2025,18-05-2025,Standard Class,CUST-1096,Anitha Sharma,Consumer,East,West Bengal,Howrah,Office Supplies,Envelopes,A4 Envelopes (Pack of 50),"? 10,475.9",9,30%,-? 521.4
ORD-5305,22-12-2024,26-12-2024,Second Class,CUST-1067,Priya Verma,Home Office,East,West Bengal,Kolkata,Technology,Phones,Bluetooth Headset,"? 10,354.1",1,20%,"? 1,242.1"
ORD-6464,05-03-2025,06-03-2025,Same Day,CUST-1143,Vijay Subramaniam,Consumer,West,Gujarat,Surat,Office Supplies,Storage,Filing Cabinet,"? 1,413.4",7,0%,? 123.0
ORD-5131,22-05-2024,25-05-2024,Same Day,CUST-1139,Anjali Iyer,Consumer,North,Uttar Pradesh,Noida,Furniture,Tables,Conference Table 6-Seater,"? 33,441.2",6,15%,"? 10,771.8"
ORD-5558,04-11-2024,11-11-2024,Standard Class,CUST-1054,Arjun Subramaniam,Consumer,East,Odisha,Bhubaneswar,Technology,Copiers,Desktop Copier,"? 66,150.5",2,0%,"? 4,461.6"
ORD-5609,19-08-2024,26-08-2024,Standard Class,CUST-1060,Lakshmi Prasad,Home Office,East,West Bengal,Howrah,Furniture,Chairs,Ergo Mesh Office Chair,"? 17,455.0",6,0%,? 528.0
ORD-6052,25-10-2024,27-10-2024,Second Class,CUST-1096,Anitha Sharma,Consumer,West,Maharashtra,Mumbai,Technology,Machines,Laser Printer,"? 20,693.5",2,30%,"? 4,433.1"
ORD-6839,03-03-2024,04-03-2024,First Class,CUST-1175,Arun Iyer,Corporate,East,Odisha,Bhubaneswar,Furniture,Bookcases,Metal Bookrack,"? 45,933.6",5,0%,"-? 3,990.4"
ORD-6408,21-12-2024,22-12-2024,Standard Class,CUST-1142,Ramesh Menon,Home Office,South,Tamil Nadu,Coimbatore,Furniture,Bookcases,Oak Bookcase,"? 13,077.6",3,10%,"? 3,682.6"
ORD-5631,12-07-2025,14-07-2025,Second Class,CUST-1197,Lakshmi Sharma,Corporate,East,Odisha,Bhubaneswar,Office Supplies,Binders,Presentation Binder,? 807.6,7,40%,-? 35.0
ORD-5473,17-11-2024,20-11-2024,Same Day,CUST-1006,Anitha Prasad,Home Office,South,Kerala,Kozhikode,Office Supplies,Paper,Legal Pad,"? 7,370.1",8,20%,"? 2,165.6"
ORD-6262,01-07-2024,08-07-2024,Second Class,CUST-1199,Rahul Subramaniam,Corporate,North,Haryana,Gurugram,Office Supplies,Labels,Barcode Labels,"? 3,512.6",4,40%,? 991.4
ORD-6531,23-09-2025,27-09-2025,Standard Class,CUST-1203,Karthik Menon,Home Office,South,Kerala,Kozhikode,Office Supplies,Binders,3-Ring Binder,"? 1,822.9",3,15%,? 220.4
ORD-6820,12-12-2025,19-12-2025,Second Class,CUST-1084,Karthik Raj,Corporate,East,Jharkhand,Ranchi,Furniture,Tables,Compact Study Table,"? 86,504.5",7,0%,"? 5,078.0"
ORD-6557,20-05-2025,23-05-2025,Second Class,CUST-1101,Priya Rao,Consumer,South,Karnataka,Mysuru,Office Supplies,Storage,Plastic Storage Box,"? 4,948.1",9,30%,"? 1,257.7"
ORD-5076,09-11-2024,13-11-2024,Same Day,CUST-1088,Anjali Nambiar,Home Office,East,Odisha,Bhubaneswar,Office Supplies,Binders,Presentation Binder,"? 2,773.7",5,0%,-? 312.0
ORD-5594,09-09-2024,12-09-2024,Same Day,CUST-1192,Suresh Sharma,Corporate,South,Karnataka,Bengaluru,Furniture,Bookcases,3-Shelf Bookcase,"? 41,953.3",7,0%,"-? 1,001.4"
ORD-5679,30-11-2025,02-12-2025,Same Day,CUST-1182,Ramesh Raj,Home Office,NORTH,Punjab,Amritsar,Office Supplies,Storage,Filing Cabinet,"? 7,806.0",9,0%,? 296.5
ORD-5192,26-06-2024,28-06-2024,Standard Class,CUST-1210,Deepa Nambiar,Consumer,West,Maharashtra,Mumbai,Furniture,Chairs,Executive Recliner,"? 40,018.7",5,20%,"? 12,221.8"
ORD-6303,12-06-2024,17-06-2024,Standard Class,CUST-1119,Kiran Verma,Corporate,North,Haryana,Gurugram,Office Supplies,Art,Whiteboard Markers,"? 7,202.4",6,0%,"-? 1,017.2"
ORD-6847,13-09-2025,18-09-2025,Standard Class,CUST-1141,Pooja Rao,Consumer,South,Andhra Pradesh,Visakhapatnam,Office Supplies,Binders,3-Ring Binder,"? 5,222.3",5,0%,? 102.0
ORD-5643,16-02-2025,19-02-2025,Second Class,CUST-1015,Kavya Gowda,Home Office,West,Gujarat,Ahmedabad,Furniture,Tables,Adjustable Laptop Table,"? 15,943.3",5,0%,"? 5,171.2"
ORD-6445,26-09-2025,27-09-2025,Standard Class,CUST-1026,Kavya Gowda,Consumer,NORTH,Uttar Pradesh,Kanpur,Office Supplies,Binders,Presentation Binder,"? 5,246.5",4,10%,-? 245.8
ORD-5265,27-12-2024,03-01-2025,First Class,CUST-1194,Pooja Reddy,Home Office,East,Jharkhand,Ranchi,Office Supplies,Envelopes,A4 Envelopes (Pack of 50),"? 7,126.8",9,0%,? 169.2
ORD-5835,10-11-2024,14-11-2024,Second Class,CUST-1029,Rahul Reddy,Home Office,East,West Bengal,Kolkata,Office Supplies,Labels,Address Label Pack,"? 3,886.5",4,20%,? 438.4
ORD-6269,08-08-2024,09-08-2024,Standard Class,CUST-1149,Ramesh Reddy,Home Office,West,Gujarat,Surat,Technology,Accessories,USB Mouse,"? 50,198.6",8,30%,"? 9,411.0"
ORD-5281,29-03-2025,05-04-2025,First Class,CUST-1110,Vijay Menon,Consumer,WEST,Maharashtra,Nagpur,Technology,Phones,Smartphone A12,"? 82,504.9",8,40%,"? 27,844.6"
ORD-5061,17-10-2024,20-10-2024,Same Day,CUST-1138,Rohit Rao,Corporate,West,Gujarat,Ahmedabad,Office Supplies,Paper,Sticky Notes Pack,"? 2,993.5",3,0%,? 14.3
ORD-5110,25-06-2025,27-06-2025,Standard Class,CUST-1008,Vikram Rao,Corporate,West,Maharashtra,Mumbai,Technology,Copiers,Multi-function Printer,"? 54,235.0",6,0%,-? 660.3
ORD-5364,28-10-2024,01-11-2024,Standard Class,CUST-1005,Arun Krishnan,Consumer,South,Andhra Pradesh,Visakhapatnam,Technology,Machines,Label Printer,"? 1,73,965.7",7,30%,"? 2,840.4"
ORD-5583,07-09-2024,14-09-2024,Same Day,CUST-1061,Vijay Nair,Corporate,South,Andhra Pradesh,Vijayawada,Office Supplies,Labels,Address Label Pack,"? 3,455.4",6,0%,? 212.0
ORD-6054,18-02-2025,25-02-2025,First Class,CUST-1110,Vijay Menon,Consumer,North,Punjab,Ludhiana,Technology,Phones,Bluetooth Headset,"? 2,08,901.6",9,40%,"? 47,880.1"
ORD-5128,28-03-2024,02-04-2024,Standard Class,CUST-1072,Meena Pillai,Home Office,North,Punjab,Ludhiana,Furniture,Tables,Conference Table 6-Seater,"? 74,200.8",6,20%,"-? 7,177.0"
ORD-6732,03-05-2025,10-05-2025,Standard Class,CUST-1002,Anitha Nair,Home Office,North,Uttar Pradesh,Noida,Office Supplies,Envelopes,A4 Envelopes (Pack of 50),"? 7,419.1",7,0%,? 645.1
ORD-5146,13-04-2025,18-04-2025,Standard Class,CUST-1199,Rahul Subramaniam,Corporate,East,West Bengal,Kolkata,Office Supplies,Labels,Barcode Labels,"? 8,884.5",8,10%,"? 3,064.2"
ORD-5124,27-02-2024,05-03-2024,Same Day,CUST-1063,Arjun Prasad,Consumer,South,Karnataka,Bengaluru,Office Supplies,Art,Highlighter Pack,"? 1,732.3",2,0%,-? 60.8
ORD-5447,25-05-2024,28-05-2024,Same Day,CUST-1183,Deepa Kumar,Home Office,SOUTH,Kerala,Kochi,Technology,Copiers,Multi-function Printer,"? 48,995.9",5,15%,"? 5,315.4"
ORD-6178,18-09-2024,21-09-2024,First Class,CUST-1206,Lakshmi Verma,Consumer,West,Maharashtra,Pune,Office Supplies,Paper,Sticky Notes Pack,"? 2,911.9",4,20%,? 797.5
ORD-6824,17-09-2024,19-09-2024,Second Class,CUST-1053,Sanjay Rao,Corporate,East,West Bengal,Kolkata,Office Supplies,Binders,Clip Binder,"? 8,132.5",6,0%,"? 1,652.9"
ORD-5926,08-08-2024,15-08-2024,Same Day,CUST-1112,Revathi Raj,Home Office,West,Gujarat,Vadodara,Technology,Phones,Cordless Landline Phone,"? 51,723.4",2,15%,"-? 4,090.3"
ORD-5860,30-06-2024,07-07-2024,Standard Class,CUST-1096,Anitha Sharma,Consumer,East,Bihar,Patna,Furniture,Bookcases,Oak Bookcase,"? 8,592.0",2,20%,? 651.8
ORD-5837,26-07-2024,29-07-2024,First Class,CUST-1190,Lakshmi Chandran,Corporate,South,Andhra Pradesh,Visakhapatnam,Office Supplies,Labels,Barcode Labels,"? 3,616.4",5,0%,-? 407.1
ORD-6848,15-03-2025,18-03-2025,First Class,CUST-1199,Rahul Subramaniam,Corporate,West,Rajasthan,Jaipur,Office Supplies,Envelopes,Courier Envelopes,"? 4,834.8",7,20%,? 191.5
ORD-5920,17-07-2025,18-07-2025,Second Class,CUST-1048,Deepa Varma,Consumer,South,Karnataka,Mangaluru,Furniture,Tables,Adjustable Laptop Table,"? 56,739.7",6,0%,"? 2,757.0"
ORD-5556,15-10-2025,18-10-2025,Same Day,CUST-1048,Deepa Varma,Consumer,SOUTH,Kerala,Kochi,Technology,Machines,Laminating Machine,"? 26,894.7",2,20%,"? 1,720.1"
ORD-6015,22-06-2024,29-06-2024,Second Class,CUST-1155,Revathi Nair,Corporate,West,Gujarat,Ahmedabad,Office Supplies,Storage,File Organizer Tray,"? 10,243.3",9,10%,"-? 1,232.4"
ORD-6310,28-03-2025,04-04-2025,Second Class,CUST-1064,Nithya Subramaniam,Corporate,East,Odisha,Bhubaneswar,Office Supplies,Envelopes,Courier Envelopes,"? 2,256.9",5,0%,? 333.8
ORD-6322,30-06-2025,04-07-2025,First Class,CUST-1144,Sneha Pillai,Home Office,West,Rajasthan,Udaipur,Office Supplies,Binders,3-Ring Binder,? 953.3,3,20%,? 12.5
ORD-6090,03-06-2025,06-06-2025,Standard Class,CUST-1184,Anjali Rao,Home Office,West,Gujarat,Vadodara,Office Supplies,Envelopes,A4 Envelopes (Pack of 50),"? 3,595.7",9,40%,"? 1,191.0"
ORD-6370,04-10-2024,07-10-2024,Same Day,CUST-1153,Sanjay Nair,Home Office,West,Rajasthan, Jaipur  ,Furniture,Furnishings,Wall Clock,"? 34,652.7",3,0%,"? 7,808.2"
ORD-5090,17-03-2025,19-03-2025,First Class,CUST-1206,Lakshmi Verma,Consumer,North,Uttar Pradesh,Noida,Office Supplies,Art,Sketch Pen Set,? 590.0,2,30%,? 60.3
ORD-6576,02-11-2025,03-11-2025,Second Class,CUST-1045,Praveen Mahesh,Consumer,West,Maharashtra,Nagpur,Technology,Phones,Cordless Landline Phone,"? 33,817.5",1,0%,"-? 4,276.6"
ORD-5736,28-05-2025,01-06-2025,Second Class,CUST-1179,Ishita Subramaniam,Corporate,East,West Bengal,Kolkata,Office Supplies,Binders,3-Ring Binder,"? 1,901.1",2,30%,? 337.7
ORD-5016,18-05-2025,19-05-2025,Same Day,CUST-1206,Lakshmi Verma,Consumer,South,Karnataka,Bengaluru,Technology,Machines,Laser Printer,"? 97,818.8",4,30%,"? 7,361.6"
ORD-5143,30-04-2024,02-05-2024,Second Class,CUST-1123,Sneha Nambiar,Home Office,North,Delhi,New Delhi,Office Supplies,Paper,Legal Pad,"? 6,375.5",7,0%,? 595.1
ORD-6073,05-06-2025,08-06-2025,Standard Class,CUST-1188,Sathish Iyer,Home Office,South,Tamil Nadu,Coimbatore,Office Supplies,Paper,A4 Copy Paper (500 sheets),"? 8,180.5",7,30%,-? 971.0
ORD-5069,22-03-2024,23-03-2024,Same Day,CUST-1190,Lakshmi Chandran,Corporate,North,Punjab,Ludhiana,Office Supplies,Envelopes,Courier Envelopes,? 446.8,1,10%,? 26.8
ORD-5437,31-10-2024,02-11-2024,First Class,CUST-1158,Vijay Verma,Home Office,West,Gujarat,Vadodara,Office Supplies,Envelopes,Courier Envelopes,"? 3,098.3",8,40%,? 676.9
ORD-6306,11-11-2025,13-11-2025,Standard Class,CUST-1047,Suresh Reddy,Home Office,South,Andhra Pradesh,Visakhapatnam,Furniture,Bookcases,Metal Bookrack,"? 19,092.4",2,10%,-? 909.2
ORD-6510,29-03-2024,03-04-2024,Second Class,CUST-1194,Pooja Reddy,Home Office,West,Maharashtra,Mumbai,Office Supplies,Labels,Address Label Pack,"? 6,342.6",8,0%,-? 349.2
ORD-6786,05-08-2024,08-08-2024,Standard Class,CUST-1007,Arun Rao,Consumer,North,Haryana,Faridabad,Office Supplies,Art,Whiteboard Markers,"? 6,614.3",8,0%,? 359.1
ORD-6801,01-03-2024,06-03-2024,First Class,CUST-1125,Vijay Subramaniam,Consumer,South,Tamil Nadu,Chennai,Office Supplies,Storage,File Organizer Tray,"? 5,734.8",9,0%,-? 165.8
ORD-5314,07-12-2024,11-12-2024,First Class,CUST-1046,Arjun Raj,Consumer,East,Odisha,Bhubaneswar,Office Supplies,Storage,Filing Cabinet,"? 3,307.9",9,15%,? 846.6
ORD-5310,25-04-2024,02-05-2024,Second Class,CUST-1167,Kiran Raj,Corporate,South,Karnataka,Mangaluru,Technology,Machines,Laser Printer,"? 88,212.6",8,0%,"? 1,406.0"
ORD-5044,03-03-2024,07-03-2024,First Class,CUST-1165,Ishita Verma,Corporate,East,Jharkhand,Ranchi,Office Supplies,Art,Sketch Pen Set,"? 1,462.0",3,15%,? 237.1
ORD-6680,13-09-2025,16-09-2025,First Class,CUST-1176,Meena Nambiar,Corporate,East,Odisha,Bhubaneswar,Office Supplies,Storage,Filing Cabinet,"? 4,336.7",4,0%,-? 83.4
ORD-5928,05-03-2024,12-03-2024,Standard Class,CUST-1004,Ganesh Chandran,Consumer,West,Maharashtra,Mumbai,Office Supplies,Art,Sketch Pen Set,"? 2,014.3",3,0%,? 278.7
ORD-6586,05-12-2024,10-12-2024,First Class,CUST-1165,Ishita Verma,Corporate,North,Uttar Pradesh,Kanpur,Furniture,Tables,Compact Study Table,"? 24,845.1",6,0%,"? 3,105.5"
ORD-6197,17-04-2024,22-04-2024,First Class,CUST-1216,Priya Rao,Consumer,North,Uttar Pradesh,Noida,Office Supplies,Binders,Clip Binder,"? 2,335.4",3,0%,? 635.9
ORD-5621,11-07-2024,16-07-2024,First Class,CUST-1015,Kavya Gowda,Home Office,West,Rajasthan,Jaipur,Office Supplies,Binders,Presentation Binder,? 863.1,1,0%,? 6.3
ORD-6501,13-02-2025,18-02-2025,First Class,CUST-1009,Anitha Balan,Home Office,East,Jharkhand,Ranchi,Office Supplies,Storage,Filing Cabinet,? 651.8,3,0%,? 72.8
ORD-5428,23-07-2024,27-07-2024,Same Day,CUST-1123,Sneha Nambiar,Home Office,East,Bihar,Patna,Office Supplies,Labels,Address Label Pack,"? 2,525.6",3,40%,-? 109.9
ORD-5859,02-05-2024,05-05-2024,First Class,CUST-1097,Revathi Balan,Consumer,South,Tamil Nadu,Trichy,Office Supplies,Envelopes,Courier Envelopes,"? 3,580.1",6,0%,-? 365.4
ORD-6664,03-05-2025,08-05-2025,Same Day,CUST-1098,Deepa Reddy,Corporate,South,Andhra Pradesh,Vijayawada,Technology,Phones,Smartphone A12,"? 31,178.5",8,40%,"-? 4,302.0"
ORD-6630,01-03-2024,02-03-2024,Standard Class,CUST-1049,Manoj Naidu,Home Office,North,Haryana,Gurugram,Technology,Phones,Cordless Landline Phone,"? 52,530.4",2,15%,"? 16,447.9"
ORD-6570,30-07-2025,02-08-2025,Standard Class,CUST-1036,Vijay Nambiar,Home Office,East,West Bengal,Howrah,Technology,Accessories,Mechanical Keyboard,"? 40,576.5",2,40%,"? 6,587.1"
ORD-6841,25-03-2024,01-04-2024,First Class,CUST-1210,Deepa Nambiar,Consumer,South,Kerala,Kochi,Technology,Accessories,Laptop Sleeve,"? 1,05,510.1",4,40%,"? 23,621.1"
ORD-6651,17-10-2025,22-10-2025,Second Class,CUST-1111,Priya Nambiar,Home Office,East,Bihar,Patna,Office Supplies,Art,Sketch Pen Set,"? 6,598.0",5,0%,-? 196.7
ORD-6166,21-02-2024,24-02-2024,First Class,CUST-1118,Nithya Krishnan,Home Office,East,Bihar,Patna,Furniture,Bookcases,Oak Bookcase,"? 49,897.9",6,0%,"? 6,766.4"
ORD-6283,13-07-2024,16-07-2024,Second Class,CUST-1149,Ramesh Reddy,Home Office,North,Haryana,Gurugram,Office Supplies,Art,Sketch Pen Set,"? 4,370.3",5,20%,? 551.9
ORD-5577,08-03-2024,11-03-2024,Standard Class,CUST-1148,Arjun Nair,Home Office,South,Kerala,Thiruvananthapuram,Technology,Accessories,Mechanical Keyboard,"? 1,24,823.8",4,30%,"? 40,679.0"
ORD-6109,12-05-2024,15-05-2024,Standard Class,CUST-1123,Sneha Nambiar,Home Office,West,Gujarat,Surat,Office Supplies,Binders,Presentation Binder,"? 2,455.6",2,0%,-? 134.5
ORD-5253,10-06-2024,13-06-2024,Second Class,CUST-1083,Karthik Raj,Consumer,South,Karnataka,Mysuru,Technology,Phones,Cordless Landline Phone,"? 1,46,176.0",7,0%,"-? 4,117.0"
ORD-6044,25-11-2024,28-11-2024,Same Day,CUST-1021,Vijay Krishnan,Consumer,South,Kerala,Thiruvananthapuram,Technology,Copiers,Desktop Copier,"? 1,13,440.8",7,10%,"-? 3,381.1"
ORD-5074,19-10-2024,22-10-2024,Same Day,CUST-1206,Lakshmi Verma,Consumer,South,Kerala,Thiruvananthapuram,Furniture,Bookcases,Oak Bookcase,"? 1,06,223.4",7,20%,"? 35,782.6"
ORD-5574,30-08-2024,31-08-2024,First Class,CUST-1189,Sanjay Menon,Home Office,West,Maharashtra,Pune,Technology,Accessories,Mechanical Keyboard,"? 35,183.6",3,30%,"-? 3,969.4"
ORD-5717,04-03-2025,06-03-2025,Second Class,CUST-1078,Sanjay Prasad,Corporate,West,Rajasthan,Jaipur,Technology,Copiers,Desktop Copier,"? 24,568.5",2,0%,"? 1,332.9"
ORD-6690,18-09-2024,21-09-2024,Standard Class,CUST-1086,Ramesh Mahesh,Consumer,South,Kerala,Kozhikode,Office Supplies,Paper,Sticky Notes Pack,"? 5,572.5",7,0%,"? 1,862.0"
ORD-5858,30-12-2025,02-01-2026,Same Day,CUST-1085,Karthik Prasad,Consumer,South,Tamil Nadu,Chennai,Office Supplies,Envelopes,A4 Envelopes (Pack of 50),"? 1,209.7",3,0%,-? 163.6
ORD-6742,22-08-2024,27-08-2024,Same Day,CUST-1146,Karthik Chandran,Corporate,WEST,Maharashtra,Mumbai,Office Supplies,Paper,Sticky Notes Pack,? 528.9,4,40%,? 35.7
ORD-5086,09-05-2025,11-05-2025,First Class,CUST-1025,Rahul Gowda,Consumer,East,Bihar,Patna,Furniture,Chairs,Ergo Mesh Office Chair,"? 24,210.8",3,20%,"? 6,797.0"
ORD-5372,14-03-2024,15-03-2024,Standard Class,CUST-1096,Anitha Sharma,Consumer,WEST,Gujarat,Vadodara,Furniture,Chairs,Ergo Mesh Office Chair,"? 12,397.6",1,15%,"? 3,228.0"
ORD-6224,27-11-2024,02-12-2024,Second Class,CUST-1071,Sneha Mahesh,Home Office,WEST,Maharashtra,Mumbai,Office Supplies,Labels,Barcode Labels,"? 2,246.1",4,30%,? 416.7
ORD-5267,04-07-2025,09-07-2025,Standard Class,CUST-1044,Kavya Verma,Consumer,North,Haryana,Faridabad,Office Supplies,Paper,Sticky Notes Pack,? 624.7,1,40%,-? 57.4
ORD-5418,11-05-2025,16-05-2025,Same Day,CUST-1033,Sneha Subramaniam,Consumer,North,Punjab,Amritsar,Furniture,Bookcases,Oak Bookcase,"? 19,108.4",2,0%,"? 5,066.7"
ORD-5745,24-05-2024,27-05-2024,Same Day,CUST-1169,Kavya Menon,Consumer,West,Rajasthan,Udaipur,Office Supplies,Storage,Filing Cabinet,"? 4,220.6",3,0%,? 473.5
ORD-6739,12-09-2025,17-09-2025,Second Class,CUST-1013,Arjun Subramaniam,Consumer,South,Tamil Nadu,Madurai,Office Supplies,Binders,Presentation Binder,"? 3,647.3",9,10%,? 632.6
ORD-5393,02-11-2025,09-11-2025,First Class,CUST-1102,Karthik Verma,Consumer,North,Haryana,Faridabad,Office Supplies,Labels,Address Label Pack,"? 1,715.9",4,40%,? 61.7
ORD-6832,14-08-2024,16-08-2024,Second Class,CUST-1039,Naveen Nair,Corporate,EAST,Jharkhand,Ranchi,Technology,Machines,Laminating Machine,"? 1,45,577.5",7,20%,"? 5,822.9"
ORD-6040,25-03-2024,01-04-2024,First Class,CUST-1179,Ishita Subramaniam,Corporate,West,Gujarat,Ahmedabad,Office Supplies,Labels,Barcode Labels,? 961.0,1,0%,? 330.8
ORD-6140,16-02-2025,20-02-2025,Standard Class,CUST-1058,Arjun Reddy,Home Office,East,West Bengal,Howrah,Technology,Phones,Smartphone A12,"? 1,66,429.9",8,0%,"? 51,088.1"
ORD-5897,08-10-2025,11-10-2025,Second Class,CUST-1192,Suresh Sharma,Corporate,South,Tamil Nadu,Chennai,Office Supplies,Paper,Legal Pad,? 621.9,2,0%,? 41.4
ORD-6328,02-01-2025,07-01-2025,Same Day,CUST-1026,Kavya Gowda,Consumer,South,Karnataka,Bengaluru,Office Supplies,Labels,Address Label Pack,"? 5,890.7",5,10%,? 939.1
ORD-5606,09-09-2025,10-09-2025,Standard Class,CUST-1165,Ishita Verma,Corporate,East,Jharkhand,Ranchi,Furniture,Chairs,Executive Recliner,"? 84,512.9",5,0%,"? 26,984.9"
ORD-6785,07-09-2025,08-09-2025,Same Day,CUST-1118,Nithya Krishnan,Home Office,East,Jharkhand,Ranchi,Furniture,Furnishings,Desk Lamp,"? 84,134.4",6,15%,"-? 6,883.3"
ORD-5958,04-07-2024,05-07-2024,Standard Class,CUST-1171,Vijay Naidu,Corporate,North,Delhi,New Delhi,Technology,Machines,Laser Printer,"? 1,87,020.6",7,10%,"-? 24,318.5"
ORD-6412,01-12-2025,08-12-2025,Same Day,CUST-1169,Kavya Menon,Consumer,South,Kerala,Kochi,Office Supplies,Storage,File Organizer Tray,? 804.9,1,0%,-? 89.7
ORD-6096,30-11-2025,05-12-2025,First Class,CUST-1038,Swathi Naidu,Home Office,North,Haryana,Gurugram,Technology,Accessories,USB Mouse,"? 19,478.6",6,0%,"? 2,269.7"
ORD-5244,17-07-2024,18-07-2024,Second Class,CUST-1015,Kavya Gowda,Home Office,West,Rajasthan,Jaipur,Technology,Copiers,Desktop Copier,"? 29,237.6",8,20%,? 835.3
ORD-6456,27-08-2025,29-08-2025,Same Day,CUST-1143,Vijay Subramaniam,Consumer,South,Kerala,Kozhikode,Office Supplies,Binders,Clip Binder,"? 2,320.3",4,10%,? 530.8
ORD-6426,24-05-2024,25-05-2024,Same Day,CUST-1198,Ishita Nambiar,Home Office,North,Delhi,New Delhi,Furniture,Furnishings,Desk Lamp,"? 14,889.2",7,15%,"? 3,385.1"
ORD-6011,01-12-2024,03-12-2024,Second Class,CUST-1176,Meena Nambiar,Corporate,South,Karnataka,Mangaluru,Office Supplies,Binders,Clip Binder,"? 8,777.8",6,0%,-? 515.2
ORD-6475,23-04-2025,25-04-2025,Second Class,CUST-1117,Kiran Reddy,Consumer,East,Odisha,Bhubaneswar,Office Supplies,Binders,Clip Binder,"? 7,968.7",6,0%,"? 2,543.5"
ORD-5730,26-10-2024,02-11-2024,First Class,CUST-1196,Revathi Kumar,Corporate,East,Jharkhand,Ranchi,Office Supplies,Labels,Barcode Labels,"? 1,636.4",5,30%,? 547.7
ORD-6656,12-05-2025,15-05-2025,Second Class,CUST-1144,Sneha Pillai,Home Office,West,Rajasthan,Jaipur,Technology,Phones,Cordless Landline Phone,"? 97,507.8",3,0%,"? 2,885.4"
ORD-5871,28-09-2025,05-10-2025,Second Class,CUST-1197,Lakshmi Sharma,Corporate,North,Haryana,Faridabad,Office Supplies,Envelopes,Courier Envelopes,? 367.2,7,15%,? 99.6
ORD-6561,19-02-2024,24-02-2024,Same Day,CUST-1176,Meena Nambiar,Corporate,West,Maharashtra,Nagpur,Technology,Machines,Laminating Machine,"? 1,43,180.3",7,0%,"? 37,489.8"
ORD-6371,29-01-2024,03-02-2024,Standard Class,CUST-1056,Naveen Kumar,Home Office,East,Odisha,Bhubaneswar,Technology,Copiers,Desktop Copier,"? 1,73,595.1",5,0%,"-? 9,936.4"
ORD-5145,22-02-2025,01-03-2025,Second Class,CUST-1209,Kiran Krishnan,Corporate,East,Jharkhand,Ranchi,Office Supplies,Binders,Presentation Binder,"? 5,583.0",5,10%,? 663.3
ORD-5419,25-11-2025,26-11-2025,Second Class,CUST-1021,Vijay Krishnan,Consumer,West,Gujarat,Vadodara,Office Supplies,Paper,Sticky Notes Pack,"? 1,430.7",9,40%,? 352.5
ORD-6567,12-09-2025,15-09-2025,First Class,CUST-1085,Karthik Prasad,Consumer,East,Bihar,Patna,Office Supplies,Paper,A4 Copy Paper (500 sheets),"? 2,526.2",7,0%,? 551.8
ORD-5825,15-06-2025,17-06-2025,Same Day,CUST-1046,Arjun Raj,Consumer,West,Rajasthan,Udaipur,Technology,Phones,Bluetooth Headset,"? 1,27,233.6",6,30%,"? 33,287.5"
ORD-6254,02-05-2024,06-05-2024,Standard Class,CUST-1035,Manoj Pillai,Consumer,South,Kerala,Kochi,Technology,Phones,Smartphone A12,"? 38,984.6",2,40%,"? 13,517.0"
ORD-6242,17-05-2024,24-05-2024,Second Class,CUST-1146,Karthik Chandran,Corporate,North,Haryana,Gurugram,Technology,Phones,Cordless Landline Phone,"? 37,982.4",4,0%,"? 9,664.9"
ORD-5189,23-06-2024,30-06-2024,Same Day,CUST-1058,Arjun Reddy,Home Office,North,Delhi,New Delhi,Technology,Machines,Label Printer,"? 78,973.3",9,30%,"-? 4,545.7"
ORD-5880,05-04-2025,12-04-2025,First Class,CUST-1046,Arjun Raj,Consumer,West,Rajasthan,Udaipur,Office Supplies,Storage,File Organizer Tray,"? 11,694.8",9,20%,-? 445.3
ORD-6089,28-08-2024,01-09-2024,First Class,CUST-1146,Karthik Chandran,Corporate,North,Delhi,New Delhi,Furniture,Chairs,Wooden Study Chair,"? 53,190.9",4,30%,"? 17,952.2"
ORD-5507,15-08-2025,20-08-2025,Same Day,CUST-1213,Rahul Kumar,Consumer,North,Uttar Pradesh,Noida,Office Supplies,Binders,Clip Binder,"? 1,328.3",1,10%,? 261.2
ORD-6279,29-05-2024,31-05-2024,Second Class,CUST-1042,Pooja Nambiar,Corporate,South,Kerala,Kozhikode,Office Supplies,Labels,Barcode Labels,"? 3,086.0",9,15%,-? 309.0
ORD-5660,20-08-2025,24-08-2025,First Class,CUST-1200,Naveen Balan,Home Office,South,Karnataka,Mysuru,Technology,Copiers,Multi-function Printer,"? 61,938.3",8,40%,"? 20,946.0"
ORD-5582,10-03-2025,17-03-2025,First Class,CUST-1199,Rahul Subramaniam,Corporate,West,Gujarat,Surat,Office Supplies,Envelopes,A4 Envelopes (Pack of 50),? 855.2,1,30%,? 172.2
ORD-5175,30-11-2025,04-12-2025,Same Day,CUST-1181,Manoj Nambiar,Consumer,West,Gujarat,Ahmedabad,Technology,Machines,Label Printer,"? 82,843.1",4,15%,"? 8,238.4"
ORD-5551,21-12-2025,23-12-2025,Same Day,CUST-1020,Nithya Gowda,Home Office,West,Gujarat,Ahmedabad,Office Supplies,Binders,Clip Binder,"? 1,019.5",3,10%,-? 20.7
ORD-5214,09-11-2025,14-11-2025,Second Class,CUST-1204,Sneha Varma,Corporate,North,Punjab,Amritsar,Technology,Phones,Bluetooth Headset,"? 7,802.8",2,40%,-? 395.4
ORD-5334,15-12-2024,19-12-2024,Same Day,CUST-1024,Manoj Pillai,Corporate,South,Karnataka,Bengaluru,Office Supplies,Storage,File Organizer Tray,"? 1,934.5",3,40%,-? 139.9
ORD-5956,18-01-2025,20-01-2025,Second Class,CUST-1035,Manoj Pillai,Consumer,East,Jharkhand,Ranchi,Technology,Copiers,Multi-function Printer,"? 58,683.5",7,30%,"-? 8,706.7"
ORD-6201,02-01-2024,07-01-2024,Same Day,CUST-1186,Deepa Krishnan,Home Office,West,Gujarat,Ahmedabad,Technology,Phones,Cordless Landline Phone,"? 1,79,627.7",6,10%,"? 58,109.9"
ORD-5081,04-05-2024,06-05-2024,Same Day,CUST-1136,Lakshmi Varma,Home Office,West,Maharashtra,Pune,Furniture,Bookcases,Oak Bookcase,"? 29,403.0",2,0%,? 136.6
ORD-5289,25-01-2025,26-01-2025,First Class,CUST-1053,Sanjay Rao,Corporate,South,Karnataka,Mysuru,Technology,Copiers,Desktop Copier,"? 31,813.7",2,10%,"? 2,749.1"
ORD-6397,25-01-2024,26-01-2024,Second Class,CUST-1174,Sneha Rao,Corporate,South,Karnataka,Mangaluru,Office Supplies,Paper,Sticky Notes Pack,? 497.6,3,10%,? 170.1
ORD-5727,24-12-2025,31-12-2025,Same Day,CUST-1120,Divya Nambiar,Consumer,North,Delhi,New Delhi,Furniture,Bookcases,3-Shelf Bookcase,"? 15,336.0",1,0%,-? 414.7
ORD-5997,28-05-2025,30-05-2025,Standard Class,CUST-1127,Sneha Menon,Corporate,West,Maharashtra,Pune,Office Supplies,Envelopes,Courier Envelopes,"? 4,873.2",4,30%,"? 1,144.5"
ORD-6276,02-07-2024,05-07-2024,First Class,CUST-1190,Lakshmi Chandran,Corporate,North,Delhi,New Delhi,Office Supplies,Art,Whiteboard Markers,"? 1,246.0",2,20%,? 195.7
ORD-5586,13-04-2024,17-04-2024,First Class,CUST-1084,Karthik Raj,Corporate,East,Odisha,Bhubaneswar,Office Supplies,Paper,Sticky Notes Pack,"? 3,645.4",5,10%,? 311.1
ORD-6604,24-02-2024,28-02-2024,Second Class,CUST-1155,Revathi Nair,Corporate,South,Karnataka,Mysuru,Technology,Accessories,Mechanical Keyboard,"? 66,719.6",5,0%,"? 13,568.4"
ORD-6727,13-11-2025,20-11-2025,Standard Class,CUST-1030,Pooja Verma,Consumer,South,Karnataka,Mangaluru,Technology,Phones,Cordless Landline Phone,"? 75,691.0",6,0%,"? 14,252.0"
ORD-6652,13-09-2024,15-09-2024,Same Day,CUST-1192,Suresh Sharma,Corporate,West,Gujarat,Vadodara,Furniture,Chairs,Wooden Study Chair,"? 14,349.7",6,20%,-? 383.1
ORD-6495,10-01-2024,12-01-2024,First Class,CUST-1051,Revathi Kumar,Home Office,North,Haryana,Faridabad,Technology,Phones,Smartphone A12,"? 45,798.9",3,15%,"-? 1,321.7"
ORD-6259,23-07-2024,27-07-2024,Second Class,CUST-1197,Lakshmi Sharma,Corporate,South,Tamil Nadu,Chennai,Office Supplies,Paper,Sticky Notes Pack,"? 8,567.8",9,10%,"? 2,540.1"
ORD-5410,17-03-2025,18-03-2025,Second Class,CUST-1006,Anitha Prasad,Home Office,West,Maharashtra,Mumbai,Technology,Phones,Cordless Landline Phone,"? 2,785.5",1,0%,? 671.8
ORD-6195,18-11-2025,25-11-2025,Same Day,CUST-1161,Pooja Nair,Consumer,West,Gujarat,Surat,Office Supplies,Paper,A4 Copy Paper (500 sheets),"? 9,202.9",9,0%,-? 90.5
ORD-5841,05-10-2024,06-10-2024,Standard Class,CUST-1171,Vijay Naidu,Corporate,East,Bihar,Patna,Office Supplies,Art,Highlighter Pack,"? 8,222.6",8,15%,-? 309.9
ORD-5019,11-03-2025,12-03-2025,First Class,CUST-1035,Manoj Pillai,Consumer,West,Rajasthan,Jaipur,Technology,Accessories,USB Mouse,"? 92,527.7",5,40%,"-? 8,126.1"
ORD-6626,31-03-2024,07-04-2024,First Class,CUST-1005,Arun Krishnan,Consumer,South,Tamil Nadu,Trichy,Office Supplies,Paper,A4 Copy Paper (500 sheets),? 739.9,2,30%,-? 107.1
ORD-6778,16-07-2024,20-07-2024,Standard Class,CUST-1113,Sathish Raj,Consumer,South,Kerala,Thiruvananthapuram,Technology,Accessories,Laptop Sleeve,"? 24,111.0",1,0%,"? 1,031.3"
ORD-6226,03-04-2024,06-04-2024,Standard Class,CUST-1080,Karthik Subramaniam,Consumer,West,Maharashtra,Nagpur,Technology,Phones,Smartphone A12,"? 18,913.7",3,0%,? 497.2
ORD-6017,02-01-2024,03-01-2024,Second Class,CUST-1191,Manoj Menon,Home Office,East,Odisha,Bhubaneswar,Office Supplies,Labels,Address Label Pack,"? 3,548.4",4,0%,? 729.3
ORD-5617,24-06-2025,01-07-2025,Standard Class,CUST-1148,Arjun Nair,Home Office,North,Haryana,Faridabad,Office Supplies,Art,Highlighter Pack,? 458.7,1,0%,? 46.6
ORD-6428,15-03-2024,18-03-2024,Same Day,CUST-1155,Revathi Nair,Corporate,North,Haryana,Gurugram,Office Supplies,Paper,Legal Pad,"? 3,431.3",9,30%,"? 1,168.8"
ORD-5667,27-04-2024,28-04-2024,First Class,CUST-1150,Naveen Rao,Home Office,South,Kerala,Kochi,Furniture,Chairs,Wooden Study Chair,"? 31,879.4",7,30%,"-? 3,167.2"
ORD-6465,12-05-2024,16-05-2024,Second Class,CUST-1183,Deepa Kumar,Home Office,NORTH,Punjab,Amritsar,Furniture,Bookcases,3-Shelf Bookcase,"? 65,366.3",8,30%,"? 11,734.4"
ORD-5538,12-11-2024,14-11-2024,Same Day,CUST-1126,Ramesh Naidu,Consumer,East,Odisha,Bhubaneswar,Furniture,Bookcases,Oak Bookcase,"? 5,997.6",1,10%,"? 1,869.5"
ORD-6479,24-03-2024,29-03-2024,Second Class,CUST-1024,Manoj Pillai,Corporate,South,Andhra Pradesh,Visakhapatnam,Office Supplies,Labels,Barcode Labels,"? 9,468.6",8,10%,"? 1,290.8"
ORD-5787,04-03-2025,09-03-2025,First Class,CUST-1113,Sathish Raj,Consumer,North,Uttar Pradesh,Noida,Office Supplies,Envelopes,Courier Envelopes,"? 5,035.6",7,40%,"? 1,150.2"
ORD-6012,19-08-2025,20-08-2025,First Class,CUST-1119,Kiran Verma,Corporate,West,Maharashtra,Pune,Office Supplies,Labels,Address Label Pack,"? 7,232.2",9,15%,"? 2,192.5"
ORD-5698,20-12-2024,21-12-2024,Second Class,CUST-1159,Divya Gowda,Home Office,East,West Bengal,Howrah,Technology,Machines,Laminating Machine,"? 98,347.4",6,30%,"? 8,732.9"
ORD-5959,11-01-2024,12-01-2024,Second Class,CUST-1107,Lakshmi Chandran,Home Office,North,Uttar Pradesh,Noida,Office Supplies,Paper,A4 Copy Paper (500 sheets),"? 7,386.4",9,20%,"? 1,997.2"
ORD-5535,13-01-2024,17-01-2024,Same Day,CUST-1118,Nithya Krishnan,Home Office,West,Gujarat,Ahmedabad,Furniture,Bookcases,Metal Bookrack,"? 78,092.0",7,15%,"? 18,255.8"
ORD-5054,22-03-2025,23-03-2025,Same Day,CUST-1074,Vijay Rao,Home Office,East,West Bengal,Howrah,Office Supplies,Labels,Barcode Labels,? 610.8,1,20%,-? 39.1
ORD-5501,01-09-2024,04-09-2024,Standard Class,CUST-1056,Naveen Kumar,Home Office,South,Kerala, Kozhikode  ,Technology,Phones,Bluetooth Headset,"? 44,149.1",2,0%,"? 14,889.8"
ORD-6361,19-03-2024,20-03-2024,First Class,CUST-1180,Nithya Prasad,Consumer,South,Andhra Pradesh,Visakhapatnam,Office Supplies,Paper,Sticky Notes Pack,"? 8,252.5",7,15%,"-? 1,061.1"
ORD-5869,07-08-2024,08-08-2024,Second Class,CUST-1111,Priya Nambiar,Home Office,East,Odisha,Bhubaneswar,Office Supplies,Binders,Presentation Binder,? 341.8,1,0%,? 106.3
ORD-6268,02-06-2024,05-06-2024,Same Day,CUST-1175,Arun Iyer,Corporate,South,Karnataka,Mangaluru,Office Supplies,Envelopes,Courier Envelopes,"? 6,884.3",8,30%,-? 907.6
ORD-5377,04-10-2025,07-10-2025,Second Class,CUST-1199,Rahul Subramaniam,Corporate,North,Haryana,Gurugram,Office Supplies,Paper,A4 Copy Paper (500 sheets),"? 12,799.2",9,10%,"? 1,050.9"
ORD-6843,11-05-2025,14-05-2025,Second Class,CUST-1028,Anjali Krishnan,Home Office,East,Odisha,Bhubaneswar,Furniture,Bookcases,Metal Bookrack,"? 23,321.7",5,0%,"-? 2,249.5"
ORD-6059,08-10-2024,11-10-2024,Standard Class,CUST-1063,Arjun Prasad,Consumer,NORTH,Haryana,Gurugram,Furniture,Chairs,Executive Recliner,"? 1,12,473.8",9,30%,"? 36,029.2"
ORD-5339,15-04-2025,19-04-2025,First Class,CUST-1179,Ishita Subramaniam,Corporate,South,Tamil Nadu,Madurai,Technology,Phones,Cordless Landline Phone,"? 92,299.7",5,0%,"? 12,809.3"
ORD-5490,22-07-2025,26-07-2025,Same Day,CUST-1133,Sanjay Verma,Corporate,South,Tamil Nadu,Trichy,Technology,Machines,Laminating Machine,"? 2,49,873.7",8,15%,"? 37,214.7"
ORD-6487,22-04-2025,29-04-2025,Standard Class,CUST-1049,Manoj Naidu,Home Office,South,Andhra Pradesh,Visakhapatnam,Office Supplies,Binders,Clip Binder,"? 5,730.5",4,0%,? 125.3
ORD-5411,24-08-2025,26-08-2025,Standard Class,CUST-1200,Naveen Balan,Home Office,West,Rajasthan,Udaipur,Furniture,Tables,Adjustable Laptop Table,"? 49,536.9",3,10%,"? 5,075.3"
ORD-5518,10-07-2025,13-07-2025,Second Class,CUST-1136,Lakshmi Varma,Home Office,South,Kerala,Thiruvananthapuram,Technology,Copiers,Multi-function Printer,"? 8,192.1",9,0%,"? 2,316.2"
ORD-5293,25-03-2025,01-04-2025,Same Day,CUST-1140,Ramesh Iyer,Consumer,West,Maharashtra,Nagpur,Office Supplies,Envelopes,A4 Envelopes (Pack of 50),? 839.3,9,0%,? 101.9
ORD-5783,25-07-2025,26-07-2025,Standard Class,CUST-1004,Ganesh Chandran,Consumer,North,Uttar Pradesh,Noida,Office Supplies,Art,Sketch Pen Set,"? 3,068.9",3,30%,-? 68.0
ORD-5773,02-11-2025,06-11-2025,First Class,CUST-1095,Manoj Subramaniam,Consumer,South,Karnataka,Mysuru,Furniture,Furnishings,Wall Clock,"? 56,303.3",7,30%,"? 13,269.6"
ORD-5084,20-07-2024,27-07-2024,Standard Class,CUST-1024,Manoj Pillai,Corporate,North,Punjab,Amritsar,Office Supplies,Binders,Presentation Binder,"? 2,549.4",3,20%,? 691.6
ORD-5506,28-02-2024,01-03-2024,First Class,CUST-1198,Ishita Nambiar,Home Office,South,Andhra Pradesh,Visakhapatnam,Office Supplies,Paper,Legal Pad,"? 8,352.9",8,40%,"? 1,251.9"
ORD-6542,31-10-2024,04-11-2024,Same Day,CUST-1007,Arun Rao,Consumer,South,Karnataka,Mangaluru,Furniture,Furnishings,Office Cushion,"? 70,377.6",5,20%,"-? 6,093.4"
ORD-5283,06-07-2025,08-07-2025,Standard Class,CUST-1107,Lakshmi Chandran,Home Office,South,Andhra Pradesh,Visakhapatnam,Office Supplies,Storage,Plastic Storage Box,? 113.2,3,20%,-? 0.8
ORD-6519,18-03-2025,22-03-2025,Standard Class,CUST-1147,Priya Kumar,Corporate,South,Andhra Pradesh,Vijayawada,Office Supplies,Binders,Presentation Binder,"? 7,866.6",9,15%,"? 2,224.9"
ORD-5456,24-10-2024,28-10-2024,Standard Class,CUST-1031,Naveen Naidu,Corporate,East,West Bengal,Howrah,Office Supplies,Paper,Legal Pad,"? 6,343.2",5,0%,? 796.1
ORD-5817,10-10-2024,14-10-2024,First Class,CUST-1162,Kiran Reddy,Consumer,East,Odisha,Bhubaneswar,Furniture,Bookcases,Oak Bookcase,"? 70,459.2",7,0%,"? 3,574.6"
ORD-6645,09-05-2024,14-05-2024,Second Class,CUST-1110,Vijay Menon,Consumer,South,Kerala,Thiruvananthapuram,Office Supplies,Art,Whiteboard Markers,"? 1,330.3",1,0%,-? 143.0
ORD-6818,10-11-2025,13-11-2025,Second Class,CUST-1001,Pooja Pillai,Consumer,North,Haryana,Faridabad,Technology,Copiers,Desktop Copier,"? 1,72,922.0",5,0%,"? 41,768.0"
ORD-6612,02-10-2025,04-10-2025,Same Day,CUST-1077,Rahul Gowda,Corporate,North,Uttar Pradesh,Lucknow,Office Supplies,Paper,Sticky Notes Pack,"? 3,195.8",3,30%,"? 1,089.5"
ORD-6666,24-10-2025,29-10-2025,Second Class,CUST-1061,Vijay Nair,Corporate,North,Haryana,Gurugram,Technology,Phones,Smartphone A12,"? 11,249.1",1,0%,"-? 1,524.7"
ORD-5684,05-06-2024,10-06-2024,Second Class,CUST-1056,Naveen Kumar,Home Office,South,Tamil Nadu,Coimbatore,Office Supplies,Art,Sketch Pen Set,"? 1,314.0",2,15%,? 68.7
ORD-5100,03-05-2025,10-05-2025,Second Class,CUST-1077,Rahul Gowda,Corporate,West,Gujarat,Surat,Office Supplies,Binders,3-Ring Binder,? 379.0,1,0%,? 22.3
ORD-5453,02-09-2024,06-09-2024,First Class,CUST-1004,Ganesh Chandran,Consumer,South,Tamil Nadu,Coimbatore,Furniture,Furnishings,Office Cushion,"? 53,118.7",5,40%,"? 13,308.9"
ORD-5864,16-07-2024,21-07-2024,Same Day,CUST-1075,Vikram Sharma,Home Office,West,Rajasthan,Udaipur,Technology,Copiers,Multi-function Printer,"? 10,371.9",4,20%,-? 822.6
ORD-5321,09-09-2024,13-09-2024,Standard Class,CUST-1129,Naveen Varma,Home Office,EAST,West Bengal,Howrah,Office Supplies,Art,Highlighter Pack,? 875.0,1,0%,? 66.3
ORD-5431,20-04-2025,24-04-2025,Standard Class,CUST-1012,Ramesh Nair,Consumer,East,Jharkhand,Ranchi,Office Supplies,Storage,Plastic Storage Box,"? 10,736.3",9,0%,"? 1,848.2"
ORD-5333,24-12-2024,29-12-2024,First Class,CUST-1207,Suresh Kumar,Consumer,West,Maharashtra,Nagpur,Office Supplies,Storage,Filing Cabinet,"? 2,936.1",6,0%,-? 273.3
ORD-5914,02-04-2025,09-04-2025,First Class,CUST-1028,Anjali Krishnan,Home Office,East,Odisha,Bhubaneswar,Technology,Phones,Cordless Landline Phone,"? 1,07,128.6",5,0%,"? 15,345.1"
ORD-5467,16-03-2025,17-03-2025,Standard Class,CUST-1117,Kiran Reddy,Consumer,West,Maharashtra,Nagpur,Office Supplies,Storage,Filing Cabinet,"? 9,998.4",9,15%,"? 2,981.1"
ORD-6363,23-11-2025,26-11-2025,Standard Class,CUST-1135,Rohit Rao,Home Office,East,West Bengal,Kolkata,Office Supplies,Paper,A4 Copy Paper (500 sheets),"? 6,404.2",8,30%,-? 127.7
ORD-6074,29-04-2024,03-05-2024,First Class,CUST-1205,Karthik Verma,Home Office,West,Maharashtra,Mumbai,Office Supplies,Labels,Barcode Labels,"? 2,260.5",2,30%,? 257.5
ORD-5209,21-06-2024,26-06-2024,First Class,CUST-1132,Suresh Gowda,Consumer,West,Gujarat,Ahmedabad,Furniture,Furnishings,Wall Clock,"? 8,414.1",1,0%,? 983.5
ORD-6776,20-07-2025,23-07-2025,Standard Class,CUST-1181,Manoj Nambiar,Consumer,West,Rajasthan, Jaipur  ,Furniture,Bookcases,3-Shelf Bookcase,"? 65,045.1",5,40%,"? 3,621.5"
ORD-6274,12-03-2025,19-03-2025,Same Day,CUST-1038,Swathi Naidu,Home Office,South,Kerala,Thiruvananthapuram,Furniture,Furnishings,Desk Lamp,"? 6,488.7",1,30%,"? 2,190.1"
ORD-5873,09-03-2024,11-03-2024,Second Class,CUST-1165,Ishita Verma,Corporate,North,Punjab,Amritsar,Technology,Copiers,Multi-function Printer,"? 40,337.5",2,0%,"? 1,914.1"
ORD-5167,19-07-2024,26-07-2024,Same Day,CUST-1031,Naveen Naidu,Corporate,West,Maharashtra,Mumbai,Technology,Phones,Smartphone A12,"? 22,958.9",1,20%,"-? 3,427.1"
ORD-5932,29-03-2024,03-04-2024,Second Class,CUST-1184,Anjali Rao,Home Office,North,Punjab,Amritsar,Technology,Copiers,Multi-function Printer,"? 5,797.5",1,20%,? 598.2
ORD-5003,05-03-2025,10-03-2025,Standard Class,CUST-1044,Kavya Verma,Consumer,West,Gujarat,Ahmedabad,Office Supplies,Art,Sketch Pen Set,"? 2,683.7",3,40%,? 831.3
ORD-6416,08-01-2024,10-01-2024,Second Class,CUST-1194,Pooja Reddy,Home Office,North,Delhi,New Delhi,Technology,Copiers,Desktop Copier,"? 1,14,387.1",5,10%,"? 28,505.4"
ORD-6157,26-08-2024,28-08-2024,Standard Class,CUST-1129,Naveen Varma,Home Office,East,Jharkhand,Ranchi,Office Supplies,Paper,A4 Copy Paper (500 sheets),"? 3,349.1",7,20%,? 803.4
ORD-5703,18-07-2025,21-07-2025,Second Class,CUST-1215,Meena Prasad,Corporate,West,Rajasthan,Udaipur,Office Supplies,Labels,Address Label Pack,"? 10,349.3",8,15%,"-? 1,146.5"
ORD-5637,29-05-2025,30-05-2025,Second Class,CUST-1015,Kavya Gowda,Home Office,East,Jharkhand,Ranchi,Office Supplies,Storage,File Organizer Tray,"? 3,860.1",3,40%,? 247.8
ORD-5638,20-07-2025,25-07-2025,Standard Class,CUST-1087,Revathi Nair,Home Office,West,Rajasthan,Udaipur,Office Supplies,Envelopes,Courier Envelopes,"? 2,130.1",2,0%,? 538.9
ORD-5709,27-09-2024,29-09-2024,Standard Class,CUST-1049,Manoj Naidu,Home Office,East,Jharkhand,Ranchi,Office Supplies,Art,Sketch Pen Set,"? 2,697.6",4,30%,-? 325.6
ORD-6415,24-11-2025,29-11-2025,Standard Class,CUST-1195,Ganesh Menon,Corporate,East,Bihar,Patna,Office Supplies,Binders,Presentation Binder,"? 3,892.8",8,30%,? 505.4
ORD-6010,13-12-2025,16-12-2025,First Class,CUST-1002,Anitha Nair,Home Office,East,Odisha,Bhubaneswar,Office Supplies,Art,Sketch Pen Set,"? 2,598.6",5,30%,-? 360.3
ORD-6025,07-05-2025,09-05-2025,Same Day,CUST-1175,Arun Iyer,Corporate,West,Maharashtra,Nagpur,Office Supplies,Art,Whiteboard Markers,"? 2,875.7",7,20%,-? 293.2
ORD-5370,13-07-2024,15-07-2024,Same Day,CUST-1196,Revathi Kumar,Corporate,South,Karnataka, Bengaluru  ,Office Supplies,Labels,Address Label Pack,? 580.7,5,40%,? 67.9
ORD-5940,10-09-2025,14-09-2025,Same Day,CUST-1162,Kiran Reddy,Consumer,South,Kerala,Thiruvananthapuram,Office Supplies,Envelopes,Courier Envelopes,"? 1,918.5",3,0%,? 609.6
ORD-6803,08-10-2025,15-10-2025,Same Day,CUST-1035,Manoj Pillai,Consumer,South,Tamil Nadu,Madurai,Office Supplies,Labels,Address Label Pack,"? 6,082.4",6,30%,-? 675.8
ORD-5005,11-10-2024,15-10-2024,Second Class,CUST-1210,Deepa Nambiar,Consumer,North,Delhi,New Delhi,Furniture,Chairs,Wooden Study Chair,"? 4,966.9",1,0%,"? 1,613.3"
ORD-6134,23-04-2024,24-04-2024,Standard Class,CUST-1048,Deepa Varma,Consumer,South,Tamil Nadu,Chennai,Furniture,Chairs,Executive Recliner,"? 97,029.5",7,15%,"? 22,483.9"
ORD-6738,17-02-2024,24-02-2024,Second Class,CUST-1094,Priya Iyer,Consumer,West,Rajasthan,Jaipur,Technology,Accessories,USB Mouse,"? 68,547.7",6,40%,"? 2,693.8"
ORD-5198,29-02-2024,02-03-2024,Same Day,CUST-1139,Anjali Iyer,Consumer,South,Andhra Pradesh,Vijayawada,Technology,Accessories,Laptop Sleeve,"? 28,389.0",2,0%,-? 824.2
ORD-5680,08-04-2024,10-04-2024,Same Day,CUST-1140,Ramesh Iyer,Consumer,East,Bihar,Patna,Office Supplies,Art,Whiteboard Markers,"? 5,750.8",9,0%,"? 1,890.6"
ORD-5413,10-01-2025,17-01-2025,First Class,CUST-1053,Sanjay Rao,Corporate,West,Gujarat,Vadodara,Technology,Accessories,Laptop Sleeve,"? 1,27,691.6",7,0%,"? 29,459.1"
ORD-5664,09-03-2025,11-03-2025,Same Day,CUST-1040,Suresh Verma,Home Office,North,Delhi,New Delhi,Office Supplies,Binders,Presentation Binder,? 321.1,5,0%,? 28.3
ORD-6102,03-04-2025,06-04-2025,Standard Class,CUST-1113,Sathish Raj,Consumer,South,Tamil Nadu,Madurai,Technology,Accessories,USB Mouse,"? 21,037.4",6,0%,"? 1,647.6"
ORD-6198,23-05-2025,24-05-2025,Second Class,CUST-1143,Vijay Subramaniam,Consumer,South,Tamil Nadu,Chennai,Office Supplies,Paper,Legal Pad,"? 5,108.9",8,0%,-? 226.7
ORD-6826,26-09-2024,30-09-2024,First Class,CUST-1192,Suresh Sharma,Corporate,East,Bihar,Patna,Office Supplies,Binders,Clip Binder,"? 8,176.3",9,20%,? 554.6
ORD-5768,10-11-2024,11-11-2024,Standard Class,CUST-1164,Meena Subramaniam,Corporate,West,Maharashtra,Mumbai,Office Supplies,Envelopes,A4 Envelopes (Pack of 50),? 748.7,1,40%,-? 52.7
ORD-5662,02-03-2024,04-03-2024,First Class,CUST-1076,Lakshmi Naidu,Home Office,South,Karnataka,Mysuru,Technology,Accessories,Power Bank,"? 1,76,586.0",9,20%,"? 40,657.9"
ORD-5047,05-04-2024,09-04-2024,First Class,CUST-1199,Rahul Subramaniam,Corporate,SOUTH,Kerala,Kochi,Office Supplies,Labels,Barcode Labels,"? 4,478.5",7,0%,"? 1,496.7"
ORD-5391,30-03-2024,31-03-2024,Standard Class,CUST-1154,Priya Gowda,Home Office,East,Odisha,Bhubaneswar,Technology,Phones,Smartphone A12,"? 16,308.9",3,10%,"? 1,799.6"
ORD-5034,08-10-2024,09-10-2024,Standard Class,CUST-1111,Priya Nambiar,Home Office,South,Andhra Pradesh,Visakhapatnam,Technology,Accessories,Laptop Sleeve,"? 27,439.9",3,0%,"? 8,278.7"
ORD-5572,10-02-2024,12-02-2024,Standard Class,CUST-1141,Pooja Rao,Consumer,West,Rajasthan,Jaipur,Furniture,Bookcases,3-Shelf Bookcase,"? 23,593.1",9,0%,"? 1,451.6"
ORD-5564,01-03-2024,04-03-2024,Second Class,CUST-1214,Arjun Chandran,Consumer,West,Rajasthan,Jaipur,Technology,Accessories,USB Mouse,"? 2,00,943.5",7,15%,"? 68,761.8"
ORD-6376,02-08-2025,03-08-2025,Same Day,CUST-1062,Arjun Reddy,Home Office,East,West Bengal,Howrah,Office Supplies,Paper,A4 Copy Paper (500 sheets),"? 5,653.4",5,30%,"? 1,391.7"
ORD-5699,22-01-2024,23-01-2024,Same Day,CUST-1134,Lakshmi Reddy,Corporate,South,Karnataka,Mangaluru,Office Supplies,Art,Highlighter Pack,? 423.1,7,30%,? 83.7
ORD-6047,20-11-2025,21-11-2025,Standard Class,CUST-1035,Manoj Pillai,Consumer,West,Rajasthan,Udaipur,Office Supplies,Storage,File Organizer Tray,"? 3,978.0",5,30%,-? 4.8
ORD-6758,04-01-2024,05-01-2024,Second Class,CUST-1189,Sanjay Menon,Home Office,North,Punjab,Amritsar,Office Supplies,Envelopes,A4 Envelopes (Pack of 50),"? 2,228.6",6,0%,? 497.9
ORD-5693,29-03-2024,03-04-2024,Same Day,CUST-1218,Suresh Balan,Home Office,South,Tamil Nadu,Coimbatore,Furniture,Tables,Compact Study Table,"? 13,612.4",2,20%,-? 780.6
ORD-5262,17-07-2025,22-07-2025,First Class,CUST-1160,Sanjay Chandran,Home Office,South,Karnataka,Mysuru,Technology,Phones,Smartphone A12,"? 42,416.9",2,0%,-? 782.8
ORD-6045,24-09-2025,27-09-2025,Standard Class,CUST-1206,Lakshmi Verma,Consumer,South,Karnataka,Bengaluru,Furniture,Bookcases,3-Shelf Bookcase,"? 1,51,134.6",9,0%,"? 44,600.2"
ORD-5964,11-08-2024,14-08-2024,Standard Class,CUST-1158,Vijay Verma,Home Office,North,Haryana,Faridabad,Office Supplies,Storage,Plastic Storage Box,"? 5,286.0",4,0%,? 402.4
ORD-5671,30-05-2024,31-05-2024,First Class,CUST-1008,Vikram Rao,Corporate,South,Kerala,Kozhikode,Office Supplies,Art,Highlighter Pack,"? 3,932.7",5,20%,? 312.2
ORD-6204,18-12-2024,20-12-2024,First Class,CUST-1033,Sneha Subramaniam,Consumer,NORTH,Uttar Pradesh,Noida,Technology,Copiers,Desktop Copier,"? 48,196.2",3,40%,"-? 2,357.2"
ORD-5067,06-10-2024,10-10-2024,Standard Class,CUST-1175,Arun Iyer,Corporate,West,Gujarat,Ahmedabad,Technology,Accessories,Power Bank,"? 97,475.8",7,20%,"-? 3,130.0"
ORD-6173,05-05-2025,08-05-2025,First Class,CUST-1184,Anjali Rao,Home Office,West,Gujarat,Surat,Office Supplies,Envelopes,Courier Envelopes,"? 4,902.9",6,0%,? 167.9
ORD-6594,24-03-2025,28-03-2025,First Class,CUST-1180,Nithya Prasad,Consumer,West,Gujarat,Surat,Office Supplies,Envelopes,A4 Envelopes (Pack of 50),"? 7,810.8",6,0%,"? 1,310.9"
ORD-6710,25-10-2025,26-10-2025,Second Class,CUST-1104,Vijay Naidu,Consumer,South,Andhra Pradesh,Visakhapatnam,Office Supplies,Envelopes,A4 Envelopes (Pack of 50),"? 2,150.3",3,10%,? 117.4
ORD-6128,01-11-2025,02-11-2025,First Class,CUST-1036,Vijay Nambiar,Home Office,West,Rajasthan,Udaipur,Furniture,Furnishings,Desk Lamp,"? 40,805.9",3,15%,"-? 2,228.9"
ORD-6210,19-04-2024,20-04-2024,Same Day,CUST-1079,Divya Verma,Consumer,East,Bihar,Patna,Office Supplies,Labels,Address Label Pack,? 326.7,2,40%,? 78.2
ORD-5139,14-12-2025,18-12-2025,Second Class,CUST-1032,Anjali Rao,Consumer,North,Delhi,New Delhi,Furniture,Chairs,Ergo Mesh Office Chair,"? 45,006.7",3,10%,"? 4,860.6"
ORD-6362,07-05-2024,08-05-2024,First Class,CUST-1081,Ganesh Rao,Consumer,West,Rajasthan,Jaipur,Furniture,Tables,Compact Study Table,"? 16,908.6",3,0%,-? 310.3
ORD-6282,03-08-2025,04-08-2025,Same Day,CUST-1219,Praveen Rao,Home Office,South,Karnataka,Mangaluru,Technology,Phones,Smartphone A12,"? 1,65,439.2",6,30%,"? 46,680.3"
ORD-5029,12-12-2024,17-12-2024,Second Class,CUST-1021,Vijay Krishnan,Consumer,East,West Bengal,Howrah,Technology,Copiers,Multi-function Printer,"? 1,56,007.7",9,0%,"? 24,763.1"
ORD-6421,16-01-2024,19-01-2024,Same Day,CUST-1009,Anitha Balan,Home Office,WEST,Maharashtra,Mumbai,Furniture,Chairs,Wooden Study Chair,"? 75,359.1",9,30%,"? 15,007.2"
ORD-6244,15-02-2025,20-02-2025,Same Day,CUST-1211,Vikram Naidu,Corporate,North,Uttar Pradesh,Lucknow,Office Supplies,Paper,Sticky Notes Pack,"? 4,646.2",7,30%,"? 1,466.3"
ORD-5425,25-08-2025,26-08-2025,First Class,CUST-1012,Ramesh Nair,Consumer,North,Haryana,Faridabad,Office Supplies,Binders,Clip Binder,"? 8,677.1",9,20%,-? 578.6
ORD-6477,07-01-2025,11-01-2025,Same Day,CUST-1074,Vijay Rao,Home Office,EAST,West Bengal,Howrah,Technology,Accessories,Mechanical Keyboard,"? 81,203.9",4,10%,"-? 11,082.3"
ORD-6441,21-04-2024,28-04-2024,Standard Class,CUST-1025,Rahul Gowda,Consumer,West,Rajasthan,Jaipur,Furniture,Tables,Conference Table 6-Seater,"? 7,693.3",2,30%,-? 299.2
ORD-6560,21-01-2024,23-01-2024,First Class,CUST-1100,Naveen Rao,Consumer,East,Odisha,Bhubaneswar,Technology,Machines,Label Printer,"? 22,683.1",1,0%,"-? 2,889.6"
ORD-6082,17-03-2025,20-03-2025,Same Day,CUST-1167,Kiran Raj,Corporate,North,Delhi,New Delhi,Office Supplies,Envelopes,Courier Envelopes,"? 1,641.0",3,40%,? 361.8
ORD-5038,16-09-2025,18-09-2025,Second Class,CUST-1107,Lakshmi Chandran,Home Office,South,Andhra Pradesh,Visakhapatnam,Office Supplies,Binders,3-Ring Binder,? 188.7,2,0%,-? 6.2
ORD-6527,16-10-2025,17-10-2025,First Class,CUST-1187,Anjali Subramaniam,Home Office,West,Gujarat,Ahmedabad,Furniture,Bookcases,Oak Bookcase,"? 20,358.3",6,40%,"? 4,032.1"
ORD-6377,23-04-2024,28-04-2024,First Class,CUST-1182,Ramesh Raj,Home Office,West,Rajasthan,Jaipur,Office Supplies,Binders,Clip Binder,"? 1,156.8",3,10%,? 265.8
ORD-5423,27-08-2025,28-08-2025,Second Class,CUST-1178,Deepa Gowda,Home Office,West,Gujarat,Surat,Technology,Phones,Bluetooth Headset,"? 67,744.6",6,30%,"? 1,736.6"
ORD-6812,15-10-2025,17-10-2025,Same Day,CUST-1164,Meena Subramaniam,Corporate,South,Andhra Pradesh,Visakhapatnam,Office Supplies,Labels,Address Label Pack,"? 1,605.7",2,0%,? 538.8
ORD-5389,01-09-2024,06-09-2024,First Class,CUST-1031,Naveen Naidu,Corporate,South,Andhra Pradesh,Vijayawada,Technology,Accessories,Laptop Sleeve,"? 1,19,839.1",5,0%,"-? 14,178.8"
ORD-5639,01-04-2024,08-04-2024,Same Day,CUST-1024,Manoj Pillai,Corporate,South,Andhra Pradesh,Vijayawada,Office Supplies,Labels,Address Label Pack,"? 3,525.8",5,30%,-? 155.4
ORD-6711,18-03-2025,23-03-2025,Same Day,CUST-1167,Kiran Raj,Corporate,North,Delhi,New Delhi,Office Supplies,Art,Highlighter Pack,"? 4,168.5",3,0%,? 260.8
ORD-6741,20-11-2025,24-11-2025,Same Day,CUST-1210,Deepa Nambiar,Consumer,West,Gujarat,Surat,Technology,Copiers,Desktop Copier,"? 88,631.8",3,0%,"? 19,660.3"
ORD-6759,24-12-2025,29-12-2025,Second Class,CUST-1092,Deepa Gowda,Corporate,South,Karnataka,Mysuru,Technology,Copiers,Multi-function Printer,"? 10,035.0",5,0%,? 387.0
ORD-5062,20-10-2025,23-10-2025,Same Day,CUST-1159,Divya Gowda,Home Office,West,Rajasthan,Jaipur,Office Supplies,Art,Highlighter Pack,"? 2,140.9",4,20%,? 693.3
ORD-6321,26-12-2024,31-12-2024,Same Day,CUST-1016,Ramesh Raj,Home Office,East,Odisha,Bhubaneswar,Office Supplies,Art,Sketch Pen Set,? 175.5,3,30%,? 6.8
ORD-6003,14-06-2024,18-06-2024,Standard Class,CUST-1078,Sanjay Prasad,Corporate,West,Rajasthan,Jaipur,Office Supplies,Storage,Filing Cabinet,"? 2,099.4",2,0%,? 601.7
ORD-5099,15-10-2025,17-10-2025,Same Day,CUST-1064,Nithya Subramaniam,Corporate,South,Tamil Nadu,Trichy,Office Supplies,Art,Sketch Pen Set,? 657.1,3,30%,? 116.0
ORD-5546,22-02-2025,23-02-2025,Same Day,CUST-1197,Lakshmi Sharma,Corporate,South,Andhra Pradesh,Vijayawada,Office Supplies,Art,Whiteboard Markers,"? 8,552.5",8,20%,"? 1,695.4"
ORD-5788,05-04-2025,07-04-2025,Standard Class,CUST-1187,Anjali Subramaniam,Home Office,West,Gujarat,Surat,Furniture,Bookcases,Oak Bookcase,"? 77,866.9",7,30%,"? 4,294.1"
ORD-6709,25-09-2025,30-09-2025,First Class,CUST-1012,Ramesh Nair,Consumer,North,Punjab,Ludhiana,Office Supplies,Binders,Presentation Binder,"? 7,383.4",8,30%,"? 1,600.2"
ORD-6048,05-09-2024,09-09-2024,Same Day,CUST-1160,Sanjay Chandran,Home Office,West,Gujarat,Vadodara,Office Supplies,Labels,Barcode Labels,? 865.9,2,40%,? 248.3
ORD-5991,11-11-2025,13-11-2025,Second Class,CUST-1028,Anjali Krishnan,Home Office,East,Jharkhand,Ranchi,Technology,Machines,Label Printer,"? 56,994.2",4,15%,"? 10,437.2"
ORD-6215,21-10-2025,22-10-2025,Standard Class,CUST-1146,Karthik Chandran,Corporate,West,Rajasthan,Jaipur,Furniture,Furnishings,Office Cushion,"? 16,765.7",1,10%,"? 3,269.6"
ORD-6278,15-03-2024,18-03-2024,Second Class,CUST-1189,Sanjay Menon,Home Office,South,Andhra Pradesh,Vijayawada,Technology,Accessories,Laptop Sleeve,"? 37,816.5",5,30%,-? 684.6
ORD-5285,23-10-2025,27-10-2025,First Class,CUST-1093,Deepa Balan,Home Office,East,Odisha,Bhubaneswar,Furniture,Tables,Adjustable Laptop Table,"? 67,061.3",5,15%,"? 11,684.0"
ORD-6769,12-03-2024,17-03-2024,Second Class,CUST-1049,Manoj Naidu,Home Office,West,Gujarat,Vadodara,Technology,Phones,Bluetooth Headset,"? 1,46,209.6",5,40%,"? 41,497.7"
ORD-6780,29-12-2025,02-01-2026,Second Class,CUST-1199,Rahul Subramaniam,Corporate,East,Jharkhand,Ranchi,Technology,Machines,Laser Printer,"? 40,239.0",2,0%,"? 6,541.1"
ORD-5912,23-11-2024,27-11-2024,Same Day,CUST-1211,Vikram Naidu,Corporate,North,Punjab,Ludhiana,Technology,Phones,Cordless Landline Phone,"? 62,103.5",9,15%,"-? 1,607.7"
ORD-5170,06-02-2025,13-02-2025,First Class,CUST-1211,Vikram Naidu,Corporate,North,Uttar Pradesh,Noida,Office Supplies,Binders,3-Ring Binder,"? 2,328.8",2,0%,? 174.2
ORD-6318,07-06-2024,14-06-2024,Same Day,CUST-1074,Vijay Rao,Home Office,West,Maharashtra,Mumbai,Office Supplies,Paper,A4 Copy Paper (500 sheets),"? 4,811.9",4,20%,"? 1,438.1"
ORD-5598,09-01-2025,13-01-2025,Standard Class,CUST-1100,Naveen Rao,Consumer,SOUTH,Andhra Pradesh,Vijayawada,Office Supplies,Labels,Address Label Pack,"? 2,201.3",5,0%,? 721.8
ORD-5779,11-12-2024,18-12-2024,First Class,CUST-1164,Meena Subramaniam,Corporate,North,Haryana,Faridabad,Furniture,Bookcases,Metal Bookrack,"? 85,180.5",7,0%,"? 21,024.5"
ORD-6260,24-12-2025,25-12-2025,Second Class,CUST-1208,Anitha Mahesh,Home Office,East,Jharkhand,Ranchi,Office Supplies,Storage,Filing Cabinet,"? 1,540.5",3,0%,-? 69.5
ORD-6692,25-04-2025,29-04-2025,Standard Class,CUST-1101,Priya Rao,Consumer,South,Tamil Nadu,Madurai,Furniture,Tables,Adjustable Laptop Table,"? 54,023.2",4,0%,"? 12,971.9"
ORD-5064,03-09-2025,07-09-2025,Same Day,CUST-1135,Rohit Rao,Home Office,West,Maharashtra,Mumbai,Technology,Accessories,Power Bank,"? 1,93,488.4",8,15%,"? 43,766.2"
ORD-5981,13-03-2025,18-03-2025,Same Day,CUST-1153,Sanjay Nair,Home Office,North,Punjab,Ludhiana,Technology,Accessories,USB Mouse,"? 22,240.6",8,0%,"? 6,948.2"
ORD-6018,12-09-2024,19-09-2024,First Class,CUST-1026,Kavya Gowda,Consumer,South,Tamil Nadu,Trichy,Furniture,Tables,Conference Table 6-Seater,"? 34,635.8",2,0%,"? 1,963.1"
ORD-5258,15-12-2025,20-12-2025,Same Day,CUST-1198,Ishita Nambiar,Home Office,East,Odisha,Bhubaneswar,Technology,Copiers,Multi-function Printer,"? 48,727.1",2,30%,"-? 4,047.2"
ORD-5347,11-07-2025,18-07-2025,Same Day,CUST-1064,Nithya Subramaniam,Corporate,West,Maharashtra,Nagpur,Office Supplies,Envelopes,Courier Envelopes,"? 1,602.1",2,40%,-? 99.2
ORD-5320,03-02-2024,07-02-2024,Same Day,CUST-1012,Ramesh Nair,Consumer,South,Kerala,Thiruvananthapuram,Office Supplies,Envelopes,A4 Envelopes (Pack of 50),? 961.4,8,40%,? 186.4
ORD-6001,06-09-2025,13-09-2025,Second Class,CUST-1200,Naveen Balan,Home Office,South,Andhra Pradesh,Vijayawada,Office Supplies,Labels,Barcode Labels,"? 8,479.3",7,20%,-? 520.5
ORD-6118,23-06-2025,27-06-2025,Standard Class,CUST-1194,Pooja Reddy,Home Office,South,Karnataka,Mysuru,Office Supplies,Storage,Plastic Storage Box,"? 3,420.5",4,0%,-? 257.8
ORD-5380,05-03-2025,07-03-2025,Same Day,CUST-1121,Ganesh Varma,Consumer,North,Punjab,Ludhiana,Office Supplies,Binders,3-Ring Binder,"? 5,240.1",4,0%,? 448.0
ORD-6550,26-05-2024,30-05-2024,Standard Class,CUST-1166,Meena Iyer,Corporate,East,Bihar,Patna,Furniture,Tables,Adjustable Laptop Table,"? 16,565.9",3,0%,"? 2,986.3"
ORD-5559,13-06-2024,16-06-2024,First Class,CUST-1122,Nithya Krishnan,Corporate,East,Bihar,Patna,Office Supplies,Envelopes,Courier Envelopes,"? 8,071.1",9,40%,-? 845.7
ORD-6292,28-08-2024,29-08-2024,Second Class,CUST-1214,Arjun Chandran,Consumer,West,Gujarat,Vadodara,Technology,Accessories,USB Mouse,"? 2,849.5",1,0%,? 219.7
ORD-5194,18-04-2024,23-04-2024,Second Class,CUST-1086,Ramesh Mahesh,Consumer,SOUTH,Kerala,Kozhikode,Technology,Copiers,Multi-function Printer,"? 21,509.2",1,0%,-? 264.4
ORD-5479,11-05-2025,18-05-2025,First Class,CUST-1184,Anjali Rao,Home Office,East,Odisha,Bhubaneswar,Office Supplies,Art,Whiteboard Markers,? 489.6,2,30%,-? 46.4
ORD-5950,13-02-2024,16-02-2024,Same Day,CUST-1200,Naveen Balan,Home Office,East,West Bengal,Kolkata,Office Supplies,Storage,Filing Cabinet,"? 3,329.3",3,40%,? 524.2
ORD-6789,28-01-2025,01-02-2025,First Class,CUST-1084,Karthik Raj,Corporate,North,Uttar Pradesh,Kanpur,Technology,Accessories,Mechanical Keyboard,"? 2,22,479.7",7,20%,"-? 31,297.7"
ORD-5272,29-05-2025,01-06-2025,First Class,CUST-1186,Deepa Krishnan,Home Office,East,Odisha,Bhubaneswar,Technology,Copiers,Multi-function Printer,"? 14,609.4",2,20%,? 450.0
ORD-5980,05-04-2024,10-04-2024,Second Class,CUST-1021,Vijay Krishnan,Consumer,East,Bihar,Patna,Office Supplies,Binders,Clip Binder,? 852.1,4,30%,? 212.8
ORD-5982,26-04-2024,27-04-2024,First Class,CUST-1172,Ramesh Krishnan,Corporate,East,Bihar,Patna,Technology,Machines,Laminating Machine,"? 1,61,282.1",6,20%,"? 18,282.1"
ORD-5475,24-01-2024,25-01-2024,Standard Class,CUST-1111,Priya Nambiar,Home Office,North,Punjab,Amritsar,Office Supplies,Labels,Address Label Pack,"? 10,733.3",9,20%,-? 945.5
ORD-5537,13-11-2025,17-11-2025,Standard Class,CUST-1091,Divya Iyer,Home Office,South,Kerala,Kochi,Office Supplies,Labels,Barcode Labels,? 946.0,1,10%,-? 131.9
ORD-6394,23-05-2025,26-05-2025,Standard Class,CUST-1055,Lakshmi Chandran,Consumer,North,Punjab,Amritsar,Office Supplies,Storage,File Organizer Tray,"? 2,409.8",4,20%,? 838.3
ORD-5449,11-02-2024,15-02-2024,First Class,CUST-1073,Kiran Varma,Corporate,North,Haryana,Faridabad,Office Supplies,Envelopes,A4 Envelopes (Pack of 50),? 529.9,3,0%,? 119.2
ORD-6132,15-08-2024,22-08-2024,First Class,CUST-1136,Lakshmi Varma,Home Office,North,Delhi,New Delhi,Furniture,Chairs,Executive Recliner,"? 54,907.6",8,20%,"? 3,382.0"
ORD-5828,23-12-2024,25-12-2024,Same Day,CUST-1047,Suresh Reddy,Home Office,South,Andhra Pradesh,Vijayawada,Furniture,Furnishings,Office Cushion,"? 53,161.8",3,0%,? 303.8
ORD-5446,05-11-2024,09-11-2024,Same Day,CUST-1070,Arjun Nair,Consumer,North,Punjab,Ludhiana,Office Supplies,Storage,Plastic Storage Box,"? 4,194.8",3,0%,? 36.3
ORD-5677,17-10-2024,22-10-2024,Second Class,CUST-1109,Vikram Mahesh,Consumer,West,Maharashtra,Nagpur,Office Supplies,Envelopes,A4 Envelopes (Pack of 50),"? 1,215.0",1,40%,? 384.5
ORD-5685,28-08-2024,02-09-2024,First Class,CUST-1045,Praveen Mahesh,Consumer,North,Haryana,Gurugram,Office Supplies,Envelopes,A4 Envelopes (Pack of 50),"? 3,594.1",3,10%,? 316.6
ORD-6208,21-11-2024,23-11-2024,Same Day,CUST-1087,Revathi Nair,Home Office,East,Bihar,Patna,Technology,Phones,Cordless Landline Phone,"? 79,147.5",5,0%,"? 3,699.1"
ORD-5089,06-02-2025,11-02-2025,Standard Class,CUST-1074,Vijay Rao,Home Office,East,Odisha,Bhubaneswar,Office Supplies,Binders,3-Ring Binder,"? 6,970.6",8,15%,? 824.9
ORD-5814,04-01-2025,08-01-2025,Same Day,CUST-1215,Meena Prasad,Corporate,West,Maharashtra,Pune,Office Supplies,Art,Whiteboard Markers,"? 5,147.0",5,0%,-? 411.1
ORD-5104,30-09-2024,03-10-2024,First Class,CUST-1081,Ganesh Rao,Consumer,North,Delhi,New Delhi,Office Supplies,Envelopes,A4 Envelopes (Pack of 50),"? 1,421.3",7,15%,? 277.4
ORD-6393,21-05-2024,28-05-2024,Standard Class,CUST-1046,Arjun Raj,Consumer,West,Rajasthan,Udaipur,Office Supplies,Storage,Plastic Storage Box,"? 11,339.8",9,20%,"? 1,138.5"
ORD-5656,13-08-2025,14-08-2025,Standard Class,CUST-1192,Suresh Sharma,Corporate,North,Delhi,New Delhi,Technology,Machines,Laser Printer,"? 2,82,655.1",9,0%,"? 5,284.2"
ORD-5246,05-01-2024,08-01-2024,First Class,CUST-1198,Ishita Nambiar,Home Office,West,Maharashtra,Nagpur,Technology,Copiers,Multi-function Printer,"? 1,81,544.4",8,40%,"? 13,194.5"
ORD-6624,17-04-2024,21-04-2024,Standard Class,CUST-1014,Karthik Naidu,Consumer,South,Karnataka, Mysuru  ,Technology,Phones,Smartphone A12,"? 1,00,425.9",5,0%,"? 23,169.2"
ORD-5097,20-11-2024,24-11-2024,Standard Class,CUST-1210,Deepa Nambiar,Consumer,North,Uttar Pradesh,Noida,Furniture,Furnishings,Office Cushion,"? 74,743.7",5,0%,-? 462.3
ORD-6042,03-06-2024,05-06-2024,Same Day,CUST-1000,Rahul Iyer,Consumer,North,Delhi,New Delhi,Office Supplies,Binders,Presentation Binder,? 74.8,1,15%,? 21.9
ORD-5611,04-10-2024,08-10-2024,Standard Class,CUST-1187,Anjali Subramaniam,Home Office,North,Uttar Pradesh,Kanpur,Technology,Phones,Smartphone A12,"? 39,412.9",8,40%,"? 10,141.9"
ORD-6126,28-10-2025,04-11-2025,Standard Class,CUST-1024,Manoj Pillai,Corporate,North,Delhi,New Delhi,Technology,Machines,Laser Printer,"? 1,94,245.6",7,0%,"? 60,403.5"
ORD-6480,07-11-2024,14-11-2024,Second Class,CUST-1049,Manoj Naidu,Home Office,West,Rajasthan,Udaipur,Technology,Phones,Bluetooth Headset,"? 21,487.5",1,15%,"? 2,911.6"
ORD-5896,19-04-2024,21-04-2024,Same Day,CUST-1210,Deepa Nambiar,Consumer,South,Karnataka,Mysuru,Furniture,Tables,Compact Study Table,"? 94,260.0",6,0%,"-? 6,775.2"
ORD-5697,12-12-2024,16-12-2024,Standard Class,CUST-1026,Kavya Gowda,Consumer,North,Punjab,Amritsar,Technology,Phones,Smartphone A12,"? 11,515.4",1,10%,"? 1,114.4"
ORD-6565,27-06-2025,02-07-2025,Same Day,CUST-1182,Ramesh Raj,Home Office,West,Gujarat,Vadodara,Office Supplies,Binders,Clip Binder,? 872.6,2,40%,? 159.2
ORD-6149,30-04-2025,03-05-2025,Same Day,CUST-1034,Anitha Raj,Corporate,East,West Bengal,Kolkata,Technology,Copiers,Desktop Copier,"? 53,758.1",2,0%,"? 5,668.7"
ORD-6556,08-01-2024,09-01-2024,First Class,CUST-1128,Sathish Krishnan,Consumer,East,Bihar,Patna,Technology,Copiers,Multi-function Printer,"? 1,92,138.1",9,30%,"? 2,159.0"
ORD-6294,02-05-2025,09-05-2025,Same Day,CUST-1087,Revathi Nair,Home Office,East,Bihar,Patna,Office Supplies,Labels,Address Label Pack,? 987.1,9,10%,? 116.9
ORD-5770,16-10-2024,23-10-2024,Standard Class,CUST-1200,Naveen Balan,Home Office,East,Jharkhand,Ranchi,Office Supplies,Envelopes,A4 Envelopes (Pack of 50),"? 5,236.4",6,20%,? 104.3
ORD-5749,22-09-2025,29-09-2025,First Class,CUST-1201,Vijay Prasad,Corporate,East,Odisha,Bhubaneswar,Furniture,Tables,Compact Study Table,"? 7,219.0",3,40%,"? 2,074.1"
ORD-5547,10-03-2025,17-03-2025,Second Class,CUST-1180,Nithya Prasad,Consumer,West,Maharashtra,Pune,Furniture,Bookcases,Metal Bookrack,"? 37,446.1",3,15%,"? 5,718.7"
ORD-6747,02-04-2025,04-04-2025,Second Class,CUST-1098,Deepa Reddy,Corporate,South,Tamil Nadu,Madurai,Furniture,Tables,Conference Table 6-Seater,"? 22,515.0",3,0%,"-? 2,267.9"
ORD-6507,15-02-2025,20-02-2025,Same Day,CUST-1088,Anjali Nambiar,Home Office,West,Maharashtra,Mumbai,Office Supplies,Storage,Plastic Storage Box,? 308.4,7,0%,? 98.1
ORD-5144,22-07-2025,24-07-2025,Same Day,CUST-1119,Kiran Verma,Corporate,East,Bihar,Patna,Office Supplies,Art,Highlighter Pack,"? 1,641.8",3,10%,? 422.9
ORD-6439,03-02-2024,06-02-2024,First Class,CUST-1132,Suresh Gowda,Consumer,West,Maharashtra,Mumbai,Office Supplies,Art,Sketch Pen Set,? 789.0,2,40%,-? 55.3
ORD-6069,19-10-2025,23-10-2025,Second Class,CUST-1051,Revathi Kumar,Home Office,West,Rajasthan,Jaipur,Office Supplies,Envelopes,A4 Envelopes (Pack of 50),"? 2,105.6",6,10%,? 630.1
ORD-5599,11-12-2025,13-12-2025,Second Class,CUST-1135,Rohit Rao,Home Office,East,Jharkhand,Ranchi,Furniture,Furnishings,Wall Clock,"? 42,880.4",3,0%,"-? 3,001.6"
ORD-6404,06-06-2025,09-06-2025,Standard Class,CUST-1011,Vikram Chandran,Corporate,East,Bihar,Patna,Furniture,Bookcases,Oak Bookcase,"? 94,508.4",7,30%,"? 11,704.1"
ORD-5791,30-07-2024,04-08-2024,Second Class,CUST-1001,Pooja Pillai,Consumer,EAST,Jharkhand,Ranchi,Office Supplies,Art,Sketch Pen Set,"? 2,745.4",2,20%,? 785.3
ORD-5352,17-05-2024,18-05-2024,Same Day,CUST-1205,Karthik Verma,Home Office,South,Tamil Nadu,Coimbatore,Office Supplies,Art,Highlighter Pack,"? 9,152.0",7,40%,"? 2,716.2"
ORD-5120,22-06-2024,24-06-2024,Standard Class,CUST-1033,Sneha Subramaniam,Consumer,East,Odisha, Bhubaneswar  ,Office Supplies,Binders,Presentation Binder,? 197.3,4,0%,? 40.2
ORD-6635,18-12-2024,21-12-2024,Standard Class,CUST-1109,Vikram Mahesh,Consumer,West,Gujarat,Ahmedabad,Technology,Copiers,Multi-function Printer,"? 98,288.9",5,40%,"? 20,673.3"
ORD-6081,03-04-2025,04-04-2025,Standard Class,CUST-1201,Vijay Prasad,Corporate,NORTH,Uttar Pradesh,Noida,Office Supplies,Envelopes,A4 Envelopes (Pack of 50),"? 3,420.1",7,15%,? 359.6
ORD-5938,26-05-2025,29-05-2025,Same Day,CUST-1176,Meena Nambiar,Corporate,North,Delhi,New Delhi,Office Supplies,Art,Highlighter Pack,"? 3,469.7",6,40%,"? 1,205.1"
ORD-6379,20-08-2025,23-08-2025,Second Class,CUST-1102,Karthik Verma,Consumer,North,Haryana,Faridabad,Technology,Copiers,Desktop Copier,"? 1,27,653.3",6,20%,"-? 13,124.5"
ORD-6319,06-09-2025,13-09-2025,First Class,CUST-1161,Pooja Nair,Consumer,South,Andhra Pradesh,Visakhapatnam,Office Supplies,Envelopes,A4 Envelopes (Pack of 50),"? 2,695.3",2,0%,? 165.1
ORD-5451,07-02-2025,10-02-2025,Same Day,CUST-1051,Revathi Kumar,Home Office,South,Kerala,Kochi,Furniture,Furnishings,Wall Clock,"? 11,543.4",1,20%,"? 3,865.7"
ORD-6838,18-10-2025,22-10-2025,Second Class,CUST-1203,Karthik Menon,Home Office,North,Delhi,New Delhi,Office Supplies,Labels,Barcode Labels,"? 1,062.2",1,10%,? 27.1
ORD-5491,25-12-2024,01-01-2025,Second Class,CUST-1029,Rahul Reddy,Home Office,West,Rajasthan,Udaipur,Furniture,Chairs,Wooden Study Chair,"? 23,268.5",9,15%,"? 6,727.9"
ORD-5455,12-01-2025,17-01-2025,Standard Class,CUST-1033,Sneha Subramaniam,Consumer,West,Gujarat,Vadodara,Office Supplies,Binders,Presentation Binder,"? 1,892.2",3,40%,? 215.0
ORD-5327,13-01-2024,17-01-2024,Standard Class,CUST-1022,Sneha Verma,Corporate,East,Jharkhand,Ranchi,Office Supplies,Art,Sketch Pen Set,"? 8,022.6",8,0%,"? 1,208.3"
ORD-5863,03-06-2025,05-06-2025,Same Day,CUST-1012,Ramesh Nair,Consumer,East,West Bengal,Kolkata,Technology,Phones,Cordless Landline Phone,"? 2,16,581.5",9,0%,"? 64,999.4"
ORD-6587,04-07-2025,06-07-2025,Standard Class,CUST-1113,Sathish Raj,Consumer,East,Jharkhand,Ranchi,Technology,Accessories,Laptop Sleeve,"? 76,201.2",5,30%,"-? 4,698.3"
ORD-5790,07-09-2025,14-09-2025,Standard Class,CUST-1080,Karthik Subramaniam,Consumer,East,Odisha,Bhubaneswar,Office Supplies,Envelopes,A4 Envelopes (Pack of 50),"? 8,449.4",6,0%,-? 29.7
ORD-5474,21-07-2024,24-07-2024,Second Class,CUST-1019,Revathi Menon,Home Office,South,Tamil Nadu,Madurai,Office Supplies,Envelopes,A4 Envelopes (Pack of 50),"? 7,130.0",9,15%,? 789.1
ORD-5485,27-03-2024,01-04-2024,Standard Class,CUST-1061,Vijay Nair,Corporate,North,Haryana,Gurugram,Office Supplies,Binders,Clip Binder,"? 3,526.1",6,30%,-? 75.5
ORD-5984,19-04-2024,21-04-2024,First Class,CUST-1210,Deepa Nambiar,Consumer,West,Maharashtra,Mumbai,Office Supplies,Paper,A4 Copy Paper (500 sheets),"? 4,959.3",7,30%,? 661.0
ORD-6313,29-10-2025,31-10-2025,First Class,CUST-1027,Sneha Pillai,Home Office,West,Maharashtra,Nagpur,Office Supplies,Binders,3-Ring Binder,"? 1,969.5",3,0%,-? 234.0
ORD-6662,07-09-2024,11-09-2024,Same Day,CUST-1055,Lakshmi Chandran,Consumer,South,Tamil Nadu,Madurai,Technology,Machines,Laser Printer,"? 7,219.8",2,40%,"? 2,433.2"
ORD-6643,14-11-2025,15-11-2025,First Class,CUST-1073,Kiran Varma,Corporate,North,Punjab,Amritsar,Technology,Copiers,Desktop Copier,"? 19,042.4",1,30%,-? 102.2
ORD-5549,15-09-2024,22-09-2024,Same Day,CUST-1017,Naveen Rao,Consumer,North,Haryana,Faridabad,Technology,Phones,Smartphone A12,"? 35,473.2",3,15%,"? 7,958.9"
ORD-5731,10-09-2024,17-09-2024,Second Class,CUST-1210,Deepa Nambiar,Consumer,East,West Bengal,Kolkata,Office Supplies,Storage,File Organizer Tray,"? 7,445.3",8,40%,"? 1,120.7"
ORD-5807,15-04-2024,22-04-2024,Same Day,CUST-1176,Meena Nambiar,Corporate,North,Punjab,Ludhiana,Office Supplies,Paper,Sticky Notes Pack,"? 3,622.1",3,20%,"? 1,189.3"
ORD-5688,01-01-2025,06-01-2025,Second Class,CUST-1002,Anitha Nair,Home Office,West,Gujarat,Vadodara,Office Supplies,Labels,Address Label Pack,"? 1,378.3",6,40%,? 286.1
ORD-6430,24-12-2025,26-12-2025,Same Day,CUST-1027,Sneha Pillai,Home Office,North,Punjab,Amritsar,Office Supplies,Envelopes,A4 Envelopes (Pack of 50),"? 1,374.0",7,40%,? 211.2
ORD-5151,18-08-2025,19-08-2025,Second Class,CUST-1020,Nithya Gowda,Home Office,South,Andhra Pradesh,Visakhapatnam,Technology,Copiers,Desktop Copier,"? 1,00,662.7",6,15%,"? 1,900.3"
ORD-5942,27-10-2024,29-10-2024,Second Class,CUST-1159,Divya Gowda,Home Office,South,Kerala,Kozhikode,Office Supplies,Binders,Presentation Binder,"? 9,797.5",8,10%,"-? 1,441.7"
ORD-5750,20-03-2024,21-03-2024,Same Day,CUST-1008,Vikram Rao,Corporate,West,Rajasthan,Udaipur,Office Supplies,Art,Whiteboard Markers,"? 7,323.0",7,30%,"? 1,735.3"
ORD-6228,25-08-2025,28-08-2025,Second Class,CUST-1037,Sathish Sharma,Home Office,East,Jharkhand,Ranchi,Office Supplies,Binders,Clip Binder,? 610.6,6,10%,? 54.6
ORD-6021,27-07-2024,31-07-2024,Second Class,CUST-1153,Sanjay Nair,Home Office,South,Kerala,Kochi,Office Supplies,Paper,Sticky Notes Pack,"? 1,286.4",2,40%,? 30.8
ORD-5978,07-10-2025,12-10-2025,Same Day,CUST-1215,Meena Prasad,Corporate,North,Delhi,New Delhi,Office Supplies,Labels,Barcode Labels,"? 4,650.8",9,0%,"? 1,357.0"
ORD-6337,07-02-2025,09-02-2025,First Class,CUST-1112,Revathi Raj,Home Office,West,Maharashtra,Mumbai,Technology,Copiers,Desktop Copier,"? 1,57,337.7",8,40%,"-? 11,245.5"
ORD-6144,26-08-2024,28-08-2024,First Class,CUST-1023,Karthik Verma,Consumer,North,Haryana,Gurugram,Office Supplies,Envelopes,Courier Envelopes,"? 10,971.8",8,0%,"-? 1,278.2"
ORD-6708,16-03-2024,17-03-2024,Same Day,CUST-1175,Arun Iyer,Corporate,South,Kerala,Kozhikode,Office Supplies,Paper,Legal Pad,"? 2,445.4",7,40%,? 770.1
ORD-6325,05-06-2025,07-06-2025,First Class,CUST-1101,Priya Rao,Consumer,North,Delhi,New Delhi,Office Supplies,Storage,Filing Cabinet,"? 8,637.1",9,0%,"? 3,011.1"
ORD-6100,17-06-2024,18-06-2024,Standard Class,CUST-1101,Priya Rao,Consumer,West,Rajasthan,Udaipur,Office Supplies,Storage,Plastic Storage Box,"? 1,074.9",2,20%,-? 3.4
ORD-6808,09-03-2024,12-03-2024,Standard Class,CUST-1083,Karthik Raj,Consumer,South,Kerala,Kochi,Office Supplies,Binders,Presentation Binder,? 675.6,8,10%,-? 29.3
ORD-5632,24-01-2024,31-01-2024,First Class,CUST-1146,Karthik Chandran,Corporate,EAST,Bihar,Patna,Office Supplies,Binders,3-Ring Binder,"? 4,596.6",8,30%,? 516.6
ORD-5039,01-02-2025,05-02-2025,Second Class,CUST-1148,Arjun Nair,Home Office,North,Haryana,Gurugram,Technology,Phones,Cordless Landline Phone,"? 59,079.0",6,10%,"? 4,235.5"
ORD-6774,03-05-2024,07-05-2024,Second Class,CUST-1065,Arun Iyer,Corporate,West,Rajasthan,Udaipur,Technology,Accessories,Laptop Sleeve,"? 31,952.0",5,0%,"? 6,204.2"
ORD-6448,09-09-2024,13-09-2024,First Class,CUST-1161,Pooja Nair,Consumer,West,Rajasthan,Udaipur,Furniture,Chairs,Wooden Study Chair,"? 42,723.0",4,0%,"-? 3,710.0"
ORD-5216,18-11-2025,19-11-2025,Standard Class,CUST-1126,Ramesh Naidu,Consumer,South,Andhra Pradesh,Vijayawada,Technology,Phones,Bluetooth Headset,"? 1,73,654.3",8,15%,"-? 3,114.9"
ORD-5946,07-08-2025,09-08-2025,Standard Class,CUST-1076,Lakshmi Naidu,Home Office,West,Gujarat,Vadodara,Technology,Machines,Laminating Machine,"? 75,771.0",3,30%,"-? 6,976.6"
ORD-5469,26-12-2025,30-12-2025,Same Day,CUST-1185,Pooja Sharma,Corporate,East,West Bengal,Kolkata,Office Supplies,Storage,Plastic Storage Box,? 324.7,1,10%,? 86.8
ORD-6543,28-02-2024,03-03-2024,Second Class,CUST-1042,Pooja Nambiar,Corporate,North,Haryana,Gurugram,Office Supplies,Paper,A4 Copy Paper (500 sheets),"? 5,268.4",5,10%,-? 228.0
ORD-6627,15-08-2025,22-08-2025,Standard Class,CUST-1191,Manoj Menon,Home Office,South,Tamil Nadu,Chennai,Technology,Accessories,USB Mouse,"? 2,16,430.6",7,0%,"? 11,275.9"
ORD-6681,05-04-2024,10-04-2024,Standard Class,CUST-1070,Arjun Nair,Consumer,West,Gujarat,Ahmedabad,Technology,Phones,Smartphone A12,"? 1,05,331.9",8,20%,"? 25,652.7"
ORD-5172,31-05-2024,01-06-2024,Second Class,CUST-1015,Kavya Gowda,Home Office,West,Gujarat,Surat,Office Supplies,Envelopes,Courier Envelopes,"? 9,156.2",7,40%,"? 1,171.8"
ORD-5876,05-06-2024,08-06-2024,Second Class,CUST-1114,Ganesh Mahesh,Home Office,North,Punjab,Amritsar,Office Supplies,Envelopes,A4 Envelopes (Pack of 50),? 511.2,2,10%,-? 29.7
ORD-6599,30-06-2025,05-07-2025,First Class,CUST-1096,Anitha Sharma,Consumer,West,Rajasthan,Jaipur,Office Supplies,Paper,A4 Copy Paper (500 sheets),"? 2,614.6",2,20%,? 505.4
ORD-5213,19-02-2024,26-02-2024,Standard Class,CUST-1111,Priya Nambiar,Home Office,South,Andhra Pradesh,Visakhapatnam,Office Supplies,Labels,Barcode Labels,? 251.7,1,15%,? 15.2
ORD-6628,15-03-2024,20-03-2024,Standard Class,CUST-1129,Naveen Varma,Home Office,South,Karnataka,Mysuru,Furniture,Tables,Conference Table 6-Seater,"? 82,792.7",9,15%,"? 24,347.5"
ORD-6518,27-07-2024,03-08-2024,Standard Class,CUST-1203,Karthik Menon,Home Office,West,Gujarat,Vadodara,Office Supplies,Paper,A4 Copy Paper (500 sheets),"? 4,615.8",5,0%,? 468.8
ORD-5567,25-11-2025,27-11-2025,Second Class,CUST-1068,Karthik Krishnan,Home Office,East,Jharkhand,Ranchi,Technology,Phones,Cordless Landline Phone,"? 19,545.0",9,20%,"? 2,867.2"
ORD-5284,05-12-2025,09-12-2025,Second Class,CUST-1060,Lakshmi Prasad,Home Office,East,Bihar,Patna,Technology,Machines,Laminating Machine,"? 85,298.9",7,30%,"? 4,041.1"
ORD-6499,12-05-2024,15-05-2024,Same Day,CUST-1110,Vijay Menon,Consumer,North,Haryana,Gurugram,Furniture,Chairs,Wooden Study Chair,"? 30,273.0",7,0%,"-? 4,373.3"
ORD-5802,06-03-2024,08-03-2024,Standard Class,CUST-1160,Sanjay Chandran,Home Office,North,Delhi,New Delhi,Office Supplies,Labels,Barcode Labels,"? 4,943.5",6,0%,-? 256.0
ORD-6647,13-09-2024,15-09-2024,First Class,CUST-1116,Priya Prasad,Consumer,East,West Bengal,Howrah,Technology,Machines,Label Printer,"? 1,04,681.5",5,0%,"? 12,809.4"
ORD-6810,19-08-2024,24-08-2024,Second Class,CUST-1138,Rohit Rao,Corporate,East,Odisha,Bhubaneswar,Technology,Copiers,Multi-function Printer,"? 88,215.4",5,0%,"-? 4,243.7"
ORD-6813,04-12-2024,07-12-2024,Standard Class,CUST-1155,Revathi Nair,Corporate,South,Andhra Pradesh,Visakhapatnam,Office Supplies,Labels,Address Label Pack,"? 1,299.1",4,15%,? 151.0
ORD-6734,11-03-2025,14-03-2025,Standard Class,CUST-1063,Arjun Prasad,Consumer,South,Karnataka,Mysuru,Furniture,Bookcases,Metal Bookrack,"? 22,338.9",7,0%,"-? 3,193.2"
ORD-6657,27-08-2025,29-08-2025,Second Class,CUST-1029,Rahul Reddy,Home Office,East,Jharkhand,Ranchi,Office Supplies,Binders,Clip Binder,? 217.5,1,10%,-? 19.5
ORD-5466,13-04-2024,17-04-2024,First Class,CUST-1170,Anitha Kumar,Home Office,East,Bihar,Patna,Office Supplies,Binders,3-Ring Binder,"? 1,262.3",3,0%,? 319.9
ORD-6382,10-06-2025,17-06-2025,Standard Class,CUST-1162,Kiran Reddy,Consumer,East,Odisha,Bhubaneswar,Office Supplies,Binders,3-Ring Binder,? 420.1,1,10%,? 29.1
ORD-5404,30-01-2024,31-01-2024,Standard Class,CUST-1202,Ishita Reddy,Home Office,North,Haryana,Gurugram,Office Supplies,Storage,File Organizer Tray,"? 5,413.3",8,0%,? 198.1
ORD-6722,14-10-2024,18-10-2024,Same Day,CUST-1174,Sneha Rao,Corporate,East,Jharkhand,Ranchi,Technology,Accessories,Laptop Sleeve,"? 74,726.1",4,20%,"? 13,260.7"
ORD-6482,29-07-2024,31-07-2024,Second Class,CUST-1037,Sathish Sharma,Home Office,South,Tamil Nadu,Trichy,Technology,Phones,Cordless Landline Phone,"? 1,85,010.5",9,0%,"? 34,495.6"
ORD-5206,01-11-2025,02-11-2025,Same Day,CUST-1180,Nithya Prasad,Consumer,West,Gujarat,Ahmedabad,Technology,Machines,Label Printer,"? 41,752.9",5,40%,"? 11,507.4"
ORD-6084,24-09-2024,29-09-2024,Second Class,CUST-1175,Arun Iyer,Corporate,East,Odisha,Bhubaneswar,Technology,Copiers,Multi-function Printer,"? 2,53,244.3",9,10%,"? 73,015.8"
ORD-5233,25-08-2025,30-08-2025,First Class,CUST-1089,Swathi Verma,Corporate,West,Rajasthan,Jaipur,Office Supplies,Paper,Legal Pad,"? 2,630.3",2,30%,-? 341.1
ORD-5036,17-06-2024,20-06-2024,Same Day,CUST-1078,Sanjay Prasad,Corporate,East,Bihar,Patna,Technology,Copiers,Desktop Copier,"? 1,98,550.5",7,20%,"-? 20,817.7"
ORD-5673,14-08-2025,21-08-2025,Second Class,CUST-1032,Anjali Rao,Consumer,East,Bihar,Patna,Technology,Accessories,Power Bank,"? 2,43,630.8",9,40%,"? 83,727.6"
ORD-6027,01-08-2025,03-08-2025,Second Class,CUST-1140,Ramesh Iyer,Consumer,WEST,Gujarat,Ahmedabad,Office Supplies,Art,Highlighter Pack,"? 1,156.3",9,40%,? 241.9
ORD-6019,30-07-2024,03-08-2024,Second Class,CUST-1063,Arjun Prasad,Consumer,West,Maharashtra,Nagpur,Office Supplies,Binders,Clip Binder,"? 2,817.1",5,40%,? 511.5
ORD-5654,06-08-2024,10-08-2024,Same Day,CUST-1095,Manoj Subramaniam,Consumer,North,Punjab,Ludhiana,Office Supplies,Labels,Address Label Pack,? 346.3,2,30%,? 66.2
ORD-6009,21-05-2025,26-05-2025,Second Class,CUST-1055,Lakshmi Chandran,Consumer,North,Delhi,New Delhi,Technology,Machines,Laser Printer,"? 21,248.1",2,0%,"? 6,789.3"
ORD-6181,03-09-2024,10-09-2024,Standard Class,CUST-1065,Arun Iyer,Corporate,South,Karnataka,Mangaluru,Office Supplies,Labels,Barcode Labels,"? 7,795.2",7,0%,"? 2,279.3"
ORD-5580,25-12-2025,27-12-2025,Standard Class,CUST-1034,Anitha Raj,Corporate,East,Jharkhand,Ranchi,Office Supplies,Storage,Filing Cabinet,"? 1,691.1",4,15%,? 283.8
ORD-5746,11-01-2024,14-01-2024,Same Day,CUST-1073,Kiran Varma,Corporate,East,Odisha,Bhubaneswar,Office Supplies,Binders,Clip Binder,"? 2,488.6",8,20%,-? 255.4
ORD-6484,17-09-2025,20-09-2025,Second Class,CUST-1070,Arjun Nair,Consumer,West,Gujarat,Vadodara,Office Supplies,Binders,3-Ring Binder,"? 3,613.5",4,0%,? 676.8
ORD-5149,18-05-2024,22-05-2024,First Class,CUST-1192,Suresh Sharma,Corporate,South,Kerala,Kozhikode,Furniture,Tables,Compact Study Table,"? 22,526.4",7,40%,"-? 1,777.7"
ORD-6689,11-09-2025,13-09-2025,Second Class,CUST-1146,Karthik Chandran,Corporate,South,Karnataka,Bengaluru,Furniture,Bookcases,3-Shelf Bookcase,"? 24,508.7",7,30%,"? 3,584.7"
ORD-5322,08-09-2024,13-09-2024,First Class,CUST-1114,Ganesh Mahesh,Home Office,East,West Bengal,Howrah,Office Supplies,Envelopes,A4 Envelopes (Pack of 50),"? 2,999.7",5,40%,-? 200.3
ORD-6217,14-08-2024,21-08-2024,Same Day,CUST-1079,Divya Verma,Consumer,North,Punjab,Amritsar,Office Supplies,Paper,Sticky Notes Pack,"? 3,759.6",7,0%,-? 501.4
ORD-6609,19-09-2024,24-09-2024,First Class,CUST-1083,Karthik Raj,Consumer,North,Punjab,Ludhiana,Office Supplies,Paper,A4 Copy Paper (500 sheets),"? 1,107.5",2,10%,-? 78.5
ORD-5077,07-01-2025,12-01-2025,Standard Class,CUST-1112,Revathi Raj,Home Office,West,Maharashtra,Mumbai,Technology,Copiers,Desktop Copier,"? 1,24,259.3",6,30%,"? 40,351.2"
ORD-5552,27-03-2025,03-04-2025,Standard Class,CUST-1086,Ramesh Mahesh,Consumer,South,Karnataka,Bengaluru,Office Supplies,Art,Sketch Pen Set,"? 3,798.4",8,40%,? 708.0
ORD-5554,10-12-2024,13-12-2024,Same Day,CUST-1194,Pooja Reddy,Home Office,North,Uttar Pradesh,Lucknow,Technology,Copiers,Multi-function Printer,"? 61,242.3",2,0%,"? 4,805.1"
ORD-5101,07-02-2024,11-02-2024,Same Day,CUST-1060,Lakshmi Prasad,Home Office,East,Odisha,Bhubaneswar,Technology,Phones,Cordless Landline Phone,"? 1,51,418.5",5,40%,"? 52,171.2"
ORD-6796,07-09-2024,09-09-2024,Standard Class,CUST-1208,Anitha Mahesh,Home Office,South,Tamil Nadu,Coimbatore,Office Supplies,Storage,Filing Cabinet,? 149.3,1,40%,? 43.5
ORD-6148,30-12-2024,04-01-2025,Same Day,CUST-1063,Arjun Prasad,Consumer,West,Rajasthan,Udaipur,Technology,Machines,Label Printer,"? 2,510.8",1,15%,? 301.4
ORD-5009,12-10-2025,16-10-2025,Second Class,CUST-1039,Naveen Nair,Corporate,West,Gujarat,Ahmedabad,Technology,Machines,Laminating Machine,"? 1,14,852.7",7,15%,"? 1,280.9"
ORD-6153,27-01-2025,01-02-2025,First Class,CUST-1105,Meena Naidu,Consumer,West,Rajasthan,Udaipur,Technology,Copiers,Desktop Copier,"? 45,866.3",8,0%,"-? 3,372.3"
ORD-6094,31-01-2024,07-02-2024,Second Class,CUST-1047,Suresh Reddy,Home Office,North,Haryana,Faridabad,Office Supplies,Storage,File Organizer Tray,? 274.9,3,15%,? 82.4
ORD-5251,26-10-2025,29-10-2025,Second Class,CUST-1124,Praveen Subramaniam,Corporate,South,Kerala,Kozhikode,Office Supplies,Labels,Address Label Pack,"? 1,131.9",2,15%,? 43.2
ORD-5917,19-06-2025,21-06-2025,Same Day,CUST-1080,Karthik Subramaniam,Consumer,West,Maharashtra,Pune,Technology,Machines,Laser Printer,"? 1,57,407.5",9,0%,"? 17,683.1"
ORD-5125,04-10-2024,05-10-2024,First Class,CUST-1086,Ramesh Mahesh,Consumer,South,Kerala,Kozhikode,Office Supplies,Binders,3-Ring Binder,"? 1,362.7",3,30%,? 428.5
ORD-6327,02-02-2024,04-02-2024,First Class,CUST-1140,Ramesh Iyer,Consumer,East,Odisha,Bhubaneswar,Furniture,Furnishings,Office Cushion,"? 94,395.0",9,0%,"-? 1,389.5"
ORD-5197,11-05-2025,16-05-2025,Second Class,CUST-1192,Suresh Sharma,Corporate,North,Delhi,New Delhi,Furniture,Furnishings,Desk Lamp,"? 41,649.9",3,10%,"? 11,978.1"
ORD-5929,03-11-2025,04-11-2025,Standard Class,CUST-1219,Praveen Rao,Home Office,North,Uttar Pradesh,Kanpur,Office Supplies,Storage,Plastic Storage Box,"? 11,570.1",8,0%,"? 4,025.4"
ORD-5068,18-01-2025,20-01-2025,Standard Class,CUST-1212,Manoj Verma,Consumer,South,Kerala,Kochi,Technology,Machines,Laser Printer,"? 76,894.7",3,40%,"? 5,713.3"
ORD-6569,16-02-2025,18-02-2025,First Class,CUST-1195,Ganesh Menon,Corporate,West,Rajasthan,Jaipur,Office Supplies,Labels,Address Label Pack,"? 2,104.7",3,30%,? 550.7
ORD-5952,13-01-2025,16-01-2025,Second Class,CUST-1178,Deepa Gowda,Home Office,East,Bihar,Patna,Office Supplies,Storage,Filing Cabinet,"? 6,503.1",8,40%,? 279.9
ORD-5075,09-12-2025,13-12-2025,First Class,CUST-1099,Naveen Verma,Consumer,North,Uttar Pradesh,Lucknow,Office Supplies,Binders,Clip Binder,"? 7,443.7",6,0%,-? 818.6
ORD-6572,26-02-2024,04-03-2024,Standard Class,CUST-1187,Anjali Subramaniam,Home Office,North,Haryana,Faridabad,Office Supplies,Envelopes,Courier Envelopes,"? 6,739.5",6,20%,-? 328.5
ORD-5903,21-08-2024,26-08-2024,Same Day,CUST-1214,Arjun Chandran,Consumer,West,Maharashtra,Nagpur,Office Supplies,Art,Whiteboard Markers,"? 7,407.6",7,40%,"? 2,106.3"
ORD-5042,13-05-2024,18-05-2024,Standard Class,CUST-1094,Priya Iyer,Consumer,North,Punjab,Ludhiana,Office Supplies,Binders,3-Ring Binder,"? 7,160.3",6,0%,-? 450.2
ORD-5944,11-09-2025,16-09-2025,Standard Class,CUST-1128,Sathish Krishnan,Consumer,South,Andhra Pradesh,Visakhapatnam,Office Supplies,Envelopes,Courier Envelopes,"? 7,260.8",9,0%,? 430.7
ORD-5536,14-04-2024,21-04-2024,First Class,CUST-1010,Ramesh Kumar,Consumer,West,Gujarat,Ahmedabad,Office Supplies,Envelopes,Courier Envelopes,"? 8,757.9",6,0%,"? 1,468.5"
ORD-6147,26-03-2024,30-03-2024,Same Day,CUST-1070,Arjun Nair,Consumer,South,Kerala,Kozhikode,Office Supplies,Binders,Presentation Binder,"? 4,036.4",3,0%,? 924.0
ORD-6577,12-08-2024,16-08-2024,Same Day,CUST-1150,Naveen Rao,Home Office,West,Rajasthan,Jaipur,Office Supplies,Labels,Address Label Pack,"? 9,103.1",7,15%,"? 1,399.5"
ORD-5918,12-12-2025,14-12-2025,Standard Class,CUST-1022,Sneha Verma,Corporate,South,Karnataka,Mysuru,Furniture,Bookcases,3-Shelf Bookcase,"? 5,063.1",1,10%,? 452.4
ORD-6106,06-12-2024,07-12-2024,Standard Class,CUST-1030,Pooja Verma,Consumer,West,Maharashtra,Mumbai,Furniture,Bookcases,Oak Bookcase,"? 23,159.7",2,10%,"-? 1,955.5"
ORD-5129,11-11-2024,15-11-2024,Standard Class,CUST-1160,Sanjay Chandran,Home Office,North,Uttar Pradesh,Lucknow,Furniture,Tables,Conference Table 6-Seater,"? 8,740.6",1,0%,? 235.6
ORD-5907,24-05-2024,26-05-2024,First Class,CUST-1122,Nithya Krishnan,Corporate,East,Odisha,Bhubaneswar,Office Supplies,Storage,File Organizer Tray,"? 6,723.3",7,0%,"? 1,005.5"
ORD-6365,19-05-2024,23-05-2024,First Class,CUST-1084,Karthik Raj,Corporate,South,Andhra Pradesh,Visakhapatnam,Technology,Phones,Bluetooth Headset,"? 67,230.0",2,0%,"? 15,380.9"
ORD-5778,20-06-2025,25-06-2025,Standard Class,CUST-1154,Priya Gowda,Home Office,East,West Bengal,Kolkata,Office Supplies,Binders,3-Ring Binder,"? 1,996.1",2,30%,? 212.2
ORD-6087,27-03-2024,03-04-2024,Same Day,CUST-1045,Praveen Mahesh,Consumer,West,Maharashtra,Mumbai,Office Supplies,Storage,File Organizer Tray,"? 8,931.2",6,0%,"? 2,131.4"
ORD-6754,16-01-2025,19-01-2025,First Class,CUST-1170,Anitha Kumar,Home Office,East,Odisha,Bhubaneswar,Furniture,Furnishings,Wall Clock,"? 17,498.2",3,10%,"? 3,389.3"
ORD-5234,23-07-2025,26-07-2025,First Class,CUST-1148,Arjun Nair,Home Office,West,Maharashtra,Nagpur,Technology,Phones,Cordless Landline Phone,"? 11,267.7",6,0%,"? 2,668.5"
ORD-5326,30-12-2025,31-12-2025,First Class,CUST-1047,Suresh Reddy,Home Office,East,Bihar,Patna,Technology,Copiers,Multi-function Printer,"? 20,156.8",4,0%,"? 3,250.9"
ORD-5965,02-02-2025,07-02-2025,First Class,CUST-1154,Priya Gowda,Home Office,North,Uttar Pradesh,Noida,Furniture,Furnishings,Wall Clock,"? 50,526.4",6,10%,-? 780.1
ORD-6143,02-12-2025,03-12-2025,Second Class,CUST-1174,Sneha Rao,Corporate,East,Jharkhand,Ranchi,Furniture,Furnishings,Desk Lamp,"? 26,004.3",8,40%,"? 3,523.8"
ORD-6562,02-09-2025,06-09-2025,Standard Class,CUST-1065,Arun Iyer,Corporate,East,Odisha,Bhubaneswar,Office Supplies,Paper,Legal Pad,"? 1,731.1",5,0%,-? 1.0
ORD-6330,26-11-2025,29-11-2025,First Class,CUST-1033,Sneha Subramaniam,Consumer,East,Jharkhand,Ranchi,Office Supplies,Labels,Barcode Labels,? 356.2,6,30%,-? 1.3
ORD-5057,20-04-2025,25-04-2025,First Class,CUST-1112,Revathi Raj,Home Office,East,Bihar,Patna,Furniture,Chairs,Wooden Study Chair,"? 8,111.4",1,20%,? 840.9
ORD-5555,22-05-2024,23-05-2024,Standard Class,CUST-1141,Pooja Rao,Consumer,South,Kerala,Kozhikode,Technology,Accessories,Laptop Sleeve,"? 2,49,876.3",9,30%,"? 45,006.3"
ORD-6308,19-03-2024,22-03-2024,Standard Class,CUST-1068,Karthik Krishnan,Home Office,North,Delhi,New Delhi,Office Supplies,Art,Highlighter Pack,? 769.3,1,0%,? 178.3
ORD-6660,07-07-2024,10-07-2024,First Class,CUST-1180,Nithya Prasad,Consumer,East,Bihar,Patna,Furniture,Bookcases,Oak Bookcase,"? 50,904.9",3,10%,"-? 7,623.8"
ORD-6621,10-02-2025,12-02-2025,Same Day,CUST-1118,Nithya Krishnan,Home Office,North,Uttar Pradesh,Lucknow,Technology,Accessories,Power Bank,"? 1,02,422.4",4,10%,"? 15,253.1"
ORD-5147,31-10-2025,02-11-2025,Same Day,CUST-1101,Priya Rao,Consumer,North,Delhi,New Delhi,Office Supplies,Binders,Clip Binder,? 794.8,4,20%,? 223.0
ORD-5319,04-12-2025,05-12-2025,Second Class,CUST-1144,Sneha Pillai,Home Office,North,Delhi,New Delhi,Furniture,Furnishings,Wall Clock,"? 96,902.0",8,0%,"-? 6,599.7"
ORD-6346,13-11-2024,15-11-2024,Standard Class,CUST-1144,Sneha Pillai,Home Office,West,Gujarat,Ahmedabad,Office Supplies,Labels,Barcode Labels,"? 5,751.0",6,0%,? 890.2
ORD-5127,25-08-2024,26-08-2024,Same Day,CUST-1043,Sanjay Nambiar,Corporate,North,Haryana,Faridabad,Furniture,Bookcases,Oak Bookcase,"? 66,095.0",7,0%,"? 12,548.0"
ORD-6218,13-05-2025,18-05-2025,Second Class,CUST-1015,Kavya Gowda,Home Office,South,Tamil Nadu,Trichy,Office Supplies,Labels,Address Label Pack,"? 3,024.1",5,0%,? 723.2
ORD-6616,31-10-2024,01-11-2024,Second Class,CUST-1098,Deepa Reddy,Corporate,North,Haryana,Gurugram,Furniture,Furnishings,Wall Clock,"? 1,12,824.3",9,10%,"? 1,352.9"
ORD-6086,09-04-2025,13-04-2025,Second Class,CUST-1143,Vijay Subramaniam,Consumer,South,Andhra Pradesh,Visakhapatnam,Office Supplies,Art,Highlighter Pack,"? 1,523.7",6,0%,? 58.0
ORD-6829,23-07-2025,27-07-2025,Second Class,CUST-1215,Meena Prasad,Corporate,South,Kerala,Thiruvananthapuram,Technology,Machines,Laminating Machine,"? 3,150.2",1,10%,? 329.1
ORD-5644,05-04-2024,06-04-2024,Second Class,CUST-1099,Naveen Verma,Consumer,South,Andhra Pradesh,Vijayawada,Office Supplies,Labels,Address Label Pack,"? 1,953.0",2,30%,-? 268.3
ORD-6457,28-12-2024,29-12-2024,Second Class,CUST-1056,Naveen Kumar,Home Office,North,Delhi,New Delhi,Office Supplies,Envelopes,Courier Envelopes,"? 2,489.5",6,20%,? 541.8
ORD-6509,03-11-2025,05-11-2025,Same Day,CUST-1120,Divya Nambiar,Consumer,East,Bihar,Patna,Furniture,Chairs,Wooden Study Chair,"? 70,952.9",8,20%,"-? 8,439.5"
ORD-6221,07-07-2024,10-07-2024,First Class,CUST-1040,Suresh Verma,Home Office,South,Andhra Pradesh,Visakhapatnam,Office Supplies,Binders,Presentation Binder,"? 4,139.9",3,10%,"? 1,012.8"
ORD-5939,09-02-2024,13-02-2024,Second Class,CUST-1003,Divya Rao,Consumer,South,Andhra Pradesh,Visakhapatnam,Office Supplies,Binders,3-Ring Binder,"? 7,897.3",8,30%,"? 1,773.1"
ORD-6650,16-08-2024,20-08-2024,Second Class,CUST-1091,Divya Iyer,Home Office,South,Kerala, Kozhikode  ,Technology,Phones,Smartphone A12,"? 63,940.7",4,40%,"? 13,519.8"
ORD-5342,27-04-2025,04-05-2025,Second Class,CUST-1172,Ramesh Krishnan,Corporate,South,Tamil Nadu,Trichy,Furniture,Furnishings,Office Cushion,"? 31,636.0",8,20%,? 196.8
ORD-6497,26-11-2025,27-11-2025,First Class,CUST-1167,Kiran Raj,Corporate,West,Gujarat,Vadodara,Office Supplies,Labels,Address Label Pack,"? 10,215.6",8,10%,"? 1,112.3"
ORD-5527,13-04-2025,17-04-2025,Standard Class,CUST-1019,Revathi Menon,Home Office,West,Rajasthan,Jaipur,Office Supplies,Binders,3-Ring Binder,"? 2,325.6",9,15%,? 426.4
ORD-6434,23-08-2025,30-08-2025,Second Class,CUST-1009,Anitha Balan,Home Office,South,Karnataka,Mangaluru,Office Supplies,Paper,Sticky Notes Pack,"? 4,869.9",8,10%,-? 291.6
ORD-6661,10-08-2024,12-08-2024,First Class,CUST-1180,Nithya Prasad,Consumer,West,Maharashtra,Pune,Office Supplies,Art,Whiteboard Markers,"? 4,479.0",6,30%,-? 23.2
ORD-5901,15-10-2024,17-10-2024,Standard Class,CUST-1194,Pooja Reddy,Home Office,South,Tamil Nadu,Chennai,Office Supplies,Envelopes,A4 Envelopes (Pack of 50),"? 9,870.8",8,0%,"? 3,342.1"
ORD-6474,09-10-2024,11-10-2024,Same Day,CUST-1089,Swathi Verma,Corporate,East,West Bengal,Howrah,Office Supplies,Binders,Presentation Binder,"? 6,940.4",6,30%,-? 151.3
ORD-6055,02-02-2025,03-02-2025,Standard Class,CUST-1207,Suresh Kumar,Consumer,East,Jharkhand,Ranchi,Furniture,Tables,Compact Study Table,"? 28,165.9",2,20%,"? 6,740.6"
ORD-5987,10-12-2024,12-12-2024,Standard Class,CUST-1102,Karthik Verma,Consumer,North,Haryana,Gurugram,Furniture,Chairs,Executive Recliner,"? 2,685.3",2,0%,? 928.9
ORD-5204,27-01-2024,03-02-2024,Second Class,CUST-1015,Kavya Gowda,Home Office,East,Bihar,Patna,Technology,Copiers,Multi-function Printer,"? 1,30,919.5",4,0%,"? 27,921.8"
ORD-5130,03-09-2025,08-09-2025,Second Class,CUST-1151,Deepa Rao,Consumer,North,Haryana,Gurugram,Office Supplies,Art,Sketch Pen Set,"? 3,427.7",4,0%,? 660.4
ORD-6288,18-02-2024,20-02-2024,Second Class,CUST-1132,Suresh Gowda,Consumer,West,Rajasthan,Udaipur,Office Supplies,Storage,Plastic Storage Box,"? 1,547.2",3,10%,-? 76.6
ORD-5324,06-04-2025,07-04-2025,Same Day,CUST-1189,Sanjay Menon,Home Office,West,Gujarat,Vadodara,Technology,Accessories,Power Bank,"? 68,627.7",3,0%,"-? 7,165.0"
ORD-5622,09-01-2024,12-01-2024,Standard Class,CUST-1142,Ramesh Menon,Home Office,NORTH,Haryana,Gurugram,Office Supplies,Art,Highlighter Pack,"? 1,250.9",6,30%,? 373.1
ORD-6772,28-09-2025,29-09-2025,Second Class,CUST-1174,Sneha Rao,Corporate,East,Bihar,Patna,Technology,Copiers,Desktop Copier,"? 4,823.4",3,0%,? 388.1
ORD-6185,17-01-2024,18-01-2024,Standard Class,CUST-1050,Naveen Prasad,Corporate,East,Jharkhand,Ranchi,Office Supplies,Binders,3-Ring Binder,"? 7,617.6",9,40%,"? 1,580.1"
ORD-5495,31-03-2025,01-04-2025,First Class,CUST-1186,Deepa Krishnan,Home Office,West,Rajasthan,Jaipur,Technology,Machines,Laser Printer,"? 42,523.5",4,10%,"? 14,460.5"
ORD-5026,28-02-2025,03-03-2025,First Class,CUST-1207,Suresh Kumar,Consumer,North,Delhi,New Delhi,Office Supplies,Labels,Barcode Labels,"? 3,778.1",6,30%,? 293.5
ORD-6721,21-02-2025,28-02-2025,Standard Class,CUST-1210,Deepa Nambiar,Consumer,East,Bihar,Patna,Office Supplies,Labels,Barcode Labels,"? 3,307.8",6,10%,-? 75.4
ORD-6357,23-05-2024,27-05-2024,First Class,CUST-1143,Vijay Subramaniam,Consumer,South,Karnataka,Mangaluru,Office Supplies,Envelopes,Courier Envelopes,? 345.1,1,0%,? 56.4
ORD-6099,27-11-2025,30-11-2025,Same Day,CUST-1189,Sanjay Menon,Home Office,North,Punjab,Ludhiana,Office Supplies,Envelopes,A4 Envelopes (Pack of 50),"? 2,690.1",2,0%,? 825.7
ORD-5513,02-08-2024,09-08-2024,Same Day,CUST-1071,Sneha Mahesh,Home Office,South,Andhra Pradesh,Vijayawada,Furniture,Furnishings,Wall Clock,"? 38,969.8",3,20%,"? 8,037.3"
ORD-6305,11-08-2024,12-08-2024,First Class,CUST-1112,Revathi Raj,Home Office,West,Rajasthan,Udaipur,Office Supplies,Envelopes,Courier Envelopes,"? 1,083.2",3,30%,-? 69.1
ORD-5318,25-02-2025,28-02-2025,Second Class,CUST-1129,Naveen Varma,Home Office,East,Bihar,Patna,Technology,Phones,Smartphone A12,"? 1,04,824.8",5,10%,"? 15,533.0"
ORD-5848,02-04-2024,09-04-2024,Second Class,CUST-1032,Anjali Rao,Consumer,East,Bihar,Patna,Office Supplies,Art,Sketch Pen Set,"? 8,067.4",8,20%,"? 1,834.4"
ORD-6386,02-12-2024,03-12-2024,Standard Class,CUST-1130,Divya Krishnan,Home Office,West,Maharashtra,Mumbai,Furniture,Chairs,Executive Recliner,"? 61,102.0",7,40%,"-? 1,855.3"
ORD-5335,03-07-2025,06-07-2025,First Class,CUST-1072,Meena Pillai,Home Office,East,Jharkhand,Ranchi,Technology,Machines,Laminating Machine,"? 71,395.1",4,20%,"? 17,832.2"
ORD-6389,06-05-2025,09-05-2025,Standard Class,CUST-1200,Naveen Balan,Home Office,East,Odisha,Bhubaneswar,Furniture,Bookcases,Metal Bookrack,"? 17,181.8",4,40%,"-? 1,868.7"
ORD-5618,09-02-2025,13-02-2025,Standard Class,CUST-1005,Arun Krishnan,Consumer,East,Bihar,Patna,Office Supplies,Art,Sketch Pen Set,? 507.0,3,10%,? 25.5
ORD-5227,06-04-2025,10-04-2025,Second Class,CUST-1033,Sneha Subramaniam,Consumer,West,Gujarat,Ahmedabad,Office Supplies,Binders,Presentation Binder,"? 11,382.0",9,0%,"? 2,229.8"
ORD-5713,26-05-2024,27-05-2024,Second Class,CUST-1155,Revathi Nair,Corporate,North,Uttar Pradesh,Noida,Technology,Machines,Label Printer,"? 9,449.6",6,0%,-? 43.1
ORD-5906,21-08-2024,23-08-2024,First Class,CUST-1065,Arun Iyer,Corporate,East,Jharkhand,Ranchi,Office Supplies,Paper,Sticky Notes Pack,? 239.2,2,20%,? 48.6
